,Word,Time,Prob
0,fucked,"[41.64, 42.0]",0.7688051462173462
1,shit,"[59.78, 60.14]",0.4304722845554352
2,bitch,"[138.78, 138.96]",0.9682885408401489
3,bitch,"[162.44, 162.62]",0.8785936236381531
4,"bitch,","[165.4, 165.72]",0.9919565916061401
5,shit?,"[235.66, 235.9]",0.43578389286994934
6,shit,"[241.22, 241.42]",0.9234138131141663
7,motherfucker,"[242.02, 242.6]",0.4699067783852418
8,motherfucker,"[242.02, 242.6]",0.4699067783852418
