,Word,Time,Prob
0,fuck,"[6.02, 6.48]",0.9604180455207825
1,motherfuckers,"[74.3, 75.24]",0.9969934423764547
2,motherfuckers,"[74.3, 75.24]",0.9969934423764547
