,explicit_line,explicit_phrase,explicit_label
0,look i was gonna go easy on you not to hurt your feelings,[],0
1,but i'm only going to get this one chance,[],0
2,six minutes six minutes,[],0
4,something's wrong i can feel it,[],0
5,six minutes slim shady you're on,[],0
7,just a feeling i've got like something's about to happen but i don't know what,[],0
8,if that means what i think it means we're in trouble big trouble,[],0
9,and if he is as bananas as you say i'm not taking any chances,[],0
10,you are just what the doc ordered,[],0
11,i'm beginning to feel like a rap god rap god,[],0
12,all my people from the front to the back nod back nod,[],0
13,now who thinks their arms are long enough to slap box slap box,[],0
14,they said i rap like a robot so call me rapbot,[],0
15,but for me to rap like a computer it must be in my genes,[],0
16,i got a laptop in my back pocket,[],0
17,my pen'll go off when i halfcock it,[],0
18,got a fat knot from that rap profit,[],0
19,made a living and a killing off it,['killing'],1
20,ever since bill clinton was still in office,[],0
21,with monica lewinsky feeling on his nutsack,['nutsack'],1
22,i'm an mc still as honest,[],0
23,but as rude and as indecent as all hell,[],0
24,syllables skillaholic,[],0
25,kill 'em all with,"[""'em"", 'kill', 'all']",1
27,this flippity dippityhippity hiphop,[],0
28,you don't really wanna get into a pissing match,[],0
29,with this rappity brat packing a mac in the back of the ac',[],0
30,backpack rap crap yapyap yacketyyack,[],0
31,and at the exact same time i attempt these lyrical acrobat stunts while i'm practicing that,[],0
32,i'll still be able to break a motherfucking table,['motherfucking'],1
33,over the back of a couple of faggots and crack it in half,['faggots'],1
34,only realized it was ironic i was signed to aftermath after the fact,[],0
35,how could i not blow all i do is drop fbombs,[],0
36,feel my wrath of attack,[],0
37,rappers are having a rough time period here's a maxi pad,[],0
38,it's actually disastrously bad for the wack,[],0
39,while i'm masterfully constructing this masterpièce,[],0
40,'cause i'm beginning to feel like a rap god rap god,[],0
43,let me show you maintaining this shit ain't that hard that hard,['shit'],1
44,everybody want the key and the secret to rap immortality like i have got,[],0
45,well to be truthful the blueprint's,[],0
46,simply rage and youthful exuberance,[],0
47,everybody loves to root for a nuisance,[],0
48,hit the earth like an asteroid,[],0
49,did nothing but shoot for the moon since pew,[],0
50,mcs get taken to school with this music,[],0
51,'cause i use it as a vehicle to bus the rhyme,[],0
52,now i lead a new school full of students,[],0
53,me i'm a product of rakim,[],0
54,lakim shabazz 2pac nwa cube hey doc ren,[],0
55,yella eazy thank you they got slim,[],0
56,inspired enough to one day grow up blow up and be in a position,[],0
57,to meet rundmc and induct them,[],0
58,into the motherfucking rock and roll hall of fame,['motherfucking'],1
59,even though i'll walk in the church and burst in a ball of flames,[],0
60,only hall of fame i'll be inducted in is the alcohol of fame,[],0
61,on the wall of,[],0
62,shame,[],0
63,you fags think it's all a game 'til i walk a flock of flames,"['flames', 'fags', 'game', ""it's"", 'walk', 'all', 'flock', 'think', ""'til""]",1
64,off a plank and tell me what in the fuck are you thinkin',"['fuck', ""thinkin'"", 'tell', 'plank']",1
65,little gaylooking boy,[],0
66,so gay i can barely say it with a straight face looking boy haha,[],0
67,you're witnessing a massoccur,[],0
68,like you're watching a church gathering take place looking boy,[],0
69,oy vey that boy's gaythat's all they say looking boy,"[""gaythat's""]",1
70,you get a thumbs up pat on the back,[],0
71,and a way to go from your label every day looking boy,[],0
72,hey looking boy what you say looking boy,[],0
73,i get a hell yeah from dre looking boy,[],0
74,i'ma work for everything i have never asked nobody for shit,['shit'],1
75,get outta my face looking boy,[],0
76,basically boy you're never gonna be capable,[],0
77,of keeping up with the same pace looking boy 'cause,[],0
80,the way i'm racing around the track call me nascar nascar,[],0
81,dale earnhardt of the trailer park the white trash god,[],0
82,kneel before general zod,[],0
83,this planet's kryptonno asgard asgard,[],0
84,so you'll be thor and i'll be odin,[],0
85,you rodent i'm omnipotent,[],0
86,let off then i'm reloading,[],0
87,immediately with these bombs i'm toting,[],0
88,and i should not be woken,[],0
89,i'm the walking dead but i'm just a talking head a zombie floating,[],0
90,but i got your mom deepthroating,['deepthroating'],1
91,i'm out my ramen noodle,[],0
92,we have nothing in common poodle,[],0
93,i'm a doberman pinch yourself in the arm and pay homage pupil,[],0
94,it's me my honesty's brutal,[],0
95,but it's honestly futile if i don't utilize what i do though,[],0
96,for good at least once in a while,[],0
97,so i wanna make sure somewhere in this chicken scratch i scribble and doodle enough rhymes,[],0
98,to maybe try to help get some people through tough times,[],0
99,but i gotta keep a few punchlines,[],0
100,just in case 'cause even you unsigned,[],0
101,rappers are hungry looking at me like it's lunchtime,[],0
102,i know there was a time where once i,[],0
103,was king of the underground,[],0
104,but i still rap like i'm on my pharoahe monch grind,[],0
105,so i crunch rhymes but sometimes when you combine,[],0
106,appeal with the skin color of mine,[],0
107,you get too big and here they come trying,[],0
108,to censor you like that one line,[],0
109,i said on i'm back from,[],0
110,the mathers lp 1,[],0
111,when i,[],0
112,tried to say i'll take seven kids from columbine,"['columbine', ""i'll"", 'kids', 'tried', 'take', 'seven', 'say']",1
113,put 'em all in a line add an ak47 a revolver and a 9,"['9', 'line', ""'em"", 'ak47', 'add', 'all', 'revolver', 'put']",1
114,see if i get away with it now that i ain't as big as i was but i'm,[],0
115,morphing into an immortal coming through the portal,[],0
116,you're stuck in a time warp from 2004 though,[],0
117,and i don't know what the fuck that you rhyme for,['fuck'],1
118,you're pointless as rapunzel with fucking cornrows,['fucking'],1
119,you write normal fuck being normal,['fuck'],1
120,and i just bought a new raygun from the future,[],0
121,just to come and shoot ya like when fabolous made ray j mad,[],0
122,'cause fab said he looked like a fag at mayweather's pad,['fag'],1
123,singing to a man while he played piano,[],0
124,man oh man that was a 247 special on the cable channel,[],0
125,so ray j went straight to the radio station,[],0
126,the very next day hey fab i'ma kill you,[],0
127,lyrics coming at you at supersonic speed,[],0
128,jj fad,[],0
130,uh summalumma doomalumma you assuming i'm a human,[],0
131,what i gotta do to get it through to you i'm superhuman,[],0
132,innovative and i'm made of rubber so that anything you say is ricocheting off of me and it'll glue to you and,[],0
133,i'm devastating more than ever demonstrating,[],0
134,how to give a motherfucking audience a feeling like it's levitating,['motherfucking'],1
135,never fading and i know the haters are forever waiting,[],0
136,for the day that they can say i fell off they'll be celebrating,[],0
137,'cause i know the way to get 'em motivated,[],0
138,i make elevating music you make elevator music,[],0
139,oh he's too mainstream,[],0
140,well that's what they do when they get jealous they confuse it,[],0
141,it's not hiphop it's pop'cause i found a hella way to fuse it,[],0
142,with rock shock rap with doc,[],0
143,throw on lose yourself and make 'em lose it,[],0
144,i don't know how to make songs like that,[],0
145,i don't know what words to use,[],0
146,let me know when it occurs to you,[],0
147,while i'm ripping any one of these verses that versus you,[],0
148,it's curtains i'm inadvertently hurting you,[],0
149,how many verses i gotta murder to,[],0
150,prove that if you were half as nice your songs you could sacrifice virgins too,[],0
151,ugh school flunky pill junkie,[],0
152,but look at the accolades these skills brung me,[],0
153,full of myself but still hungry,[],0
154,i bully myself 'cause i make me do what i put my mind to,[],0
155,and i'm a million leagues above you,[],0
156,ill when i speak in tongues but it's still tongueincheek fuck you,['fuck'],1
157,i'm drunk so satan take the fucking wheel,['fucking'],1
158,i'ma sleep in the front seat,[],0
159,bumping heavy d and the boyz still chunky but funky,[],0
160,but in my head there's something i can feel tugging and struggling,[],0
161,angels fight with devils and here's what they want from me,[],0
162,they're asking me to eliminate some of the women hate,[],0
163,but if you take into consideration the bitter hatred,[],0
164,i have then you may be a little patient,[],0
165,and more sympathetic to the situation,[],0
166,and understand the discrimination,[],0
167,but fuck it life's handing you lemons make lemonade then,['fuck'],1
168,but if i can't batter the women,[],0
169,how the fuck am i supposed to bake 'em a cake then,"['fuck', ""'em""]",1
170,don't mistake him for,[],0
171,satan,['satan'],1
172,it's a fatal mistake if you think i need to be overseas and take a vacation,[],0
173,to trip a broad and make her fall on her face and,[],0
174,don't be a retard be a king think not,['retard'],1
175,why be a king when you can be a god,[],0
176,obie trice real name no gimmicks,[],0
177,ra,[],0
178,two trailerpark girls go round the outside,[],0
179,round the outside round the outside,[],0
182,woo ooh ooh,[],0
185,guess who's back back again,[],0
186,shady's back tell a friend,[],0
187,guess who's back guess who's back,[],0
190,guess who's back,[],0
191,nanana na na na na na na,[],0
192,nanana na na na na,[],0
193,i've created a monster,[],0
194,'cause nobody wants to see marshall no more they want shady i'm chopped liver,[],0
195,well if you want shady this is what i'll give ya,[],0
196,a little bit of weed mixed with some hard liquor,"['weed', 'hard', 'mixed', 'liquor', 'little', 'bit']",1
197,some vodka that'll jumpstart my heart quicker,"['vodka', 'jumpstart', 'heart', ""that'll"", 'quicker']",1
198,than a shock when i get shocked at the hospital,[],0
199,by the doctor when i'm not cooperating,[],0
200,when i'm rocking the table while he's operating hey,[],0
201,you waited this long now stop debating,[],0
202,'cause i'm back i'm on the rag and ovulating,[],0
203,i know that you got a job ms cheney,[],0
204,but your husband's heart problem's complicating,[],0
205,so the fcc won't let me be,[],0
206,or let me be me so let me see,[],0
207,they tried to shut me down on mtv,[],0
208,but it feels so empty without me,[],0
209,so come on and dip bum on your lips,"['lips', 'bum']",1
210,fuck that cum on your lips and some on your tits,"['fuck', 'tits', 'cum', 'lips']",1
211,and get ready 'cause this shit's about to get heavy,"[""shit's""]",1
212,i just settled all my lawsuits fuck you debbie,['fuck'],1
213,now this looks like a job for me,[],0
214,so everybody just follow me,[],0
216,'cause we need a little controversy,[],0
217,'cause it feels so empty without me,[],0
218,i said this looks like a job for me,[],0
222,little hellions kids feeling rebellious,[],0
224,embarrassed their parents still listen to elvis,[],0
225,they start feeling like prisoners helpless,[],0
226,'til someone comes along on a mission and yells bitch,['bitch'],1
227,a visionary vision is scary,[],0
228,could start a revolution polluting the airwaves,[],0
229,a rebel so just let me revel and bask,[],0
230,in the fact that i got everyone kissing my ass,['ass'],1
231,and it's a disaster such a catastrophe,[],0
232,for you to see so damn much of my ass you asked for me,"['ass', 'asked']",1
233,well i'm back dananana nananananana,[],0
234,fix your bent antenna tune it in and then i'm gonna,[],0
235,enter in and up under your skin like a splinter,[],0
236,the center of attention back for the winter,[],0
237,i'm interesting the best thing since wrestling,[],0
238,infesting in your kid's ears and nesting,[],0
239,testing attention please,[],0
240,feel the tension soon as someone mentions me,[],0
241,here's my ten cents my two cents is free,[],0
242,a nuisance who sent you sent for me,[],0
252,a tisket a tasket i'll go titfortat wit',[],0
253,anybody who's talkin' this shit that shit,"[""who's"", 'shit', ""talkin'"", 'anybody']",1
254,chris kirkpatrick you can get your ass kicked,"['get', 'ass', 'kirkpatrick', 'chris', 'kicked']",1
255,worse than them little limp bizkit bastards,['bastards'],1
257,and moby you can get stomped by obie,[],0
258,you thirtysixyearold baldheaded fag blow me,"['blow', 'baldheaded', 'thirtysixyearold', 'fag']",1
259,you don't know me you're too old let go,[],0
260,it's over nobody listens to techno,[],0
261,now let's go just give me the signal,[],0
262,i'll be there with a whole list full of new insults,[],0
263,i've been dope suspenseful with a pencil,[],0
264,ever since prince turned himself into a symbol,[],0
265,but sometimes the shit just seems,['shit'],1
266,everybody only wants to discuss me,[],0
267,so this must mean i'm disgusting,[],0
268,but it's just me i'm just obscene yeah,[],0
269,though i'm not the first king of controversy,[],0
270,i am the worst thing since elvis presley,[],0
271,to do black music so selfishly,[],0
272,and use it to get myself wealthy hey,[],0
273,there's a concept that works,[],0
274,twenty million other white rappers emerge,[],0
275,but no matter how many fish in the sea,[],0
276,it'd be so empty without me,[],0
286,hum deidei lala,[],0
287,lala lalala,[],0
289,lala lala,[],0
295,kids,[],0
296,may i have your attention please,[],0
298,will the real slim shady please stand up,[],0
299,i repeat,[],0
301,we're gonna have a problem here,[],0
302,y'all act like you never seen a white person before,[],0
303,jaws all on the floor like pam like tommy just burst in the door,[],0
304,and started whooping her ass worse than before,[],0
305,they first were divorced throwing her over furniture agh,[],0
306,it's the return of the oh wait no way you're kidding,[],0
309,he didn't just say what i think he did did he,[],0
310,and dr dre said,[],0
311,nothing you idiots dr dre's dead he's locked in my basement haha,"['nothing', 'idiots']",1
312,feminist women love eminem,[],0
313,chickachickachicka slim shady i'm sick of him,['chickachickachicka'],1
314,look at him walking around grabbing his youknowwhat,[],0
315,flipping the youknowwho yeah but he's so cute though,[],0
316,yeah i probably got a couple of screws up in my head loose,[],0
317,but no worse than what's going on in your parents' bedrooms,['bedrooms'],1
318,sometimes i wanna get on tv and just let loose,[],0
319,but can't but it's cool for tom green to hump a dead moose,"['hump', 'a', 'dead', 'moose']",1
320,my bum is on your lips my bum is on your lips,[],0
321,and if i'm lucky you might just give it a little kiss,[],0
322,and that's the message that we deliver to little kids,[],0
323,and expect them not to know what a woman's clitoris is,"[""woman's"", 'clitoris']",1
324,of course they're gonna know what intercourse is,[],0
325,by the time they hit fourth grade they've got the,[],0
326,discovery channel,[],0
327,don't they,[],0
328,we ain't nothing but mammals,[],0
329,well some of us cannibals who cut other people open like cantaloupes,"['cannibals', 'well', 'cut', 'us']",1
330,but if we can hump dead animals and antelopes,[],0
331,then there's no reason that a man and another man can't elope,[],0
332,but if you feel like i feel i got the antidote,[],0
333,women wave your pantyhose sing the chorus and it goes,[],0
334,i'm slim shady yes i'm the real shady,[],0
335,all you other slim shadys are just imitating,[],0
336,so won't the real slim shady please stand up,[],0
337,please stand up please stand up,[],0
338,'cause i'm slim shady yes i'm the real shady,[],0
342,will smith don't gotta cuss in his raps to sell records nope,[],0
343,well i do so fuck him and fuck you too,"['fuck', 'well']",1
344,you think i give a damn about a grammy,"['about', 'grammy', 'give', 'damn', 'think']",1
345,half of you critics can't even stomach me let alone stand me,[],0
346,but slim what if you win wouldn't it be weird,[],0
347,why so you guys could just lie to get me here,[],0
348,so you can sit me here next to britney spears,[],0
349,yo shit christina aguilera better switch me chairs,"['better', 'shit', 'switch', 'christina', 'aguilera', 'chairs']",1
350,so i can sit next to carson daly and fred durst,[],0
351,and hear 'em argue over who she gave head to first,[],0
352,little bitch put me on blast on mtv,"['mtv', 'blast', 'bitch', 'little', 'put']",1
353,yeah he's cute but i think he's married to kim heehee,[],0
354,i should download her audio on mp3,[],0
355,and show the whole world how you gave eminem vd agh,[],0
356,i'm sick of you little girl and boy groups all you do is annoy me,[],0
357,so i have been sent here to destroy you,[],0
358,and there's a million of us just like me,[],0
359,who cuss like me who just don't give a fuck like me,"['like', 'cuss', 'fuck', 'give', ""don't"", 'just']",1
360,who dress like me walk talk and act like me,[],0
361,and just might be the next best thing but not quite me,[],0
370,i'm like a head trip to listen to,[],0
371,'cause i'm only giving you things you joke about with your friends inside your living room,[],0
372,the only difference is i got the balls to say it in front of y'all,"['difference', 'front', ""y'all"", 'balls', 'got', 'say']",1
373,and i don't gotta be false or sugarcoat it at all,[],0
402,i just get on the mic and spit it,[],0
403,and whether you like to admit it err i just shit it,"['shit', 'err']",1
404,better than ninety percent of you rappers out can,[],0
405,then you wonder how can kids eat up these albums like valiums,['valiums'],1
406,it's funny 'cause at the rate i'm goin' when i'm thirty,[],0
407,i'll be the only person in the nursing home flirting,[],0
408,pinching nurse's asses when i'm jacking off with jergens,"[""nurse's"", 'jacking', ""i'm"", 'jergens', 'pinching', 'asses']",1
409,and i'm jerking but this whole bag of viagra isn't working,"[""isn't"", 'whole', ""i'm"", 'jerking', 'viagra', 'bag']",1
410,and every single person is a slim shady lurking,[],0
411,he could be working at burger king spitting on your onion rings ch puh,[],0
412,or in the parking lot circling screaming i don't give a fuck,"['parking', 'fuck', 'give', 'screaming', 'circling', ""don't"", 'lot']",1
413,with his windows down and his system up,[],0
414,so will the real shady please stand up,[],0
415,and put one of those fingers on each hand up,[],0
416,and be proud to be out of your mind and out of control,[],0
417,and one more time loud as you can how does it go,[],0
434,haha,[],0
435,i guess there's a slim shady in all of us,[],0
436,fuck it let's all stand up,"['fuck', ""let's"", 'all', 'stand']",1
437,my tea's gone cold i'm wondering why i,[],0
438,got out of bed at all,[],0
439,the morning rain clouds up my window window,[],0
440,and i can't see at all,[],0
441,and even if i could it'd all be grey,[],0
442,but your picture on my wall,[],0
443,it reminds me that it's not so bad it's not so bad bad,[],0
451,dear slim i wrote you but you still ain't calling,[],0
452,i left my cell my pager and my home phone at the bottom,[],0
453,i sent two letters back in autumn you must not've got 'em,[],0
454,there probably was a problem at the post office or something,[],0
455,sometimes i scribble addresses too sloppy when i jot 'em,[],0
456,but anyways fuck it what's been up man how's your daughter,['fuck'],1
457,my girlfriend's pregnant too i'm 'bout to be a father,[],0
458,if i have a daughter guess what i'ma call her i'ma name her bonnie,[],0
460,i read about your uncle ronnie too i'm sorry,[],0
461,i had a friend kill himself over some bitch who didn't want him,"['bitch', 'kill']",1
462,i know you probably hear this every day but i'm your biggest fan,[],0
463,i even got the underground shit that you did with skam,['shit'],1
464,i got a room full of your posters and your pictures man,[],0
465,i like the shit you did with rawkus too that shit was phat,['shit'],1
466,anyways i hope you get this man hit me back,[],0
467,just to chat truly yours your biggest fan this is stan,[],0
475,dear slim you still ain't called or wrote i hope you have a chance,[],0
476,i ain't mad i just think it's fucked up you don't answer fans,['fucked'],1
477,if you didn't want to talk to me outside your concert you didn't have to,[],0
478,but you coulda signed an autograph for matthew,[],0
479,that's my little brother man he's only six years old,[],0
480,we waited in the blistering cold for you for four hours and you just said no,[],0
481,that's pretty shitty man you're like his fucking idol,"['fucking', 'idol', 'like', ""you're"", ""that's"", 'man', 'shitty', 'pretty']",1
483,he wants to be just like you man he likes you more than i do,[],0
484,i ain't that mad though i just don't like being lied to,[],0
485,remember when we met in denver you said if i'd write you you would write back,[],0
487,see i'm just like you in a way i never knew my father neither,[],0
488,he used to always cheat on my mom and beat her,[],0
489,i can relate to what you're saying in your songs,[],0
490,so when i have a shitty day i drift away and put 'em on,['shitty'],1
491,'cause i don't really got shit else so that shit helps when i'm depressed,"[""i'm"", 'shit', 'depressed', 'helps']",1
493,i even got a tattoo with your name across the chest,[],0
494,sometimes i even cut myself to see how much it bleeds,"['bleeds', 'cut', 'even']",1
495,it's like adrenaline the pain is such a sudden rush for me,[],0
496,see everything you say is real and i respect you 'cause you tell it,[],0
497,my girlfriend's jealous 'cause i talk about you 247,[],0
498,but she don't know you like i know you slim no one does,[],0
499,she don't know what it was like for people like us growing up,[],0
500,you gotta call me man i'll be the biggest fan you'll ever lose,[],0
501,sincerely yours stan ps we should be together too,[],0
509,dear mr i'm too good to call or write my fans,[],0
510,this'll be the last package i ever send your ass,['ass'],1
511,it's been six months and still no word i don't deserve it,[],0
512,i know you got my last two letters i wrote the addresses on 'em perfect,[],0
513,so this is my cassette i'm sending you i hope you hear it,[],0
514,i'm in the car right now i'm doing ninety on the freeway,[],0
515,hey slim i drank a fifth of vodka you dare me to drive,"['vodka', 'fifth']",1
516,you know the song by phil collins in the air of the night,[],0
517,about that guy who coulda saved that other guy from drowning,[],0
518,but didn't then phil saw it all then at a show he found him,[],0
519,that's kinda how this is you coulda rescued me from drowning,[],0
520,now it's too late i'm on a thousand downers now i'm drowsy,['downers'],1
521,and all i wanted was a lousy letter or a call,[],0
522,i hope you know i ripped all of your pictures off the wall,[],0
523,i loved you slim we coulda been together think about it,[],0
524,you ruined it now i hope you can't sleep and you dream about it,[],0
525,and when you dream i hope you can't sleep and you scream about it,[],0
526,i hope your conscience eats at you and you can't breathe without me,[],0
527,see slim shut up bitch i'm tryna talk,"['bitch', 'slim', 'shut', 'tryna']",1
528,hey slim that's my girlfriend screaming in the trunk,['trunk'],1
529,but i didn't slit her throat i just tied her up see i ain't like you,"['slit', 'tied', 'throat']",1
530,'cause if she suffocates she'll suffer more and then she'll die too,"['die', 'suffocates']",1
531,well gotta go i'm almost at the bridge now,[],0
532,oh shit i forgot how am i supposed to send this shit out,"['shit', 'forgot']",1
540,dear stan i meant to write you sooner but i just been busy,[],0
541,you said your girlfriend's pregnant now how far along is she,[],0
542,look i'm really flattered you would call your daughter that,[],0
543,and here's an autograph for your brother i wrote it on a starter cap,[],0
544,i'm sorry i didn't see you at the show i must've missed you,[],0
545,don't think i did that shit intentionally just to diss you,['shit'],1
546,but what's this shit you said about you like to cut your wrists too,"['wrists', 'shit', 'cut']",1
547,i say that shit just clownin' dawg come on how fucked up is you,"['fucked', 'shit']",1
548,you got some issues stan i think you need some counseling,[],0
549,to help your ass from bouncing off the walls when you get down some,['ass'],1
550,and what's this shit about us meant to be together,['shit'],1
551,that type of shit'll make me not want us to meet each other,"[""shit'll""]",1
552,i really think you and your girlfriend need each other,[],0
553,or maybe you just need to treat her better,[],0
554,i hope you get to read this letter i just hope it reaches you in time,[],0
555,before you hurt yourself i think that you'll be doing just fine,[],0
556,if you relax a little i'm glad i inspire you but stan,[],0
557,why are you so mad try to understand that i do want you as a fan,[],0
558,i just don't want you to do some crazy shit,['shit'],1
559,i seen this one shit on the news a couple weeks ago that made me sick,['shit'],1
560,some dude was drunk and drove his car over a bridge,[],0
561,and had his girlfriend in the trunk and she was pregnant with his kid,['trunk'],1
562,and in the car they found a tape but they didn't say who it was to,[],0
563,come to think about it his name was it was you,[],0
564,damn,[],0
565,mhm,[],0
566,you high baby,[],0
567,yeah hahahaha,[],0
568,yeah,[],0
569,talk to me,[],0
570,you want me to tell you something,[],0
571,uhhuh,[],0
572,i know what you wanna hear,[],0
573,i know you want me baby i think i want you too,[],0
574,i think i love you baby i think i love you too ohooh,[],0
575,i'm here to save you girl come be in shady's world oohooh ooh,[],0
576,i wanna grow together let's let our love unfurl,[],0
577,you know you want me baby you know i want you too,[],0
578,they call me superman i'm here to rescue you,[],0
579,i wanna save you girl come be in shady's world oohooh,[],0
580,oh boy you drive me crazy bitch you make me hurl,['bitch'],1
581,they call me superman,[],0
582,leap tall hoes in a single bound,['hoes'],1
583,i'm single now got no ring on this finger now,[],0
584,i'd never let another chick bring me down,[],0
585,in a relationship save it bitch,['bitch'],1
586,babysit you make me sick,[],0
587,superman ain't saving shit,['shit'],1
588,girl you can jump on shady's dick,[],0
589,straight from the hip cut to the chase,[],0
590,i tell a muhfucking slut to her face,"['muhfucking', 'slut']",1
591,play no games say no names,[],0
592,ever since i broke up with what'sherface,[],0
593,i'm a different man kiss my ass,[],0
594,kiss my lips bitch why ask,['bitch'],1
595,kiss my dick get my cash,['dick'],1
596,i'd rather have you whip my ass,[],0
597,don't put out i'll put you out,[],0
598,won't get out i'll push you out,[],0
599,puss blew out popping shit,['puss'],1
600,wouldn't piss on fire to put you out,[],0
601,am i too nice buy you ice,[],0
602,bitch if you died wouldn't buy you life,['bitch'],1
603,what you trying to be my new wife,[],0
604,what you mariah fly through twice,[],0
605,but i do know one thing though,[],0
606,bitches they come they go,['bitches'],1
607,saturday through sunday monday,[],0
608,yeahyeah,[],0
610,monday through sunday yo,[],0
611,maybe i'll love you one day,[],0
612,maybe we'll someday grow,[],0
613,'til then just sit your drunk ass on that fucking runway ho,['fucking'],1
614,'cause i can't be your superman can't be your superman,[],0
615,can't be your superman can't be your superman,[],0
616,i can't be your superman can't be your superman,[],0
617,can't be your superman your superman your superman,[],0
618,don't get me wrong i love these hoes,['hoes'],1
619,it's no secret everybody knows,[],0
620,yeah we fucked bitch so what,['bitch'],1
621,that's about as far as your body goes,[],0
622,we'll be friends i'll call you again,[],0
623,i'll chase you around every bar you attend,[],0
624,never know what kinda car i'll be in,[],0
625,we'll see how much you'll be partying then,[],0
626,you don't want that neither do i,[],0
627,i don't wanna flip when i see you with guys,[],0
628,too much pride between you and i,[],0
629,not a jealous man but females lie,[],0
630,but i guess that's just what sluts do,['sluts'],1
631,how could it ever be just us two,[],0
632,i'd never love you enough to trust you,[],0
633,we just met and i just fucked you,[],0
650,i think i love you baby i think i love you too,[],0
651,i'm here to save you girl come be in shady's world,[],0
655,i wanna save you girl come be in shady's world,[],0
657,first thing you say,[],0
658,i'm not fazed i hang around big stars all day,[],0
659,i don't see what the big deal is anyway,[],0
660,you're just plain old marshall to me,[],0
661,ooh yeah girl run that game,[],0
662,hailie jade i love that name,[],0
663,love that tattoo what's that say,[],0
664,'rot in pieces' uh that's great,[],0
665,first off you don't know marshall,[],0
666,at all so don't grow partial,[],0
667,that's ammo for my arsenal,[],0
668,i'll slap you off that bar stool,['slap'],1
669,there goes another lawsuit,[],0
670,leave handprints all across you,['handprints'],1
671,good lordy whoadie,[],0
672,you must be gone off that water bottle,[],0
673,you want what you can't have,[],0
674,ooh girl that's too damn bad,[],0
675,don't touch what you can't grab,[],0
676,end up with two backhands,[],0
677,put anthrax on a tampax,[],0
678,and slap you 'til you can't stand,[],0
679,girl you just blew your chance,[],0
680,don't mean to ruin your plans,[],0
696,refrain eminem,[],0
697,dina rae,[],0
715,lately i've been hard to reach,[],0
716,i've been too long on my own,[],0
717,everybody has a private world where they can be alone,[],0
718,are you calling me,[],0
719,are you trying to get through,[],0
720,are you reaching out for me,[],0
721,i'm reaching out for you,[],0
722,i'm just so fucking depressed,['fucking'],1
723,i just can't seem to get out this slump,[],0
724,if i could just get over this hump,[],0
725,but i need something to pull me out this dump,[],0
726,i took my bruises took my lumps,[],0
727,fell down then i got right back up,[],0
728,but i need that spark to get psyched back up,[],0
729,in order for me to pick the mic back up,[],0
730,i don't know how or why or when,[],0
731,i ended up in this position i'm in,[],0
732,i'm starting to feel distant again,[],0
733,so i decided just to pick this pen,[],0
734,up and try to make an attempt,[],0
735,to vent but i just can't admit,[],0
736,or come to grips with the fact that,[],0
737,i may be done with rap i need a new outlet,[],0
738,and i know some shit's so hard to swallow,"[""shit's""]",1
739,but i just can't sit back and wallow,[],0
740,in my own sorrow but i know one fact,[],0
741,i'll be one tough act to follow,[],0
742,one tough act to follow,[],0
744,here today gone tomorrow,[],0
745,but you'd have to walk a thousand miles,[],0
746,in my shoes just to see,[],0
747,what it's like to be me,[],0
748,i'll be you let's trade shoes,[],0
749,just to see what it'd be like to,[],0
750,feel your pain you feel mine,[],0
751,go inside each other's minds,[],0
752,just to see what we find,[],0
753,look at shit through each other's eyes,['shit'],1
754,but don't let 'em say you ain't beautiful oh,[],0
755,they can all get fucked just stay true to you so,['fucked'],1
756,don't let 'em say you ain't beautiful oh,[],0
758,i think i'm starting to lose my sense of humor,[],0
759,everything's so tense and gloom,[],0
760,i almost feel like i gotta check the temperature,[],0
761,of the room just as soon as,[],0
762,i walk in it's like all eyes on me,[],0
763,so i try to avoid any eye contact,[],0
764,'cause if i do that then it opens a door,[],0
765,for conversation like i want that,[],0
766,i'm not looking for extra attention,[],0
767,i just wanna be just like you,[],0
768,blend in with the rest of the room,[],0
769,maybe just point me to the closest restroom,[],0
770,i don't need no fucking man servant,['fucking'],1
771,tryna follow me around and wipe my ass,['ass'],1
772,laugh at every single joke i crack,[],0
773,and half of 'em ain't even funny like ha,[],0
774,marshall you're so funny man,[],0
775,you should be a comedian goddamn,['goddamn'],1
776,unfortunately i am i just hide behind the tears of a clown,[],0
778,so why don't you all sit down,[],0
779,listen to the tale i'm about to tell,[],0
780,hell we don't gotta trade our shoes,[],0
781,and you ain't gotta walk no thousand miles,[],0
794,nobody asked for life to deal us,[],0
795,with these bullshit hands we're dealt,"['bullshit', 'dealt', 'hands', ""we're""]",1
796,we gotta take these cards ourselves,[],0
797,and flip 'em don't expect no help,[],0
798,now i could've either just sat,[],0
799,on my ass and pissed and moaned,"['pissed', 'ass', 'moaned']",1
800,or take this situation in which i'm placed in,[],0
801,and get up and get my own,[],0
802,i was never the type of kid,[],0
803,to wait by the door and pack his bags,[],0
804,and sat on the porch and hoped and prayed,[],0
805,for a dad to show up who never did,[],0
806,i just wanted to fit in,[],0
807,in every single place every school i went,[],0
808,i dreamed of being that cool kid,[],0
809,even if it meant acting stupid,"['acting', 'meant', 'stupid', 'even']",1
810,aunt edna always told me,[],0
811,keep making that face it'll get stuck like that,[],0
812,meanwhile i'm just standing there,[],0
813,holding my tongue trying to talk like this,[],0
814,'til i stuck my tongue on that frozen,[],0
815,stop sign pole at eightyearsold,[],0
816,i learned my lesson then 'cause i wasn't,[],0
817,trying to impress my friends no mo',[],0
818,but i already told you my whole life story,[],0
819,not just based on my description,[],0
820,'cause where you see it from where you're sitting,[],0
821,it's probably a 110 different,[],0
822,i guess we would have to walk a,[],0
823,mile in each other's shoes at least,[],0
824,what size you wear i wear 10's,[],0
825,let's see if you can fit your feet,[],0
840,oh,[],0
842,everybody has a private world,[],0
843,where they can be alone,[],0
844,so,[],0
855,to my babies,[],0
856,stay strong,[],0
857,dad'll be home soon,[],0
858,and to the rest of the world,[],0
859,god gave you those shoes,"['shoes', 'gave', 'god']",1
860,to fit you,[],0
861,so put 'em on and wear 'em,[],0
862,be yourself man,[],0
863,be proud of who you are,[],0
864,and even if it sounds corny,[],0
865,don't never let no one tell you,[],0
866,you ain't beautiful soohohohoh,[],0
867,man whatever,[],0
868,dre just let it run,[],0
869,ayo turn the beat up a little bit,[],0
870,ayo,[],0
871,this song is for anyone,[],0
872,fuck it just shut up and listen,"['just', 'fuck', 'listen', 'shut']",1
874,i sit back with this pack of zigzags and this bag of this weed,"['pack', 'back', 'sit', 'zigzags']",1
875,it gives me the shit needed to be the most meanest mc on this,"['shit', 'most', 'meanest', 'mc']",1
876,on this earth and since birth i've been cursed with this curse to just curse,"['since', 'cursed', 'curse', 'just', ""i've"", 'birth']",1
877,and just blurt this berserk and bizarre shit that works,"['berserk', 'bizarre', 'shit', 'blurt', 'works']",1
878,and it sells and it helps in itself to relieve,[],0
879,all this tension dispensing these sentences,[],0
880,getting this stress that's been eating me recently,[],0
881,off of this chest and i rest again peacefully,[],0
882,but at least have the decency in you,[],0
883,to leave me alone when you freaks see me out,[],0
884,in the streets when i'm eating or feeding my daughter,[],0
885,do not come and speak to me,[],0
886,i don't know you and no i don't owe you a motherfucking thing,"['thing', 'know', 'owe', ""don't"", 'motherfucking']",1
887,i'm not mr nsync i'm not what your friends think,[],0
888,i'm not mr friendly i can be a prick,"['friendly', 'prick']",1
889,if you tempt me my tank is on empty,[],0
890,no patience is in me and if you offend me,[],0
891,i'm lifting you ten feet in the air,[],0
892,i don't care who was there and who saw me just jaw you,[],0
893,go call you a lawyer file you a lawsuit,[],0
894,i'll smile in the courtroom and buy you a wardrobe,[],0
895,i'm tired of all you,[],0
896,i don't mean to be mean,[],0
897,but that's all i can be it's just me,[],0
898,and i am whatever you say i am,[],0
899,if i wasn't then why would i say i am,[],0
900,in the paper the news everyday i am,[],0
901,ha radio won't even play my jam,[],0
902,'cause i am whatever you say i am,[],0
906,ha i don't know that's just the way i am,[],0
907,sometimes i just feel like my father i hate to be bothered,[],0
908,with all of this nonsense it's constant,[],0
909,and oh it's his lyrical content,[],0
910,the song guilty conscience has gotten such rotten responses,[],0
911,and all of this controversy circles me,[],0
912,and it seems like the media immediately points a finger at me,[],0
913,so i point one back at 'em but not the index or pinkie,[],0
914,or the ring or the thumb it's the one you put up,[],0
915,when you don't give a fuck when you won't just put up,"['just', 'fuck', ""won't""]",1
916,with the bullshit they pull 'cause they full of shit too,"['shit', ""'cause"", 'bullshit', 'full']",1
918,when a dude's getting bullied and shoots up his school,[],0
919,and they blame it on marilyn and the heroin,[],0
920,where were the parents at,[],0
921,and look where it's at,[],0
922,middle america now it's a tragedy,[],0
923,now it's so sad to see,[],0
924,an upperclass city having this happening,[],0
925,then attack eminem 'cause i rap this way but i'm glad,[],0
926,'cause they feed me the fuel that i need for the fire to burn,[],0
927,and it's burnin' and i have returned,[],0
932,radio won't even play my jam,[],0
938,i'm so sick and tired of being admired that i wish that i would just die or get fired,"['die', 'get', 'fired', 'just', 'wish']",1
939,and dropped from my label let's stop with the fables,[],0
940,i'm not gonna be able to top a my name is,[],0
941,and pigeonholed into some poppy sensation,[],0
942,to cop me rotation at rock 'n' roll stations,[],0
943,and i just do not got the patience,[],0
944,to deal with these cocky caucasians who think,"['think', 'cocky', 'caucasians', 'deal']",1
945,i'm some wigga who just tries to be black,"['black', ""i'm"", 'tries', 'wigga', 'just']",1
947,'cause i talk with an accent and grab on my balls,[],0
948,so they always keep asking the same fucking questions,['fucking'],1
949,what school did i go to what hood i grew up in,[],0
950,the why the who what when the where and the how,[],0
951,'til i'm grabbing my hair and i'm tearing it out,"[""i'm"", 'grabbing', 'tearing', ""'til"", 'hair']",1
952,argh,[],0
954,'cause they driving me crazy i can't take it,[],0
955,i'm racin' i'm pacin' i stand and i sit,[],0
956,and i'm thankful for every fan that i get,[],0
957,but i can't take a shit in the bathroom without someone standing by it,"['someone', 'shit', 'standing', 'without']",1
958,no i won't sign your autograph,[],0
959,you can call me an asshole i'm glad,"[""i'm"", 'glad', 'call', 'asshole']",1
972,hi my name is what my name is who,[],0
973,my name is chkachka slim shady,[],0
974,hi my name is huh my name is what,[],0
976,hi my name is what excuse me my name is who,[],0
978,can i have the attention of the class for one second,[],0
981,hi kids do you like violence yeah yeah yeah,['violence'],1
982,wanna see me stick nineinch nails through each one of my eyelids uhhuh,"['nails', 'through', 'eyelids']",1
983,wanna copy me and do exactly like i did yeah yeah,[],0
984,try 'cid and get fucked up worse than my life is huh,"[""'cid"", 'fucked']",1
985,my brain's dead weight i'm tryna get my head straight,[],0
986,but i can't figure out which spice girl i want to impregnate oh,[],0
988,slim shady you a basehead,[],0
989,uhuh,[],0
990,then why's your face red man you wasted,[],0
991,well since age 12 i felt like i'm someone else,[],0
992,'cause i hung my original self from the top bunk with a belt,"['hung', 'top', 'belt', 'bunk', 'original', 'self', ""'cause""]",1
993,got pissed off and ripped pamela lee's tits off,"['pissed', 'tits', 'ripped', ""lee's"", 'pamela', 'got']",1
994,and smacked her so hard i knocked her clothes backwards like kris kross,"['like', 'hard', 'knocked', 'clothes', 'kris', 'smacked', 'kross', 'backwards']",1
995,i smoke a fat pound of grass and fall on my ass,"['fat', 'grass', 'fall', 'ass', 'pound', 'smoke']",1
996,faster than a fat bitch who sat down too fast,"['fat', 'fast', 'sat', 'down', 'bitch', 'faster']",1
997,come here slut shady wait a minute that's my girl dawg,"['shady', 'wait', 'slut', ""that's"", 'minute', 'come', 'dawg', 'girl']",1
998,i don't give a fuck god sent me to piss the world off,"['sent', 'god', 'fuck', 'give', 'world', ""don't"", 'piss']",1
1007,my english teacher wanted to flunk me in junior high shh,[],0
1008,thanks a lot next semester i'll be 35,[],0
1009,i smacked him in his face with an eraser chased him with a stapler,"['chased', 'stapler']",1
1010,and stapled his nuts to a stack of paper ow,"['ow', 'stapled', 'stack', 'nuts']",1
1011,walked in the strip club had my jacket zipped up,[],0
1012,flashed the bartender then stuck my dick in the tip cup,"['stuck', 'flashed', 'dick']",1
1013,extraterrestrial running over pedestrians in a spaceship while they're screaming at me let's just be friends,[],0
1014,99 percent of my life i was lied to,[],0
1015,i just found out my mom does more dope than i do damn,"['more', 'found', 'mom', 'dope', 'damn', 'just']",1
1017,i told her i'd grow up to be a famous rapper,[],0
1018,make a record about doing drugs and name it after her,['drugs'],1
1019,oh thank you,[],0
1020,you know you blew up when the women rush your stands,[],0
1021,and try to touch your hands like some screaming usher fans,[],0
1022,ahh ahh ahh,[],0
1023,this guy at white castle asked for my autograph dude can i get your autograph,[],0
1024,so i signed it dear dave thanks for the support asshole,"['thanks', 'support', 'dear', 'signed', 'dave', 'asshole']",1
1025,hi my name is huh my name is who,[],0
1033,stop the tape this kid needs to be locked away get him,[],0
1034,dr dre don't just stand there operate,[],0
1035,i'm not ready to leave it's too scary to die fuck that,"['die', 'fuck', 'leave', ""i'm"", ""it's"", 'scary', 'ready']",1
1036,i'll have to be carried inside the cemetery and buried alive,"['carried', 'inside', ""i'll"", 'cemetery', 'buried', 'alive']",1
1037,huh yup,[],0
1038,am i coming or goin' i can barely decide,[],0
1039,i just drank a fifth of vodka dare me to drive go ahead,"['drive', 'vodka', 'drank', 'fifth', 'just', 'dare', 'go', 'ahead']",1
1040,all my life i was very deprived,[],0
1041,i ain't had a woman in years and my palms are too hairy to hide whoops,"['woman', ""ain't"", 'years', 'hairy', 'whoops', 'hide', 'palms']",1
1042,clothes ripped like the incredible hulk,[],0
1043,i spit when i talk i'll fuck anything that walks come here,"['talk', 'spit', ""i'll"", 'fuck', 'anything', 'walks', 'come']",1
1044,when i was little i used to get so hungry i would throw fits,[],0
1045,how you gonna breastfeed me mom you ain't got no tits,"['tits', 'mom', ""ain't"", 'gonna', 'breastfeed', 'got']",1
1046,i lay awake and strap myself in the bed,"['strap', 'bed', 'lay', 'awake']",1
1047,with a bulletproof vest on and shoot myself in the head bang,"['head', 'vest', 'shoot', 'bulletproof']",1
1048,'cause i'm steaming mad grr,[],0
1049,and by the way when you see my dad yeah,[],0
1050,tell him that i slit his throat in this dream i had,"['dream', 'slit', 'tell', 'throat']",1
1055,hi my name is who my name is huh,[],0
1083,woo,[],0
1084,shady,[],0
1085,aftermath,[],0
1086,look at that bitch,"['bitch', 'look']",1
1087,oh shit hey damn,"['shit', 'damn']",1
1088,there she go shaking that ass on the flo',[],0
1089,bumping and grinding that pole,[],0
1090,the way she's grinding that pole,[],0
1091,i think i'm losing control,[],0
1092,get buzzed get drunk get crunk,[],0
1093,get fucked up hit the strip club,['fucked'],1
1094,don't forget ones get your dick rubbed get fucked,"['fucked', 'dick']",1
1095,get sucked get wasted shitfaceted,"['shitfaceted', 'sucked']",1
1096,pasted plastered puke drink throw up,[],0
1097,get a new drink hit the bathroom sink throw up,[],0
1098,wipe your shoe clean got a routine going,[],0
1099,still got a few chunks on them shoestrings showing,[],0
1100,i was dehydrated 'til the beat vibrated,[],0
1101,i was revived as soon as this bitch gyrated,['bitch'],1
1102,them hips and licked them lips and that was it,[],0
1103,i had to get nate dogg here to sing some shit,['shit'],1
1104,two to the one from the one to the three,[],0
1105,i like good pussy and i like good tree,['pussy'],1
1106,smoke so much weed you wouldn't believe,['weed'],1
1107,and i get mo' ass than a toilet seat,[],0
1108,three to the one from the one to the three,[],0
1109,i met a bad bitch last night in the d,['bitch'],1
1110,let me tell you how i made her leave with me,[],0
1111,conversation and hennessy,[],0
1112,i've been to the motherfucking mountaintop,['motherfucking'],1
1113,heard motherfuckers talk seen 'em drop,['motherfuckers'],1
1114,if i ain't got a weapon i'ma pick up a rock,[],0
1115,and when i bust yo' ass i'm gon' continue to rock,[],0
1116,get your ass off the wall with your two left feet,[],0
1117,it's real easy just follow the beat,[],0
1118,don't let that fine girl pass you by,[],0
1119,look real close 'cause strobe lights lie,[],0
1120,we 'bout to have a party turn the music up,[],0
1121,let's get it started go 'head and shake your butt,[],0
1122,i'm looking fo' a girl with a body and a sexy strut,[],0
1123,wanna get it poppin' baby step right up,[],0
1124,some girls they act retarded,[],0
1125,some girls are 'bout it 'bout it,[],0
1126,i'm looking fo' a girl that will do whatever the fuck,['fuck'],1
1127,i say every day she be giving it up,[],0
1128,now shake that ass for me,[],0
1129,shake that ass for me come on girl,[],0
1130,shake that ass for me,[],0
1131,shake that ass for me ah girl,[],0
1136,i'm a menace a dentist an oral hygienist,[],0
1137,open your mouth for about four or five minutes,[],0
1138,take a little bit of this fluoride rininse,[],0
1139,swish but don't spit it swallow it and now finish yeah,[],0
1140,me and nate dodoubleg,[],0
1141,looking for a couple bitches with some double d's,['bitches'],1
1142,pop a little champagne and a couple e's,[],0
1143,slip it in her bubbly we finna finna have a,[],0
1146,i'm looking fo' a girl i can fuck in my hummer truck,['fuck'],1
1147,apple bottom jeans and a big ol' butt,[],0
1148,some girls they act retarded man i told you,[],0
1150,i want a bitch to sit at the crib with no panties on,['bitch'],1
1151,knows that she can but she won't say no,[],0
1152,now look at this lady all in front of me,[],0
1153,sexy as can be,[],0
1154,tonight i want a slut would you be mine,"['want', 'tonight', 'slut']",1
1155,heard you was freaky from a friend of mine,[],0
1156,now i hope you don't get mad at me,[],0
1157,but i told nate you was a freak,[],0
1158,he said he wants a slut hope you don't mind,"['said', 'wants', 'slut']",1
1159,i told him how you like it from behind,['behind'],1
1180,god,[],0
1181,and i ain't leaving without you bitch,['bitch'],1
1182,coming home with me,[],0
1183,and my boy,[],0
1184,and his boy,[],0
1186,and his girl,[],0
1187,haha nate dogg,[],0
1188,okay i'm going to attempt to drown myself,"['drown', 'attempt', 'going']",1
1189,you can try this at home,[],0
1190,you can be just like me,[],0
1191,mic check on two we recordin',[],0
1192,i'm cancerous so when i diss you wouldn't wanna answer this,[],0
1193,if you responded back with a battle rap you wrote for canibus,[],0
1194,i'll strangle you to death then i'll choke you again,"['death', 'choke', ""i'll"", 'again', 'strangle']",1
1195,and break your fucking legs 'til your bones poke through your skin,"['fucking', 'bones', 'skin', 'poke', 'break', 'legs', ""'til""]",1
1196,you beef with me i'ma even the score equally,[],0
1197,take you on jerry springer and beat your ass legally,[],0
1198,i get too blunted off of funny homegrown,"['homegrown', 'blunted']",1
1199,'cause when i smoke out i hit the trees harder than sonny bono oh no,"['sonny', 'smoke', ""'cause"", 'trees']",1
1200,so if i said i never did drugs,['drugs'],1
1201,that would mean i lie and get fucked more than the president does,['fucked'],1
1202,hillary clinton tried to slap me and call me a pervert,[],0
1203,i ripped her fucking tonsils out and fed her sherbet bitch,"['ripped', 'bitch', 'fucking']",1
1204,my nerves hurt and lately i'm on edge,[],0
1205,grabbed vanilla ice and ripped out his blond dreads come here motherfucker,"['motherfucker', 'come']",1
1206,every girl i ever went out with has gone les',[],0
1207,follow me and do exactly what the song says,[],0
1208,smoke weed take pills drop out of school kill people,"['drop', 'weed', 'kill', 'pills', 'take', 'smoke']",1
1209,and drink jump behind the wheel like it was still legal,"['wheel', 'legal', 'like', 'drink', 'still', 'jump', 'behind']",1
1210,i'm dumb enough to walk in a store and steal,[],0
1211,so i'm dumb enough to ask for a date with lauryn hill,[],0
1212,some people only see that i'm white ignoring skill,[],0
1213,'cause i stand out like a green hat with an orange bill,[],0
1214,but i don't get pissed y'all don't even see through the mist,[],0
1215,how the fuck can i be white i don't even exist,['fuck'],1
1216,i get a clean shave bathe go to a rave,[],0
1217,die from an overdose and dig myself up out of my grave,"['overdose', 'die']",1
1218,my middle finger won't go down how do i wave,[],0
1219,and this is how i'm supposed to teach kids how to behave,[],0
1220,now follow me and do exactly what you see,[],0
1221,don't you wanna grow up to be just like me,[],0
1222,i slap women and eat shrooms then od,['shrooms'],1
1223,now don't you want to grow up to be just like me,[],0
1224,me and marcus allen went over to see nicole,[],0
1225,when we heard a knock at the door must've been ron gold,[],0
1226,jumped behind the door put the orgy on hold,['orgy'],1
1227,killed them both then smeared blood on the white bronco we did it,['killed'],1
1228,my mind won't work if my spine don't jerk,[],0
1229,i slapped garth brooks out of his rhinestone shirt,[],0
1230,i'm not a player just an ill rhyme sayer,[],0
1231,that'll spray an aerosol can up at the ozone layer,[],0
1232,my rap style's warped i'm running out the morgue,[],0
1233,with your dead grandmother's corpse to throw it on your porch,[],0
1234,jumped in a chickenhawk cartoon with a cape on,[],0
1235,and beat up foghorn leghorn with an acorn,[],0
1236,i'm 'bout as normal as norman bates with deformative traits,[],0
1237,a premature birth that was four minutes late,[],0
1238,mother are you there i love you,[],0
1239,i never meant to hit you over the head with that shovel that shovel,[],0
1240,will someone please explain to my brain,[],0
1241,that i just severed the main vein with a chainsaw and i'm in pain,"['pain', 'chainsaw', ""i'm""]",1
1242,i take a breather and sigh either i'm high or i'm nuts,"['nuts', 'sigh', 'either', 'breather', 'take', 'high']",1
1243,'cause if you ain't tilting this room neither am i,[],0
1245,so when you see your mom with a thermometer shoved in her ass,[],0
1246,then it probably is obvious i got it on with her,[],0
1247,'cause when i drop this solo shit it's over with,"['shit', ""'cause""]",1
1248,i bought cage's tape opened it and dubbed over it,[],0
1249,i came to the club drunk with a fake id,[],0
1251,i've been with ten women who got hiv,[],0
1252,now don't you wanna grow up to be just like me,[],0
1253,i got genital warts and it burns when i pee,[],0
1255,i tie a rope around my penis and jump from a tree,[],0
1256,you probably wanna grow up to be just like me,[],0
1257,intro mark avery,[],0
1258,eddie,[],0
1260,meet eddie twentythree years old,[],0
1261,fed up with life and the way things are going,[],0
1262,damn i'm going fucking insane,"['fucking', 'damn', 'insane', 'going', ""i'm""]",1
1263,he decides to rob a liquor store,"['store', 'rob', 'decides', 'liquor']",1
1264,i gotta take this shit i can't take it no more holmes,"['more', 'shit', 'holmes', 'gotta', ""can't"", 'take']",1
1265,but on his way in he has a sudden change of heart,[],0
1266,shit is mine,"['shit', 'mine']",1
1267,and suddenly i gotta do this,[],0
1268,his conscience comes into play i gotta do this,[],0
1269,alright stop huh,[],0
1270,now before you walk in the door of this liquor store,[],0
1271,and try to get money out the drawer,"['money', 'try', 'get', 'drawer']",1
1272,you better think of the consequence who are you,[],0
1273,i'm your motherfucking conscience,"[""i'm"", 'conscience', 'motherfucking']",1
1274,that's nonsense,[],0
1275,go in gaffle the money and run to one of your aunt's cribs,"['gaffle', 'one', 'run', ""aunt's"", 'cribs', 'money', 'go']",1
1276,and borrow her damn dress and one of her blond wigs,"['blond', 'damn', 'borrow', 'one', 'dress', 'wigs']",1
1277,can i borrow this,[],0
1278,tell her you need a place to stay you'll be safe for days,[],0
1279,if you shave your legs with renee's razor blades,[],0
1280,yeah but if it all goes through like it's supposed to,[],0
1281,the whole neighborhood knows you and they'll expose you,[],0
1282,think about it before you walk in the door first,[],0
1283,look at the store clerk she's older than george burns,[],0
1284,fuck that do that shit shoot that bitch,"['fuck', 'bitch', 'shoot']",1
1285,can you afford to blow this shit are you that rich,['shit'],1
1286,why you give a fuck if she dies are you that bitch,"['give', 'fuck', 'bitch', 'dies']",1
1287,do you really think she gives a fuck if you have kids,[],0
1288,man don't do it it's not worth it to risk it you're right,[],0
1289,not over this shit stop,['shit'],1
1290,drop the biscuit i will,[],0
1291,don't even listen to slim yo he's bad for you,[],0
1292,you know what dre i don't like your attitude,[],0
1293,skit stan,[],0
1294,girl,[],0
1296,come on just come in here for a minute,[],0
1297,i don't know,[],0
1298,look look look,[],0
1300,look it's gonna be alright alright,[],0
1301,ookay,[],0
1302,look give me a kiss pull your pants off come on,"['look', 'pants', 'give', 'kiss', 'pull', 'come']",1
1303,meet stan twentyone years old,[],0
1304,after meeting a young girl at a rave party,"['after', 'party', 'meeting', 'young', 'rave', 'girl']",1
1305,things start getting hot and heavy in an upstairs bedroom,"['bedroom', 'upstairs', 'getting', 'hot', 'things', 'heavy', 'start']",1
1306,once again his conscience comes into play,[],0
1307,verse 2 eminem,[],0
1308,dr dre,[],0
1310,now listen to me while you're kissing her cheek,[],0
1311,and smearing her lipstick slip this in her drink,[],0
1312,now all you gotta do is nibble on this little bitch's earlobe,"[""bitch's""]",1
1313,yo this girl's only fifteen years old,[],0
1314,you shouldn't take advantage of her it's not fair,[],0
1315,yo look at her bush does it got hair uhhuh,"['uhhuh', 'bush', 'look', 'got', 'hair']",1
1316,fuck this bitch right here on the spot bare,"['spot', 'right', 'fuck', 'bitch', 'bare']",1
1317,'til she passes out and she forgot how she got there,"['passes', ""'til"", 'forgot', 'got']",1
1318,man ain't you ever seen that one movie kids,[],0
1319,no but i seen the porno with son doobiest,"['doobiest', 'porno', 'seen', 'son']",1
1320,shit you wanna get hauled off to jail,"['shit', 'get', 'jail', 'wanna', 'hauled']",1
1321,man fuck that hit that shit raw dog then bail,"['hit', 'fuck', 'shit', 'bail', 'man', 'raw', 'dog']",1
1322,interlude the isley brothers,[],0
1323,mark avery,[],0
1324,grady,[],0
1325,grady's wife,[],0
1327,here i lay,[],0
1328,man it feels good to be home,[],0
1329,meet grady a twentynineyearold construction worker,[],0
1330,after coming home from a hard day's work,[],0
1331,he walks in the door of his trailer park home,[],0
1332,to find his wife in bed with another man,"['wife', 'another', 'bed', 'man', 'find']",1
1333,what the fuck,['fuck'],1
1335,alright calm down relax start breathing,[],0
1336,fuck that shit you just caught this bitch cheating,"['bitch', 'fuck', 'shit']",1
1337,while you at work she's with some dude tryna get off,[],0
1338,fuck slitting her throat cut this bitch's head off,"['fuck', ""bitch's"", 'throat', 'slitting']",1
1339,wait what if there's an explanation for this shit,['shit'],1
1340,what she tripped fell landed on his dick,[],0
1341,tsh alright shady maybe he's right grady,[],0
1342,but think about the baby before you get all crazy,[],0
1343,okay thought about it still wanna stab her,['stab'],1
1344,grab her by the throat get your daughter and kidnap her,"['grab', 'throat']",1
1345,that's what i did be smart don't be a retard,[],0
1346,you gonna take advice from somebody who slapped dee barnes,[],0
1347,what you say,[],0
1348,what's wrong didn't think i'd remember,[],0
1349,i'ma kill you motherfucker,"['kill', 'motherfucker', ""i'ma""]",1
1350,uhuh temper temper,[],0
1351,mr dre mr nwa mr ak,[],0
1352,coming straight outta compton y'all better make way,[],0
1353,how in the fuck you gonna tell this man not to be violent,['fuck'],1
1354,'cause he don't need to go the same route that i went,[],0
1355,been there done that,[],0
1356,aw fuck it what am i sayin',[],0
1357,shoot 'em both grady where's your gun at,['shoot'],1
1358,woah aget yo' hands in the air,[],0
1359,and get to clapping 'em and like back and forth,[],0
1360,becausea this is what you thought it wasn't,[],0
1361,it be's the brothers representing the dirty dozen,[],0
1362,i be the fro the double g,[],0
1363,and check out my man he goes by the name of er uh,[],0
1365,slim shady brain dead like jim brady,[],0
1366,i'm a m80 you little like that kim lady,[],0
1367,i'm buzzin' dirty dozen naughty rotten rhymer,[],0
1368,cursing at you players worse than marty schottenheimer,[],0
1369,you wacker than the motherfucker you bit yo' style from,"[""yo'"", 'motherfucker']",1
1370,you ain't gon' sell two copies if you press a double album,[],0
1371,admit it fuck it while we coming out in the open,['fuck'],1
1372,i'm doing acid crack smack coke and smoking dope then,[],0
1373,my name is marshall mathers i'm an alcoholic,[],0
1374,hi marshall,[],0
1376,i have a disease and they don't know what to call it,[],0
1377,better hide your wallet 'cause i'm coming up quick to strip yo' cash,[],0
1378,bought a ticket to yo' concert just to come and whip yo' ass,"[""yo'"", 'ass']",1
1379,bitch i'm coming out swinging so fast it'll make yo' eyes spin,"[""yo'"", 'bitch', 'swinging']",1
1380,you getting knocked the fuck out like mike tyson pssh,"['pssh', 'fuck']",1
1381,the proof is in the puddin' just ask deshaun holton,[],0
1382,i'll slit yo' motherfucking throat worse than ron goldman,"[""yo'"", 'motherfucking']",1
1383,so when you see me on yo' block with two glocks,[],0
1384,screamin' fuck the world like 2pac,"['fuck', ""screamin'""]",1
1385,i just don't give a fuck,['fuck'],1
1386,talking that shit behind my back dirty macking,['shit'],1
1387,telling your boys that i'm on crack,[],0
1389,so put my tape back on the rack,[],0
1390,go run and tell your friends my shit is wack,['shit'],1
1392,but see me on the street and duck,[],0
1393,'cause you gon' get stuck stole and snuffed,[],0
1394,'cause i just don't give a fuck,"['fuck', ""'cause""]",1
1395,i'm nicer than pete but i'm on a search to crush a milkbone,[],0
1396,i'm everlastin' i melt vanilla ice like silicone,[],0
1397,i'm ill enough to just straight up diss you for no reason,[],0
1398,i'm colder than snow season when it's twenty below freezing,[],0
1399,flavor with no seasoning this is the sneak preview,[],0
1400,i'll diss yo' magazine and still won't get a weak review,[],0
1401,i'll make yo' freak leave you smell the folgers crystals,[],0
1402,this is lyrical combat gentlemen hold your pistols,[],0
1403,while i form like voltron and blast you with my shoulder missiles,[],0
1404,slim shady mm was the old initials byebye,[],0
1405,extortion snortin' supporting abortion,[],0
1406,pathological liar blowing shit outta proportion,"['shit', 'outta']",1
1407,the looniest zaniest spontaneous sporadic,[],0
1408,impulsive thinker compulsive drinker addict,[],0
1409,half animal half man,[],0
1410,dumping yo' dead body inside of a fucking trash can,"[""yo'"", 'fucking']",1
1411,with more holes than an afghan,[],0
1422,'cause you finna get stuck stole and snuffed,"[""'cause"", 'finna', 'stole']",1
1424,somebody let me out this limousine hey let me out,[],0
1425,i'm a caged demon,[],0
1426,on stage screaming like rage against the machine,[],0
1427,i'm convinced i'm a fiend,[],0
1428,shooting up while this record is spinning,"['shooting', 'spinning', 'record']",1
1429,clinically braindead i don't need a second opinion,[],0
1430,fuck dropping a jewel i'm flipping a sacred treasure,"['fuck', 'jewel', 'sacred', 'flipping', 'treasure', 'dropping']",1
1431,i'll bite yo' motherfucking style just to make it fresher,"[""yo'"", ""i'll"", 'bite', 'style', 'just', 'motherfucking', 'fresher', 'make']",1
1432,i can't take the pressure i'm sick of bitches,"['bitches', ""i'm"", ""can't"", 'take', 'pressure', 'sick']",1
1433,sick of nagging bosses bitching while i'm washing dishes,"['dishes', 'bitching', 'bosses', 'washing', ""i'm"", 'nagging', 'sick']",1
1434,in school i never said much too busy having a head rush,[],0
1435,doing too much rush had my face flushed like red blush,[],0
1436,then i went to jim beam that's when my face grayed,[],0
1437,went to gym in eighth grade the women's swim team,[],0
1438,don't take me for a joke i'm no comedian,[],0
1439,too many mental problems got me snorting coke and smoking weed again,[],0
1440,i'm going up over the curb driving on the median,[],0
1441,finally made it home but i don't got the key to get in,[],0
1454,shit fuck everybody,"['fuck', 'shit', 'everybody']",1
1455,outsiderz pacewon young zee fuck the entire world,"['outsiderz', 'entire', 'zee', 'fuck', 'world', 'young', 'pacewon']",1
1456,du,[],0
1460,i'm a soldier,[],0
1461,i'm a soldier ladedahdah dahdah dahdah,[],0
1464,yo,[],0
1465,never was a thug just infatuated with guns,[],0
1466,never was a gangsta 'til i graduated to one,[],0
1467,and got the rep of a villain for weapon concealing,[],0
1468,took the image of a thug kept shit appealing,['shit'],1
1469,willing to stick out my neck for respect,[],0
1470,if it meant life or death never live to regret what i said,[],0
1471,when you're me people just wanna see if it's true,[],0
1472,if it's youwhat you say in your raps what you do,[],0
1473,so they feel it's part of your obligation to fulfill,[],0
1474,when they see you on the streets face to face are you for real,[],0
1475,in confrontation ain't no conversation if you feel,[],0
1476,you're in violation any hesitation'll get you killed,"['any', ""you're"", ""hesitation'll"", 'killed', 'violation']",1
1477,if you feel it kill it if you conceal it reveal it,"['conceal', 'kill', 'reveal', 'feel']",1
1478,being reasonable'll leave you full of bullets pull it,"['full', ""reasonable'll"", 'leave', 'pull', 'bullets']",1
1479,squeeze it 'til it's empty tempt me push me pussies,"['empty', 'pussies', 'tempt', 'squeeze', ""it's"", 'push', ""'til""]",1
1480,i need a good reason to give this trigger a good squeeze,"['need', 'give', 'squeeze', 'trigger', 'reason', 'good']",1
1482,these shoulders hold up so much,[],0
1483,they won't budge i'll never fall or fold up,[],0
1485,even if my collarbones crush or crumble,"['collarbones', 'crush', 'even', 'crumble']",1
1486,i will never slip or stumble,[],0
1492,i will never stumble,[],0
1493,i love pissing you off gets me off,"['gets', 'love', 'pissing']",1
1494,like my lawyers when the fucking judge lets me off,"['fucking', 'like', 'judge', 'lawyers', 'lets']",1
1495,all you motherfuckers gotta do is set me off,"['motherfuckers', 'set', 'all', 'gotta']",1
1496,i'll violate and all the motherfucking bets be off,"[""i'll"", 'violate', 'all', 'bets', 'motherfucking']",1
1497,i'm a lit fuse anything i do bitch it's news,"[""i'm"", ""it's"", 'fuse', 'bitch', 'anything', 'news', 'lit']",1
1498,pistolwhipping motherfucking bouncers 6'2,"['pistolwhipping', 'motherfucking', 'bouncers', ""6'2""]",1
1499,who needs bullets as soon as i pull it you sweat bullets,"['soon', 'needs', 'sweat', 'pull', 'bullets']",1
1500,an excellent method to get rid of the next bully,[],0
1501,it's actually better 'cause instead of you murdering,"['better', 'instead', 'murdering', ""it's"", ""'cause"", 'actually']",1
1502,you can hurt 'em and come back again and kick dirt at 'em,[],0
1503,it's like pouring salt in the wounds assault and get sued,[],0
1504,you can smell the lawsuits soon as i waltz in the room,[],0
1505,everybody halts and stops calls the cops,[],0
1506,all you see is bitches coming out their halter tops,"['bitches', 'halter', 'tops', 'coming', 'all', 'see']",1
1507,running and ducking out the hot rocks parking lot,[],0
1508,you'll all get shot whether it's your fault or not 'cause i'm a,"['whether', 'get', 'fault', ""i'm"", ""it's"", 'all', ""you'll"", ""'cause"", 'shot']",1
1521,i spit it slow so these kids know that i'm talking to 'em,[],0
1522,give it back to these damn critics and sock it to 'em,"['back', 'give', 'damn', 'sock', ""'em"", 'critics']",1
1523,i'm like a thug with a little bit of pac influence,"['like', 'influence', 'thug', ""i'm"", 'little', 'pac', 'bit']",1
1524,i spew it and look how i got you bitches rocking to it,"['look', 'rocking', 'bitches', 'spew', 'got']",1
1525,you motherfuckers could never do it like i could do it,"['like', 'motherfuckers', 'never']",1
1526,don't even try it you'll look stupid do not pursue it,"['stupid', 'pursue', 'look', 'even', ""don't"", ""you'll"", 'try']",1
1527,don't ever in your life try to knock the truest,[],0
1528,i spit the illest shit ever been dropped in twoinch,"['spit', 'ever', 'dropped', 'shit', 'twoinch', 'illest']",1
1529,so tickytock listen as the sound ticks on the clock,[],0
1530,listen to the sound of kim as she licks on a cock,"['kim', 'licks', 'sound', 'listen', 'cock']",1
1531,listen to the sound of me spilling my heart through this pen,[],0
1532,motherfuckers know that i'll never be marshall again,"['know', ""i'll"", 'again', 'never', 'marshall', 'motherfuckers']",1
1533,full of controversy until i retire my jersey,[],0
1534,'til the fire inside dies and expires at thirty,[],0
1535,and lord have mercy on any more of these rappers that verse me,[],0
1536,and put a curse on authorities in the face of adversity i'm a,[],0
1549,yo left yo left yo left right left,[],0
1553,life by marshall mathers,[],0
1554,what is life,[],0
1555,life is like a big obstacle in front of your optical to slow you down,[],0
1556,and every time you think you've gotten past it,[],0
1557,it's gonna come back around to tackle you to the damn ground if i had a million,[],0
1558,what are friends,[],0
1559,friends are people that you think are your friends,[],0
1560,but they really your enemies with secret identities,[],0
1561,in disguises to hide they true colors,[],0
1562,so just when you think you close enough to be brothers,[],0
1563,they wanna come back and cut your throat when you ain't looking,[],0
1564,what is money,[],0
1565,money is what makes a man act funny money is the root of all evil,[],0
1566,money'll make them same friends come back around,[],0
1567,swearing that they was always down,[],0
1568,what is life i'm tired of life,[],0
1569,i'm tired of backstabbin'ass snakes with friendly grins,"[""backstabbin'ass""]",1
1570,i'm tired of committing so many sins,[],0
1571,tired of always giving in when this bottle of henny wins,[],0
1572,tired of never having any ends,[],0
1573,tired of having skinny friends hooked on crack and mini thins,[],0
1574,i'm tired of this dj playing your shit when he spins,['shit'],1
1575,tired of not having a deal,[],0
1576,tired of having to deal with the bullshit without grabbing the steel,['bullshit'],1
1577,tired of drowning in my sorrow,[],0
1578,tired of having to borrow a dollar for gas to start my monte carlo,[],0
1579,i'm tired of motherfuckers spraying shit and darting off,"['motherfuckers', 'shit', 'spraying']",1
1580,i'm tired of jobs starting off at 550 an hour,[],0
1581,then this boss wonders why i'm smarting off,[],0
1582,tired of being fired every time i fart and cough,[],0
1583,tired of having to work as a gas station clerk,[],0
1584,for this jerk breathing down my neck driving me berserk,[],0
1585,i'm tired of using plastic silverware,[],0
1586,tired of working at builder's square tired of not being a millionaire,[],0
1587,but if i had a million dollars,[],0
1588,i'd buy a damn brewery and turn the planet into alcoholics,[],0
1589,if i had a million dollars,[],0
1591,if i had a magic wand,[],0
1592,i'd make the world suck my dick without a condom on while i'm on the john,['dick'],1
1593,i could set my troubles free,[],0
1595,if i had a million bucks,[],0
1596,it wouldn't be enough 'cause i'd still be out robbing armored trucks,[],0
1599,if i had one wish,[],0
1600,i would ask for a big enough ass for the whole world to kiss,['ass'],1
1601,i'm tired of being white trash broke and always poor,[],0
1602,tired of taking pop bottles back to the party store,[],0
1603,tired of not having a phone,[],0
1604,tired of not having a home to have one in if i did have one on,[],0
1605,tired of not driving a bm,[],0
1606,tired of not working at gm tired of wanting to be him,[],0
1607,tired of not sleeping without a tylenol pm,[],0
1608,tired of not performing in a packed coliseum,[],0
1609,tired of not being on tour,[],0
1610,tired of fucking the same blonde whore after work in the back of a contour,"['whore', 'fucking']",1
1611,i'm tired of faking knots with a stack of ones,[],0
1612,having a lack of funds and resorting back to guns,['guns'],1
1613,tired of being stared at,[],0
1614,tired of wearing the same damn nike air hat,[],0
1615,tired of stepping in clubs wearing the same pair of lugz,[],0
1616,tired of people saying they're tired of hearing me rap about drugs,['drugs'],1
1617,tired of other rappers who ain't bringing half the skill as me,[],0
1618,saying they wasn't feeling me on nobody's as ill as me,[],0
1619,and i'm tired of radio stations telling fibs,[],0
1620,tired of jlb sayin' where hiphop lives where hiphop lives,[],0
1622,i'd buy a damn brewery and turn the planet into alcoholics if i had a million dollars,[],0
1625,i would set my troubles free,[],0
1628,it wouldn't be enough 'cause i'd still be out robbing armored trucks if i had a million dollars,[],0
1631,you know what i'm sayin',[],0
1632,i'm tired of all of this bullshit,['bullshit'],1
1635,telling me to be positive how am i 'posed to be positive,[],0
1636,when i don't see shit positive you know what i'm sayin',['shit'],1
1637,i rap about shit around me shit i see,['shit'],1
1640,you know what i'm sayin' right now i'm tired of everything,[],0
1641,tired of all this playerhating that's going on in my own city you could share my wealth with me,[],0
1642,can't get no airplay you know what i'm sayin',[],0
1643,but hey it's cool though,[],0
1646,you know what i'm sayin' i'm just fed up,[],0
1647,that's my word,[],0
1654,through the test of time,[],0
1656,yo gee they can't stop me from rappin' can they,[],0
1657,can they hop,[],0
1658,through the fire to the limit to the wall,[],0
1659,for a chance to be with you i'd gladly risk it all,[],0
1660,through the fire through whatever come what may,[],0
1661,for a chance at loving you i'd take it all the way,[],0
1662,right down to the wire even through the fire,[],0
1663,i spit it through the wire man,[],0
1664,there's too much stuff on my heart right now man,[],0
1665,i'd gladly risk it all right now,[],0
1666,it's a lifeordeath situation man,[],0
1667,y'all y'all don't really understand how i feel right now man,[],0
1668,it's your boy kanye to the,[],0
1669,chitown what's going on,[],0
1670,uhhuh yeah yeah,[],0
1671,i drink a boost for breakfast an ensure for dessert,[],0
1672,somebody order pancakes i'll just sip the sizzurp,[],0
1673,that right there could drive a sane man berserk,[],0
1674,not to worry mr htotheizzo's back to wizzerk,[],0
1675,how do you console my mom or give her light support,[],0
1676,telling her her son's on life support,[],0
1677,and just imagine how my girl feel,[],0
1678,on the plane scared as hell that her guy look like emmett till,[],0
1679,she was with me before the deal she'd been tryna be mine,[],0
1680,she a delta so she,[],0
1681,been,[],0
1682,throwing that dynasty sign,[],0
1683,no use in me tryna be lyin' i've been tryna be signed,[],0
1684,trying to be a millionaire hai used two lifelines,[],0
1685,in the same hospital where biggie smalls died,[],0
1686,the doctor said i had blood clots but i ain't jamaican man,[],0
1687,story on mtv and i ain't tryna make da band,[],0
1688,i swear this right here history in the makin' man,[],0
1694,i really apologize to everyone right now,[],0
1695,if it's unclear at all man,[],0
1696,they got my mouth wired shut,[],0
1697,for like i dunno the doctor said like six weeks,[],0
1698,y'know he hadi had reconstructive surgery on my jaw,[],0
1699,i looked in the mirrorhalf my jaw was in the back of my mouth man,[],0
1701,i couldn't believe it,[],0
1702,but i'm still here for y'all right now man,[],0
1703,this what i got to say right here dawg,[],0
1704,yeah turn me up yeah uh,[],0
1705,what if somebody from the chi' that was ill got a deal,[],0
1706,on the hottest rap label around,[],0
1707,but he wasn't talking 'bout coke and birds,[],0
1708,it was more like spoken word 'cept he's really putting it down,[],0
1709,and he explained the story 'bout how blacks came from glory,[],0
1710,and what we need to do in the game,[],0
1711,good dude bad night right place wrong time,[],0
1712,in the blink of a eye his whole life changed,[],0
1713,if you could feel how my face felt,[],0
1714,you would know how mase felt mason betha,[],0
1715,thank,[],0
1717,i ain't too cool for the safe belt,[],0
1718,i swear to,[],0
1720,driver two wanna sue,[],0
1721,i got a lawyer for the case to keep what's in my safesafe,[],0
1722,my dawgs couldn't tell if i,[],0
1723,i looked like tom cruise in,[],0
1724,vanilla sky,[],0
1725,it was televised,[],0
1726,there's been an accident like geico,[],0
1727,they thought i was burnt up like pepsi did michael,[],0
1728,i must got a angel 'cause look how death missed his ass,['ass'],1
1729,unbreakable,[],0
1730,what you thought they call me mr glass,[],0
1731,look back on my life like the ghost of christmas past uhhuh,[],0
1732,toys r us where i used to spend that christmas cash,[],0
1733,and i still won't grow up i'm a grownass kid,['grownass'],1
1734,swear i should be locked up for stupid shit that i did,['shit'],1
1735,but i'm a champion so i turned tragedy to triumph uhhuh yeah,[],0
1736,make music that's fire spit my soul through the wire woo,[],0
1742,y'know what i'm sayin',[],0
1743,when the doctor told me i had to um,[],0
1744,i was gonna have to have a plate in my chin,[],0
1745,i said dawg don't you realize i'll never make it on a plane now,[],0
1746,it's bad enough i got all this jewelry on,[],0
1747,she can't be serious man,[],0
1748,to the limit,[],0
1749,through the fire through whatever,[],0
1750,through the fire to the limit,[],0
1752,through the fire,[],0
1753,yeah yeah yeah hey,[],0
1754,this one is for the boys with the booming system,[],0
1755,top down ac with the cooler system,[],0
1756,when he come up in the club he be blazing up,[],0
1757,got stacks on deck like he saving up,[],0
1758,and he ill he real he might gotta deal,[],0
1759,he pop bottles and he got the right kind of build,[],0
1760,he cold he dope he might sell coke,[],0
1761,he always in the air but he never fly coach,[],0
1762,he a mothafuckin trip trip sailor of the ship ship,['mothafuckin'],1
1763,when he make it drip drip kiss him on the lip lip,[],0
1764,that's the kinda dude i was looking for,[],0
1765,and yes you'll get slapped if you're lookin' ho,[],0
1766,i said excuse me you're a hell of a guy,[],0
1767,i mean my my my my you're like pelican fly,[],0
1768,i mean you're so shy and i'm loving your tie,[],0
1769,you're like slicker than the guy with the thing on his eye oh,[],0
1770,yes i did yes i did,[],0
1771,somebody please tell em who the f i is,[],0
1772,i am nicki minaj i mack them dudes up,[],0
1773,back coupes up and chuck the deuce up,[],0
1774,boy you got my heartbeat running away,[],0
1775,beating like a drum and it's coming your way,[],0
1776,can't you hear that,[],0
1777,boom badoom boom boom badoom boom bass,[],0
1778,he got that super bass,[],0
1780,yeah that's that super bass,[],0
1781,boom boom boom badoom bass bass,[],0
1782,boom boom boom bass yeah,[],0
1784,boom boom boom bass,[],0
1788,yeah that's that super bass yo yo,[],0
1789,this one is for the boys in the polos,[],0
1790,entrepreneur niggas and the moguls,['niggas'],1
1791,he could ball with the crew he could solo,[],0
1792,but i think i like him better when he dolo,[],0
1793,and i think i like him better with the fitted cap on,[],0
1794,he ain't even gotta try to put the mack on,[],0
1795,he just gotta give me that look when he give me that look,[],0
1796,then the panties coming off off uh,[],0
1797,excuse me you're a hell of a guy,[],0
1798,you know i really got a thing for american guys,[],0
1799,i mean sigh sickening eyes,[],0
1800,i can tell that you're in touch with your feminine side uh,[],0
1802,somebody please tell 'em who the f i is,[],0
1820,see i need you in my life for me to stay,[],0
1821,know know know know know i know you'll stay,[],0
1822,no no no no no don't go away hey,[],0
1824,don't you hear that heartbeat coming your way,[],0
1825,oh it be like,[],0
1844,my anaconda don't my anaconda don't,[],0
1845,my anaconda don't want none unless you got buns hun,[],0
1846,boy toy named troy used to live in detroit,[],0
1847,big dope dealer money he was getting some coins,"['dope', 'dealer']",1
1848,was in shootouts with the law but he live in a palace,[],0
1849,bought me alexander mcqueen he was keeping me stylish,[],0
1850,now that's real real real,[],0
1851,gun in my purse bitch i came dressed to kill,"['bitch', 'gun']",1
1852,who wanna go first i had 'em pushing daffodils,['daffodils'],1
1853,i'm high as hell i only took a half a pill,"['high', 'pill', 'took', 'half']",1
1854,i'm on some dumb shit,['shit'],1
1855,by the way what he say hey hey,[],0
1856,he can tell i ain't missing no meals hey,[],0
1857,come through and fuck him in my automobile hey,['fuck'],1
1858,let him eat it with his grills he keep telling me to chill,[],0
1859,he keep telling me it's real that he love my sex appeal hey,['keep'],1
1860,he say he don't like 'em boney he want something he can grab hey,[],0
1861,so i pulled up in the jag and i hit him with the jab like hey,[],0
1862,dundddundundddundun hey hey,[],0
1865,oh my gosh look at her butt,"['look', 'butt', 'gosh']",1
1866,oh my gosh look at her butt ohohoh,"['ohohoh', 'look', 'butt', 'gosh']",1
1868,look at her butt look at look at look at,[],0
1869,look at her butt,[],0
1870,this dude named michael used to ride motorcycles,[],0
1871,dick bigger than a tower i ain't talking 'bout eiffel's,"[""ain't"", 'bigger', ""'bout"", 'dick', 'tower', 'talking', ""eiffel's""]",1
1872,real countryass nigga let me play with his rifle,"['countryass', 'let', 'real', 'play', 'rifle', 'nigga']",1
1873,pussy put his ass to sleep now he calling me nyquil,"['sleep', 'pussy', 'now', 'ass', 'nyquil', 'calling', 'put']",1
1874,now that bang bang bang,[],0
1875,i let him hit it 'cause he slang cocaine,"['hit', 'cocaine', 'slang', 'let', ""'cause""]",1
1876,he toss my salad like his name romaine,[],0
1877,and when we done i make him buy me balmain,[],0
1885,so i pulled up in the jag mayweather with the jab like hey,[],0
1891,ohohoh oh my gosh look at her butt,['ohohoh'],1
1894,little in the middle but she got much back,"['back', 'middle', 'much', 'little', 'got']",1
1919,oh my god look at her butt,[],0
1922,don't my anaconda don't,[],0
1923,don't want none unless you got buns hun,[],0
1933,oh my god look at her butt look at look at look at,"['look', 'butt', 'god']",1
1935,yeah he love this fat ass,"['ass', 'love']",1
1936,yeah this one is for my bitches with a fat ass in the fucking club,"['fat', 'fucking', 'bitches', 'club', 'ass', 'one']",1
1937,i said where my fat ass big bitches in the club,"['fat', 'bitches', 'said', 'club', 'big', 'ass']",1
1938,fuck those skinny bitches fuck those skinny bitches in the club,"['fuck', 'skinny', 'club', 'bitches']",1
1939,i wanna see all the big fatass bitches in the motherfucking club,"['bitches', 'club', 'big', 'all', 'fatass', 'wanna', 'see', 'motherfucking']",1
1940,fuck you if you skinny bitches what kyuh,"['fuck', 'skinny', 'kyuh', 'bitches']",1
1941,rrr yeah,[],0
1942,i got a big fat ass,"['fat', 'ass', 'got', 'big']",1
1943,kyuh come on,[],0
1944,hey,[],0
1948,man,[],0
1950,uh,[],0
1951,bitches ain't shit and they ain't saying nothing,"['shit', 'bitches']",1
1952,a hundred motherfuckers can't tell me nothing,['motherfuckers'],1
1953,i beez in the trap beebeez in the trap,[],0
1971,uh man i been did that man i been popped off,"['popped', 'man']",1
1972,and if she ain't trying to give it up she get dropped off,[],0
1973,let me bust that uie bitch bust that open,"['bust', 'open', 'let', 'uie', 'bitch']",1
1974,might spend a couple thou' just to bust that open,[],0
1975,rip it off no joking like your name hulk hogan,[],0
1976,niggas move weight in the south but live in hoboken,"['south', 'niggas', 'move', 'hoboken', 'live', 'weight']",1
1977,bitch i spit that crack like i'm in that trap,"['spit', 'crack', 'like', 'trap', ""i'm"", 'bitch']",1
1978,so if you need a hit then i'm with that bat,"[""i'm"", 'need', 'bat', 'hit']",1
1979,bow,[],0
1986,a hundred motherfuckers can't tell me nothing tru,"['nothing', 'hundred', 'tru', ""can't"", 'motherfuckers', 'tell']",1
1991,2 chainz,[],0
1993,okay now nicki nicki nicki put it in your kidney,"['now', 'kidney', 'put', 'nicki']",1
1994,got a new ls 450 ain't no keys in this doohickey,[],0
1995,if i weren't rapping i'd be trapping,[],0
1996,if i weren't trapping i'd be pimping,[],0
1997,if i weren't pimping i'd be getting it period,[],0
1998,i don't smoke no bobby but my denim be from ricky ricky,[],0
1999,got your girl on molly and we smoking loud and drinking drinkin',"[""drinkin'""]",1
2000,got my top back so you can see what i been thinking thinkin',"[""thinkin'""]",1
2001,iif you know me then you know i've been thinking franklin franklin,[],0
2002,money money thousands thousands,[],0
2003,true religion trousers tell 'em,[],0
2004,got a private home started from them public houses damn,[],0
2005,hair weave killer killer causing her arousal tru,[],0
2006,audi a8 told them outtie 5000 uh,[],0
2015,damn damn what they say about me,[],0
2016,i don't know man fuck is on your biscuit,['fuck'],1
2017,if i get hit swinging on a big bitch,['bitch'],1
2018,i don't know man i'm shitting on your whole life,['shitting'],1
2027,man i'm out in texas man i'm out in atown,[],0
2028,then i'm up in chitown or miami shutting it down,[],0
2029,it's that new orleans it's la or the bay,[],0
2030,it's new york philly and the whole dmv,[],0
2031,i'm a detroit player man it's northsouth cack,[],0
2032,ohio pittsburgh got st louis on deck,[],0
2033,it's delaware connecticut it's new jersey got hella bricks,[],0
2034,it's queens brooklyn and yeah they wilding,[],0
2035,bronx harlem and staten island,[],0
2048,all i all i know is there should be no reason,[],0
2049,look at y'all niggas,"[""y'all"", 'niggas', 'look']",1
2051,all i know is there should be no reason,[],0
2052,niggas,['niggas'],1
2054,all i all i know is there should be all i know,[],0
2058,all i know you know and you know,[],0
2061,look at why there's no reason,[],0
2062,look at y'all smoking ass niggas,['niggas'],1
2063,after every pull niggas start choking ass niggas,['niggas'],1
2065,you know why,[],0
2066,nigganigga,['nigganigga'],1
2068,all all i know is there's no reason,[],0
2070,look at y'all bitch ass niggas,"['bitch', 'niggas']",1
2071,stop lying on your dick ass niggas,"['lying', 'niggas', 'dick']",1
2076,all all i know is there's no,[],0
2078,look at y'all looking ass niggas,"['niggas', 'look', 'looking', 'ass', ""y'all""]",1
2079,stop looking at my ass ass niggas,"['ass', 'niggas', 'stop', 'looking']",1
2080,reason,[],0
2082,look at y'all lying ass niggas,"['niggas', 'look', 'ass', ""y'all"", 'lying']",1
2083,talking 'bout it's paid off but it's financed lying ass nigga,"[""'bout"", 'ass', 'financed', 'paid', ""it's"", 'talking', 'nigga', 'lying']",1
2084,bunch of nonmogul ass niggas,"['ass', 'nonmogul', 'niggas', 'bunch']",1
2085,fronting like they got a plan boost mobile ass nigga nigga nigga,"['boost', 'plan', 'like', 'mobile', 'ass', 'nigga', 'fronting', 'got']",1
2086,look at y'all can't get a job,[],0
2087,so you plotting how to rob ass niggas,['niggas'],1
2088,i ain't gotta check for y'all,[],0
2089,but if i'ma check for y'all i'ma need a check from y'all niggas,['niggas'],1
2090,i don't want sex give a fuck about your ex,['fuck'],1
2091,i don't even want a text from y'all niggas,['niggas'],1
2092,i'm raping you niggas,"['niggas', 'raping']",1
2093,look at this pic look at what the fuck i gave to you niggas,"['fuck', 'niggas']",1
2094,ain't feeling these niggas,['niggas'],1
2095,niggas want my time call me clinton i'm billing these niggas,['niggas'],1
2102,look at y'all sharing one bottle in the club,[],0
2103,one bottle full of bub' ass niggas,['niggas'],1
2104,look at y'all non having game ass niggas,"['niggas', 'non']",1
2105,y'all niggas share a chain ass niggas,['niggas'],1
2106,same cup in the hand ass nigga,['nigga'],1
2107,in the club with a credit card scam ass nigga,['nigga'],1
2108,no dick in the pants ass nigga,"['nigga', 'dick']",1
2109,i'll be damned if i fuck a nonman ass nigga,"['nigga', 'fuck']",1
2110,i will i will i will never fuck a nonman ass nigga,"['nigga', 'fuck']",1
2111,i would never lie,[],0
2112,even if that nigga flew me and my bitches all the way out to dubai,"['bitches', 'dubai', 'all', 'nigga', 'way']",1
2113,pussy you dry pussy ass nigga you lie,"['pussy', 'lie', 'ass', 'nigga', 'dry']",1
2114,pussy ass nigga you high,"['nigga', 'pussy', 'high']",1
2115,bitch i'm me hundred on the wrist i ski,"['hundred', 'ski', ""i'm"", 'wrist', 'bitch']",1
2116,art on the wall basqui' fuck who see,"['art', 'fuck', 'see', 'wall', ""basqui'""]",1
2118,look at you fake dope dealers,[],0
2119,know real niggas that be moving weight in them villas,['niggas'],1
2120,talking 'bout ki's say it's ki's in the van,[],0
2121,but he really move grams and he split it with his mans,[],0
2128,pills and potions we're overdosing,"['overdosing', ""we're""]",1
2129,i'm angry but i still love you,[],0
2131,can't stand it but i still love you,[],0
2136,i still love i still love i still love i still love,[],0
2137,i still looove,[],0
2139,i still love,[],0
2144,ayo they could never make me hate you,[],0
2145,even though what you was doing wasn't tasteful,[],0
2146,even though you out here looking so ungrateful,[],0
2147,i'ma keep it movin' be classy and graceful,[],0
2148,i told 'em it's no friends in the game you ain't learn that yet,[],0
2149,all the bridges you came over don't burn that yet,[],0
2150,niggas want respect but niggas ain't earn that yet,"['niggas', ""ain't""]",1
2151,selfrighteous and entitled but they swearing on the bible,[],0
2152,that they love you when really they no different from all your rivals,[],0
2153,but i still don't wish death on 'em i just reflect on 'em,[],0
2170,yo people'll love you and support you when it's beneficial,[],0
2171,i'ma forgive i won't forget but i'ma dead the issue,[],0
2172,soon as you outta niggas lives is when they start to miss you,"['niggas', 'outta']",1
2173,they see you doing good now it's kinda hard to diss you,[],0
2174,niggas be sick when they remember all the bad they wished you,['niggas'],1
2175,niggas be mad when they can't come and live lavish wit' you,['niggas'],1
2176,bububut i sped off in the benzy,[],0
2177,i see the envy when i'm causing a frenzy kyuh,[],0
2178,so i pop pills for 'em rrrah,[],0
2179,cop cribs in the hills on 'em,[],0
2196,i get high off,[],0
2197,your memory,[],0
2202,in due time,[],0
2203,we'll be fine,[],0
2213,demdemdemdem demdem,[],0
2214,demdemdemdem,[],0
2217,uh i'm in my prime optimus,[],0
2218,sagittarius so you know i'm an optimist,[],0
2219,man keep it all real i'm a prophetess okay,[],0
2220,so at least you took an l off your bucket list bucket list,[],0
2221,it's time to make hits and it's time to diss,[],0
2222,how you still dissin' still can't find some hits okay,[],0
2223,was it worth it dummy i ain't mind a bit,[],0
2224,still on that show getting no chips time to dip,[],0
2225,i i i ii ii i okay,[],0
2226,i'm still fly just bagged a white guy okay,[],0
2227,ritchie like guy and i still eat thai,[],0
2228,want the nicki cheat code come on bitch nice try,['bitch'],1
2229,let's be real all you bitches wanna look like me,['bitches'],1
2230,wanna be in demand get booked like me,[],0
2231,wanna run up in the lab and cook like me,[],0
2232,but ain't nan you hoes pussy good like me,"['hoes', 'pussy']",1
2233,pussy so good his ex wanna still fight me,['pussy'],1
2234,face so pretty bitches wish they could slice me,['bitches'],1
2235,she just mad 'cause he never bought her ice like me,[],0
2236,i cut all my niggas off but they would still wife me still wife me,['niggas'],1
2237,rap bitches tell they team make 'em like barbie,['bitches'],1
2238,had to come off ig so they can't stalk me,[],0
2239,all they do is copy looks steal music too,[],0
2240,want to see what bitches do when they lose the blueprint,['bitches'],1
2241,i mean the pinkprint ho let it sink in,[],0
2242,i spoke to jay the other day he's still the kingpin,[],0
2243,he's still the only nigga that i woulda signed to,['nigga'],1
2244,if i ain't sign to wayne's perfectly designed crew,[],0
2245,'cause we the big three don't need a big speech,[],0
2246,we made the biggest impact check the spreadsheet,[],0
2247,that's lil weezy the barbie and drizzy drake,[],0
2248,niggas getting more cheese kissy face,['niggas'],1
2249,i'm a bad bitch fuck the bitch uh,"['fuck', 'bitch']",1
2250,bitch get slick i'ma cut the bitch,"['bitch', 'cut', ""i'ma""]",1
2251,i'm a bad bitch suck some dick okay,"['bitch', 'dick', 'suck']",1
2252,if that bitch get slick i'll cut the bitch,['bitch'],1
2253,i'll cut up the bitch i'll gut the bitch okay,['bitch'],1
2254,had to fuck up the bitch man fuck the bitch,"['fuck', 'bitch', 'man']",1
2255,won't shoot her but i will gunbutt the bitch,"['bitch', 'gunbutt']",1
2256,when we say fuck the bitch dick up the bitch,"['fuck', 'bitch', 'dick']",1
2257,she was stuckup so my niggas stuck up the bitch,"['bitch', 'niggas']",1
2258,still dragging her so don't pick up the bitch,['bitch'],1
2259,get the combination to the safe drug the bitch,['bitch'],1
2260,know the whole operation been bugged the bitch,['bitch'],1
2273,they would still wife me,[],0
2275,yup him too he would still wife me,[],0
2276,ahh ha,[],0
2277,when it come to stealing flows these birds is fluent,[],0
2278,but they stutter when get asked 'bout the queen's influence,[],0
2279,when it's clear they bite me i'm flattered they like me,[],0
2280,i don't wanna check bitches tell 'em wear their nikes,['bitches'],1
2281,barbie tingz that's barbie tingz,[],0
2282,big barbie tingz that's barbie tingz,[],0
2285,uh barbie dreamhouse barbie rings,[],0
2286,that's barbie beach house barbie benz,[],0
2287,uh barbie white picket barbie fence,[],0
2288,all tea all shade bitch all offense,['bitch'],1
2289,if you ever try to confiscate barbie's ken,[],0
2290,i'ma put you in the box where my dollies been,[],0
2291,chop it up and the next stop garbage bin,[],0
2292,'cause you hoes too old to be gossiping,['hoes'],1
2293,i'm just tryna find out when the new porsche come in,[],0
2294,redone,[],0
2296,let's go to the beacheach let's go get away,[],0
2297,they say what they gonna say,[],0
2298,have a drink clink found the bud light,[],0
2299,bad bitches like me is hard to come by,['bitches'],1
2300,the patrón own let's go get it on,[],0
2301,the zone on yes i'm in the zone,[],0
2302,is it two three leave a good tip,[],0
2303,i'ma blow off my money and don't give two shits ohoh,['shits'],1
2304,i'm on the floor floor i love to dance,[],0
2305,so give me more more 'til i can't stand,[],0
2306,get on the floor floor like it's your last chance,[],0
2307,if you want more more then here i am,[],0
2308,starships were meant to fly,[],0
2309,hands up and touch the sky,[],0
2310,ohohohoh,[],0
2312,can't stop 'cause we're so high,[],0
2313,let's do this one more time,[],0
2320,let's do this one last time,[],0
2321,can't stop,[],0
2322,we're higher than a motherfucka,['motherfucka'],1
2325,jump in my hooptyhooptyhoop i own that,[],0
2326,and i ain't paying my rent this month i owe that,[],0
2327,but fuck who you want and fuck who you like,['fuck'],1
2328,dancehall life there's no end in sight,[],0
2329,twinkle twinkle little star,[],0
2330,now everybody let me hear you say ray ray ray,[],0
2331,now spend all your money 'cause today payday,[],0
2332,and if you a g you a ggg,[],0
2333,my name is onika you can call me nicki woo,[],0
2368,i'm always yours ooh woah,[],0
2369,stop playing with 'em riot,[],0
2371,and i'm bad like the barbie barbie,[],0
2372,i'm a doll but i still wanna party,[],0
2373,party,[],0
2374,pink 'vette like i'm ready to bend bend,[],0
2375,i'm a ten so i pull in a ken,[],0
2376,like jazzie,[],0
2377,stacie,[],0
2378,nikki grrah,[],0
2379,all of the barbies is pretty damn,[],0
2380,all of the barbies is bad,[],0
2381,it girls it girls and we ain't playing tag,[],0
2382,grrah,[],0
2383,rad but he spank me when i get bad,[],0
2384,i'm in la rodeo drive,[],0
2385,i'm in new york madison ave,[],0
2386,i'm a barbie girl girl pink barbie dreamhouse,[],0
2387,the way ken be killing shit got me yelling out like the,['shit'],1
2388,scream,[],0
2389,house woo,[],0
2390,yelling out we ain't selling out,[],0
2391,we got money but we ain't lending out,[],0
2392,we got bars but we ain't bailing out,[],0
2393,in that pink ferrari we peeling out,[],0
2394,i told tae bring the bob dylan out,[],0
2395,that pussy so cold we just chilling out,['pussy'],1
2396,they be yellin' yellin' yeyelling out,[],0
2397,it's barbie bitch if you still in doubt oh,[],0
2410,barbie ain't nothing to play 'bout,[],0
2411,he wanna play in the playhouse playhouse,[],0
2412,the fuck they gon' say now grrah,['fuck'],1
2413,i'm washing these bitches i'm rubbing the stain out,['bitches'],1
2414,like i'm ready to bend grrah,[],0
2415,all the fake barbies just wanna pretend hey,[],0
2416,like hold on let me go find me a pen grrah,[],0
2417,look where it led now i'ma put it to bed,[],0
2418,she a barbie bitch with her barbie clique grrah,[],0
2419,i keep dragging her so she bald a bit damn,[],0
2420,and i see the bread i want all of it damn,[],0
2421,and i want the green so i olive it grrah,[],0
2422,and i throw it back so he losing it like,[],0
2423,and i give the box with no shoes in it damn,[],0
2424,yeah i know the trick so i got him bricked damn,[],0
2425,yeah they know who lit me and barbie bitch,[],0
2438,i'm a barbie girl in the barbie world,[],0
2439,life in plastic it's fantastic,[],0
2440,you can brush my hair undress me everywhere,[],0
2441,imagination life is your creation,[],0
2442,i came to win to fight,[],0
2443,to conquer to thrive,[],0
2444,i came to win,[],0
2445,jr,[],0
2446,to survive,[],0
2447,to prosper to rise,[],0
2448,to fly,[],0
2450,uh yo yo,[],0
2451,i wish today it would rain all day,[],0
2452,maybe that'd kinda make the pain go away,[],0
2453,tryna forgive you for abandoning me,[],0
2454,prayin' but i think i'm still an angel away,[],0
2455,angel away yeah it's strange in a way,[],0
2456,maybe that is why i chase strangers away,[],0
2457,they got they guns out aiming at me,[],0
2458,but i become neo when they aiming at me,[],0
2459,me me me against them,[],0
2460,me against enemies me against friends,[],0
2461,somehow they both seem to become one,[],0
2462,a sea full of sharks and they all smell blood,[],0
2463,they start coming and i start rising,[],0
2464,must be surprisin' i'm just surmising,[],0
2465,i win thrive soar higher,[],0
2466,higher higher more fire,[],0
2469,i came to win to survive,[],0
2474,everybody wanna try to box me in,[],0
2475,suffocating every time it locks me in,[],0
2476,painting they own pictures then they crop me in,[],0
2477,but i will remain where the top begins,[],0
2478,'cause i am not a word i am not a line,[],0
2479,i am not a girl that could ever be defined,[],0
2480,i am not fly i am levitation,[],0
2481,i represent an entire generation,[],0
2482,i hear the criticism loud and clear,[],0
2483,that is how i know that the time is near,[],0
2484,see we become alive in the time of fear,[],0
2485,and i ain't got no motherfucking time to spare,['motherfucking'],1
2486,cry my eyes out for days upon days,[],0
2487,such a heavy burden placed upon me,[],0
2488,but when you go hard your nays become yays,[],0
2489,yankee stadium with jays and kanyes,[],0
2496,get ready for it,[],0
2509,fuck this club up fuck this fuck this club up flocka,['fuck'],1
2513,atl jacob he a fucking millionaire,"['jacob', 'fucking', 'atl', 'millionaire']",1
2516,fuck this club up fuck this fuck this club up,['fuck'],1
2517,yeah yeah yeah yeah,[],0
2518,flocka,[],0
2520,yeah yeah yeah,[],0
2526,ayo i tell 'em that i'm the sleeze they telling me okay prove it,[],0
2527,i leave these bitches on read so now they know that they blew it,"['read', 'blew', 'bitches']",1
2528,i tell 'em i'm moving units my videos they gon' view it,[],0
2529,spotify ain't gotta lie they really streaming my music woo,[],0
2530,i give bitches the crown thеy fuck around and lose it nah,"['fuck', 'thеy', 'bitches']",1
2531,i am the wave i only wavе when i'm telling 'em bye,[],0
2532,bitch we ain't twinnin' ain't fraternal or identical,['bitch'],1
2533,when i'm around bitch you know you become invisible,['bitch'],1
2534,mm who wanna play with nicki,[],0
2535,got the power i could tell my niggas spray like 50 brr,['niggas'],1
2536,come on bitch i just put a milli' on my richie,['bitch'],1
2537,minus like fifty mine was ninefifty sissy,[],0
2542,yeah high heels on my tippies,[],0
2543,dolce gabbana that's on my titties,['titties'],1
2544,cop me vetements when i ride the dickie,['dickie'],1
2545,i still got the juice bitch buy a sippie,['bitch'],1
2546,i will never slippy like a mickey,[],0
2547,stay in your tory lane bitch i'm not iggy,['bitch'],1
2548,i know that these niggas tryna bang like chiddy,['niggas'],1
2549,i am such a catch nigga throw on ya mitty,['nigga'],1
2550,uh who wanna play with nicki,[],0
2551,got the power i could tell my niggas spray like 50,['niggas'],1
2552,distribute about a million dollars worth of brickies,[],0
2553,told 'em to keep fifty my cut ninefifty bitchy,['bitchy'],1
2554,mm give me my tens,[],0
2555,give me give me my tens,[],0
2556,give me my tens,[],0
2557,then take away two i ate i win,[],0
2561,then take away two i ate it up again,[],0
2562,mm rrr,[],0
2564,get on your knees get on your knees get on your knees,[],0
2565,baby just get on your knees on your knees,[],0
2566,say pretty please say pretty please say pretty please,[],0
2567,baby just say pretty please pretty please,[],0
2568,yo i'll be back at eleven,[],0
2569,you just act like a peasant,[],0
2570,got a bow on my panties because my ass is a present,"['present', 'ass', 'got', 'because']",1
2571,yeah it's gooder than meagan,[],0
2572,you look good when you begging,[],0
2573,i be laughing when you begging me to just put the head in,"['just', 'laughing', 'head', 'put']",1
2574,let me sit on your face,"['let', 'face', 'sit']",1
2575,it's okay you can play with it,[],0
2576,when i'm bouncing it chill out and don't you make a mistake with it,[],0
2577,let me see what you're working with,[],0
2580,if i'm ridin' i'm murking it,[],0
2581,slow grindin' i'm twerking it,[],0
2582,yeah i bagged him i birkin'd it kyuh,[],0
2583,i don't need a dozen roses,[],0
2584,you ain't gotta wine and dine me no,[],0
2585,i don't need a pretty poet,[],0
2586,ooh getting all emotional,[],0
2587,you gotta beg for it beg for it,[],0
2588,i wanna see you looking up,[],0
2589,baby i'ma need you to beg,[],0
2590,beg beg for it,[],0
2595,gimme brain assume the position,"['position', 'assume', 'gimme']",1
2596,make me way smarter like you was a magician,[],0
2597,paid my dues and tuition it's good for your nutrition,[],0
2601,get head like a beautician,[],0
2602,got me twitchin' finish your mission finish your mission,[],0
2603,you make it come down you make it run down,[],0
2605,i'ma need you to give these other dudes the rundown,[],0
2606,you got that legendary this shit is fake scary,"['shit', 'scary', 'fake']",1
2608,got me seeing them fireworks i'm on my kate perry,[],0
2609,ah i don't need a dozen roses,[],0
2615,baby i'ma need you to beg i'ma need you to beg,[],0
2616,beg beg for it let's go,[],0
2617,'cause we are just animals animals,[],0
2618,baby it's primal it's primal,[],0
2619,i want you on all fours all fours,[],0
2620,and before i let you walk,[],0
2621,you gotta show me how you crawl come here,[],0
2622,if you want it all want it all,[],0
2623,it's nonnegotiable,[],0
2624,so do as i say i say,[],0
2625,if you wanna get the job yeah yeah,[],0
2626,you better know who's the boss yeah,[],0
2632,you gotta beg for it beg for it beg for it,[],0
2633,i wanna see you looking up looking up,[],0
2640,you see right through me,[],0
2641,how do you do that shit,['shit'],1
2644,how do you,[],0
2649,you let me win you let me ride,[],0
2650,you let me rock you let me slide,[],0
2651,and when they lookin' you let me hide,[],0
2652,defend my honor protect my pride,[],0
2653,the good advice i always hated,[],0
2654,but looking back it made me greater,[],0
2655,you always told me forget the haters,[],0
2656,just get my money just get my weight up,[],0
2657,know when i'm lyin' know when i'm crying,[],0
2658,it's like you got it down to a science,[],0
2659,why am i tryin' know you ain't buying,[],0
2660,i tried to fight it back with defiance,[],0
2661,you make me laugh you make me hoarse,[],0
2662,from yelling at you and getting at you,[],0
2663,picking up dishes throwing 'em at you,[],0
2664,why are you speaking when no one asked you,[],0
2678,how do you do that,[],0
2683,what are we doin' could you see through me,[],0
2684,'cause you say nicki and i say who me,[],0
2685,and you say no you and i say screw you,[],0
2686,then you start dressing and you start leaving,[],0
2687,and i start crying and i start screaming,[],0
2688,the heavy breathin' but what's the reason,[],0
2689,always get the reaction you wanted,[],0
2690,i'm actually frontin' i'm asking you somethin' yo,[],0
2691,answer this question class is in session,[],0
2692,tired of letting passiveaggression,[],0
2693,control my mind capture my soul,[],0
2694,okay you're right just let it go,[],0
2695,okay you got it it's in the can,[],0
2696,before i played it you knew my hand,[],0
2697,you could turn a free throw to a goal,[],0
2698,nigga got the peephole to my soul,['nigga'],1
2717,stop ooh,[],0
2719,won't you just stop looking through me 'cause i can't take it,[],0
2720,no i can't take it you see right,[],0
2731,you see right through me baby,[],0
2732,you see right through me do that shit,['shit'],1
2733,you see right through me how do you do that shit,['shit'],1
2734,how do you do that how do you do that,[],0
2736,baby,[],0
2737,mm,[],0
2738,ain't gang if you let shit slide,['shit'],1
2739,ain't bad if you gotta dick ride,['dick'],1
2740,big guns and a lot of zip ties,[],0
2741,said she look like me quit lying,[],0
2742,ayy smallz is that you,[],0
2744,don't stop don't stop don't stop don't stop,[],0
2745,don't stop don't stop the beat,[],0
2748,can't stop won't stop the beat,[],0
2751,i won't stop won't the beat let's go,[],0
2753,don't stop hey hey hey,[],0
2754,we gon' spin and kill,[],0
2755,everybody,[],0
2757,these bitches fuck,"['fuck', 'bitches']",1
2760,a nigga telling on,"['telling', 'nigga']",1
2763,oh move your feet and feel u,[],0
2764,we gon' spin and kill everybody,[],0
2765,these bitches fuck everybody,"['fuck', 'bitches']",1
2766,a nigga telling on everybody,['nigga'],1
2767,oh ayo move your feet and feel u,[],0
2768,all these bitches on my,['bitches'],1
2769,body,[],0
2771,spent another bag on my,[],0
2774,nah nigga you ain't fucked a new,"['nigga', 'fucked', ""ain't"", 'new']",1
2777,every whip heavy on it new,[],0
2780,shorty mad 'cause she ain't no,[],0
2783,pretty face with a barbie doll,[],0
2786,'nother year 'nother vince lom',[],0
2790,dddon't stop the beat don't stop the beat target,[],0
2791,dddon't stop the beat don't stop the beat neutralize,[],0
2792,dddon't stop the beat don't stop the beat trigger,[],0
2793,dddon't stop the beat don't stop the beat shoot fire,[],0
2794,don't stop don't stop fire,[],0
2796,don't stop fire don't stop the beat,[],0
2799,let's go,[],0
2801,can't stop the beat fire,[],0
2810,i ain't tryna be buddy,[],0
2813,i'm a multimillion dollar home,[],0
2816,hollow points gonna go through your body,[],0
2817,washing them bitches bath and,['bitches'],1
2820,he be kissing all over my body,[],0
2821,get his dick stiffer than a roll,['dick'],1
2827,oh move your feet and,[],0
2840,we gon' spin and kill everybody this ain't what you want,[],0
2841,these bitches fuck everybody this ain't what you want,"['fuck', 'bitches']",1
2842,a nigga telling on everybody this ain't what you want,['nigga'],1
2843,oh move your feet and feel u this ain't what you want,[],0
2848,lil uzi woah body,[],0
2849,better than every body,[],0
2850,my felony's catching body,[],0
2851,they don't even know my body woah,[],0
2852,all my bitches get jealous body,['bitches'],1
2853,buy 'em all a bbl 'fore they got a body,[],0
2854,one two three four five just throwing my high body,[],0
2855,beat so hard that a nigga might die move your feet and,['nigga'],1
2857,dddon't stop the beat don't stop the beat this ain't what you want ah,[],0
2861,all of my bitches get jealous dddon't stop the beat don't stop the beat haha,['bitches'],1
2862,like an old school girl i'm still rocking them pelles,[],0
2863,dddon't stop the beat don't stop the beat,[],0
2865,got a young bitch like a nigga own belly dddon't stop the beat don't stop the beat haha,"['nigga', 'like', ""dddon't"", 'beat', 'young', 'bitch', 'got', 'belly']",1
2866,himalayan pussy worth way more than a kelly dddon't stop the beat don't stop haha,"['more', 'way', ""dddon't"", 'pussy', 'kelly', 'beat', 'himalayan', ""don't"", 'stop', 'worth']",1
2867,good coochie worth way more than a what don't stop don't stop woah,[],0
2868,i like to see it from the front when i look at your butt don't stop don't stop,[],0
2869,she got the junk in her trunk that's the reason why i'm cuffed don't stop don't stop,[],0
2870,i don't even care if my opp really my cousin,[],0
2871,don't stop don't stop,[],0
2873,all of my niggas don't stop they slide with the button let's go let's go brrt brrt,"['niggas', 'slide', ""don't"", 'all', 'button', 'brrt', ""let's"", 'stop', 'go']",1
2882,body body body body,[],0
2883,body body body,[],0
2884,move your feet and feel u,[],0
2885,don't stop the beat don't stop the beat,[],0
2887,oh oh oh,[],0
2888,come fill my glass up a little more,[],0
2889,we 'bout to get up and burn this floor,[],0
2890,you know we getting hotter and hotter,[],0
2891,sexy and hotter let's shut it down uh,[],0
2893,yo what i gotta do to show these girls that i own 'em,[],0
2894,some call me nicki and some call me roman,[],0
2895,skeeza please i'm in ibiza woah,[],0
2896,giuseppe zanotti my own sneaker,[],0
2897,sexy sexy that's all i do,[],0
2898,if you need a bad bitch let me call a few,['bitch'],1
2899,pumps on and them little miniskirts is out,[],0
2900,i see some good girls i'ma turn 'em out,[],0
2901,okay bottle sip bottle guzzle,[],0
2902,i'm a bad bitch no muzzle eh,['bitch'],1
2903,bottle sip bottle guzzle,[],0
2904,i'm a bad bitch no muzzle let's go,['bitch'],1
2905,music makes me high,[],0
2910,sexy and hotter let's shut it down,[],0
2911,pound the alarm,[],0
2913,i wanna do it for the night night,[],0
2914,so get me now and knock this over,[],0
2915,i wanna do it like you like like,[],0
2916,come get me baby we're not getting younger,[],0
2917,i just want you tonightnight,[],0
2919,baby we won't do it for life life oh,[],0
2928,alarm alarm,[],0
2940,oh oh,[],0
2944,stststep up in the party like my name was that bitch,"['bitch', 'stststep']",1
2945,all these haters mad because i'm so established,[],0
2946,they know i'm a beast yeah i'm a fucking savage,"['fucking', 'savage']",1
2947,haters you could kill yourself ah,[],0
2948,in my space shuttle and i'm not coming down,[],0
2949,i'm a stereo and she's just so monotone,[],0
2950,sometimes it's just me and all my bottles all alone,[],0
2951,i ain't coming back this time,[],0
2952,i can't believe it it's so amazing,[],0
2953,this club is heated this party's blazing,[],0
2954,i can't believe it this beat is banging,[],0
2955,i can't believe it i can't believe it,[],0
2956,hey check it out check it out check it out check it out,[],0
2957,check it out check it out check it out chcheck it out,[],0
2958,check it out check it out yeah yeah i'm feeling it now,[],0
2959,check it out check it out check it out,[],0
2960,stststep up in the party like my name is mr t,[],0
2962,all these hating naggers ain't got nat'in' on me,[],0
2963,honestly i gotta stay as fly as i can be,[],0
2964,if you wiki willy you get super og,[],0
2965,honeys always rush me 'cause i'm fly fly fly,[],0
2966,dummies they can't touch me 'cause i'm floating sky high,[],0
2967,i stay niggarific you don't need to ask why,['niggarific'],1
2968,you just gotta see with your eyes,[],0
2977,check this motherfucker out,['motherfucker'],1
2978,it got me in the club in the club just rocking like this,[],0
2980,dadundun,[],0
2981,the sun done yep the sun done,[],0
2982,came up but we still up in dungeon,[],0
2983,dadundun yep in london,[],0
2984,competition why yes i would love some,[],0
2985,how the fuck they get mad 'cause their run done,['fuck'],1
2986,mad 'cause i'm getting money in abundance,[],0
2987,man i can't even count all of these hundreds,[],0
2988,duffel bag every time i go to suntrust,[],0
2989,i leave the rest just to collect interest,[],0
2990,i mean interest fuck my nemesis,['fuck'],1
2991,exclamation just for emphasis,[],0
2992,and i don't sympathize 'cause you a simple bitch,['bitch'],1
2993,i just pop up on these hoes on some pimple shit,['shit'],1
2994,and put the iron to your face you old wrinkled bitch,['bitch'],1
2995,this is mega nigga uuultra enigmatic,"['nigga', 'mega']",1
2996,matic matic matic mamamatic,[],0
2997,oh we just had to kill it,[],0
2998,we on the radio hotter than a skillet,[],0
2999,we in the club making party people holla,[],0
3000,money in the bank we be getting top dollar,[],0
3001,i'm a big baller you a lil' smaller,[],0
3002,step up to my level need to grow a lil' taller,[],0
3003,i'm a shot caller get up off my collar,[],0
3004,you a chihuahua i'm a rottweiler,[],0
3005,i can't believe it it's so amazing yeah,[],0
3006,i can't believe it this beat is banging yeah,[],0
3014,whores in this house,['whores'],1
3015,there's some whores in this house,['whores'],1
3017,there's some whores in this house hol' up,['whores'],1
3018,i said certified freak seven days a week,[],0
3019,wetass pussy make that pullout game weak woo,"['pussy', 'wetass']",1
3020,ah,[],0
3023,yeah you fucking with some wetass pussy,"['pussy', 'wetass', 'fucking']",1
3024,bring a bucket and a mop for this wetass pussy,"['pussy', 'wetass']",1
3025,give me everything you got for this wetass pussy,"['pussy', 'wetass']",1
3026,beat it up nigga catch a charge,['nigga'],1
3027,extra large and extra hard,[],0
3028,put this pussy right in your face,['pussy'],1
3029,swipe your nose like a credit card,[],0
3030,hop on top i wanna ride,[],0
3031,i do a kegel while it's inside,"['inside', ""it's""]",1
3032,spit in my mouth look in my eyes,"['spit', 'eyes']",1
3033,this pussy is wet come take a dive,['pussy'],1
3034,tie me up like i'm a surprise,['surprise'],1
3035,let's roleplay i'll wear a disguise,[],0
3036,i want you to park that big mack truck right in this little garage,[],0
3037,make it cream make me scream,"['scream', 'cream']",1
3038,out in public make a scene,[],0
3039,i don't cook i don't clean,[],0
3040,but let me tell you how i got this ring,[],0
3041,ayy ayy,[],0
3043,gobble me swallow me drip down the side of me yeah,[],0
3044,quick jump out 'fore you let it get inside of me yeah,[],0
3045,i tell him where to put it never tell him where i'm 'bout to be huh,[],0
3046,i'll run down on him 'fore i have a nigga running me pow pow pow,['nigga'],1
3047,talk your shit bite your lip yeah,['shit'],1
3048,ask for a car while you ride that dick while you ride that dick,['dick'],1
3049,you really ain't never gotta fuck him for a thang yeah,['fuck'],1
3050,he already made his mind up 'fore he came ayy ah,[],0
3051,now get your boots and your coat for this wetass pussy ah ah ah,"['pussy', 'wetass']",1
3052,he bought a phone just for pictures of this wetass pussy click click click,"['pussy', 'click', 'wetass']",1
3053,paid my tuition just to kiss me on this wetass pussy mwah mwah mwah,"['pussy', 'paid', 'wetass']",1
3054,now make it rain if you wanna see some wetass pussy yeah yeah,"['pussy', 'wetass']",1
3055,look i need a hard hitter need a deep stroker,['stroker'],1
3056,need a henny drinker need a weed smoker,['weed'],1
3057,not a garter snake i need a king cobra,[],0
3058,with a hook in it hope it lean over,[],0
3059,he got some money then that's where i'm headed,[],0
3060,pussy a1 just like his credit,['pussy'],1
3061,he got a beard well i'm tryna wet it,[],0
3062,i let him taste it now he diabetic,['taste'],1
3063,i don't wanna spit i wanna gulp,"['spit', 'gulp']",1
3064,i wanna gag i wanna choke,"['gag', 'choke']",1
3065,i want you to touch that lil' dangly thing that swing in the back of my throat,"['throat', 'thing', ""lil'"", 'dangly']",1
3066,my head game is fire punani dasani,"['punani', 'head']",1
3067,it's going in dry and it's coming out soggy,[],0
3068,i ride on that thing like the cops is behind me yeah ah,[],0
3069,i spit on his mic and now he tryna sign me woo,['mic'],1
3070,your honor i'm a freak bitch handcuffs leashes,['bitch'],1
3071,switch my wig make him feel like he cheating,[],0
3072,put him on his knees give him something to believe in,[],0
3073,never lost a fight but i'm looking for a beating ah,[],0
3074,in the food chain i'm the one that eat ya,[],0
3075,if he ate my ass he's a bottomfeeder,['ass'],1
3076,big d stand for big demeanor,[],0
3077,i could make ya bust before i ever meet ya,[],0
3078,if it don't hang then he can't bang,[],0
3079,you can't hurt my feelings but i like pain,[],0
3080,if he fuck me and ask whose is it,['fuck'],1
3081,when i ride the dick i'ma spell my name ah,['dick'],1
3086,now from the top make it drop that's some wetass pussy,"['pussy', 'wetass']",1
3087,now get a bucket and a mop that's some wetass pussy,"['pussy', 'wetass']",1
3088,i'm talking wap wap wap that's some wetass pussy,"['pussy', 'wetass']",1
3089,macaroni in a pot that's some wetass pussy huh,"['pussy', 'wetass']",1
3101,ksr,[],0
3103,it's cardi ayy,[],0
3104,said i'm the shit they can't fuck with me if they wanted to,"['fuck', 'shit']",1
3105,i don't gotta dance,[],0
3106,said lil' bitch you can't fuck with me if you wanted to,"['fuck', 'bitch']",1
3107,these expensive these is red bottoms these is bloody shoes,[],0
3108,hit the store i can get 'em both i don't wanna choose,[],0
3109,and i'm quick cut a nigga off so don't get comfortable look,['nigga'],1
3110,i don't dance now i make money moves ayy ayy,[],0
3111,say i don't gotta dance i make money move,[],0
3112,if i see you and i don't speak that means i don't fuck with you,['fuck'],1
3113,i'm a boss you a worker bitch i make bloody moves,['bitch'],1
3114,now she say she gon' do what to who let's find out and see,[],0
3115,cardi b you know where i'm at you know where i be,[],0
3116,you in the club just to party i'm there i get paid a fee,[],0
3117,i be in and out them banks so much i know they're tired of me,[],0
3118,honestly don't give a fuck 'bout who ain't fond of me,['fuck'],1
3119,dropped two mixtapes in six months,[],0
3120,what bitch working as hard as me,['bitch'],1
3121,i don't bother with these hoes don't let these hoes bother me,[],0
3122,they see pictures they say goals bitch i'm who they tryna be,['bitch'],1
3123,look i might just chill in some bape,[],0
3124,i might just chill with your boo i might just feel on your babe,[],0
3125,my pussy feel like a lake,['pussy'],1
3126,he wanna swim with his face i'm like okay,[],0
3127,i'll let him get what he want he buy me yves saint laurent,[],0
3128,and the new whip when i go fast as a horse,[],0
3129,i got the trunk in the front vroom vroom,[],0
3130,i'm the hottest in the street know you prolly heard of me,[],0
3131,got a bag and fixed my teeth hope you hoes know it ain't cheap,[],0
3132,and i pay my mama bills i ain't got no time to chill,[],0
3133,think these hoes be mad at me their baby father run a bill,['hoes'],1
3138,i don't dance now i make money moves,[],0
3139,say i don't gotta dance i make money moves,[],0
3142,if you a pussy you get popped you a goofy you a opp,['pussy'],1
3143,don't you come around my way you can't hang around my block,[],0
3144,and i just checked my accounts turns out i'm rich i'm rich i'm rich,[],0
3145,i put my hand above my hip i bet you dip he dip she dip,[],0
3146,i say i get the money and go this shit is hot like a stove,['shit'],1
3147,my pussy glitter is gold tell that lil' bitch play her role,"['bitch', 'pussy']",1
3148,i just arrove in a rolls i just came up in a wraith,[],0
3149,i need to fill up the tank no i need to fill up the safe,[],0
3150,i need to let all these hoes know that none of their niggas is safe,['niggas'],1
3151,i go to dinner and steak only the real can relate,[],0
3152,i used to live in the p's now it's a crib with a gate,[],0
3153,rollie got charms look like frosted flakes,[],0
3154,had to let these bitches know just in case these hoes forgot,"['hoes', 'bitches']",1
3155,i just run and check the mail another check from mona scott,[],0
3164,yeah baby i like it like that,[],0
3165,you gotta believe me when i tell you,[],0
3166,i said i like it like that,[],0
3168,i said i like it like,[],0
3169,now i like dollars i like diamonds,[],0
3170,i like stuntin' i like shining yeah,[],0
3171,i like million dollar deals,[],0
3172,where's my pen bitch i'm signing signin',['bitch'],1
3173,i like those balenciagas those,[],0
3174,the ones that look like socks,[],0
3175,i like going to the jeweler,[],0
3176,i put rocks all in my watch chaching,[],0
3177,i like texts from my exes when they want a second chance what,[],0
3178,i like proving niggas wrong i do what they say i can't,['niggas'],1
3179,they call me cardi bardi banging body,[],0
3180,spicy mami hot tamale,[],0
3181,hotter than a somali fur coat ferrari rrr woo,[],0
3182,hop out the stu' jump in the coupe coupe,[],0
3183,big dipper on top of the roof,[],0
3184,flexing on bitches as hard as i can,['bitches'],1
3185,eating halal driving the lam',[],0
3186,told that bitch i'm sorry though sorry though,['bitch'],1
3187,'bout my coins like mario mario,[],0
3188,yeah they call me cardi b,[],0
3189,i run this shit like cardio woo facts,"['shit', 'facts']",1
3191,diamond district in the chain chain i said i like it like that,[],0
3192,certified you know i'm gang gang gang gang i said i like it likewoo,[],0
3193,drop the top and blow the brains woo i said i like it like that woo,[],0
3194,oh he's so handsome what's his name yeah woo facts i said i like it,[],0
3195,oh i need the dollars i said i like it like that chaching,[],0
3196,beat it up like piñatas i said i like it like uh,[],0
3197,tell the driver close the curtains i said i like it like that skrrt,[],0
3198,bad bitch make you nervous i said i like it,['bitch'],1
3199,cardi b,[],0
3200,chambean chambean pero no jalan jalan,[],0
3201,tú compras to'a las jordan bo a mí me las regalan jeje,[],0
3202,i spend in the club what you have in the bank wuh yeh,[],0
3203,this is the new religion bang in latino gang gang yeh,[],0
3204,trato de hacer dieta pero es que en el closet tengo mucha grasa yeh wuh,[],0
3205,ya mudé la' gucci pa' dentro de casa yeh wuh,[],0
3206,cabrón a ti no te conocen ni en plaza no,[],0
3207,el diablo me llama pero jesucristo me abraza amén,[],0
3208,guerrero como eddie que viva la raza yeh,[],0
3209,me gustan boricuas me gustan cubanas,[],0
3210,me gusta el acento de las colombianas qué hubo pues,[],0
3211,como mueve el culo la dominicana qué lo que,[],0
3212,lo rico que me chingan las venezolanas wuh,[],0
3213,andamos activos perico pin pin wuh,[],0
3214,billetes de cien en el maletín ching,[],0
3215,que retumbe el bajo bobby valentín yeh buh,[],0
3216,aquí es prohibido amar diles charytín,[],0
3217,que pa'l picor les tengo claritín,[],0
3218,yo llego a la disco y se forma el motín rrrah,[],0
3219,diamond district in the chain i said i like it like that bad bunny baby bebé bebé,[],0
3223,oh he's so handsome what's his name yeah woo yeh i said i like it,[],0
3224,oh i need the dollars chaching i said i like it like that,[],0
3225,beat it up like piñatas i said i like it like,[],0
3228,como celia cruz tengo el azúcar azúca',[],0
3229,tu jeva me vio y se fue de pecho como jimmy snuka ah,[],0
3230,te vamos a tumbar la peluca,[],0
3231,y arranca pa'l carajo cabrón que a ti no te vo'a pasar la hookah hookah hookah,[],0
3232,mis tenis balenciaga me reciben en la entrada wuh,[],0
3233,papapaparazzi like i'm lady gaga wuh,[],0
3234,y no te me hagas eh,[],0
3235,que en cover de billboard tú has visto mi cara eh,[],0
3236,no salgo de tu mente wuh,[],0
3237,donde quieras que viajes has escuchado mi gente,[],0
3238,yo no soy hype soy como el testarossa hype 'rossa,[],0
3239,yo soy el que se la vive y también el que la goza goza goza,[],0
3240,es la cosa mami es la cosa cosa cosa,[],0
3241,el que mira sufre y el que toca goza goza goza goza,[],0
3243,i said i like it like that rrr,[],0
3244,i said i like it like that woo,[],0
3246,diamond district in the chain i said i like it like that,[],0
3247,certified you know i'm gang gang i said i like it like,[],0
3248,drop the top and blow the brains i said i like it like that,[],0
3249,oh he's so handsome what's his name yeah i said i like it,[],0
3250,up up up ayy up uh up look this is fire,[],0
3251,once upon a time man i heard that i was ugly,[],0
3252,came from a bitch who nigga wanna fuck on me,"['nigga', 'fuck', 'bitch']",1
3253,i said my face bomb ass tight,['ass'],1
3254,racks stack up shaq height,[],0
3255,jewelry on me flashlight,[],0
3256,i been lit since last night,[],0
3257,hit him with that good good,[],0
3258,make a nigga act right,['nigga'],1
3259,broke boys don't deserve no pussy,['pussy'],1
3260,i know that's right,[],0
3261,big bag bussing out the bentley bentayga,[],0
3262,man balenciaga bardi back and all these bitches fucked,"['fucked', 'all', 'bitches']",1
3263,it's big bags bussing out the bentley bentayga man,[],0
3264,birkin bag bardi back and all you bitches fucked,"['fucked', 'all', 'bitches']",1
3265,if it's up then it's up then it's up then it's stuck,[],0
3266,if it's up then it's up then it's up then it's stuck huh ayy,[],0
3267,up then it's up if it's up then it's stuck huh,[],0
3268,if it's up then it's up then it's up then it's stuck huh woo,[],0
3269,i could make the party hot i could make your body rock,[],0
3270,bitches say they fucking with me chances are they probably not,"['fucking', 'bitches', 'say']",1
3271,if i had a dick you'd probably lick it like a lollipop,['dick'],1
3272,hoes speaking capenese hit 'em with karate chop,['hoes'],1
3273,i'm forever popping shit pulling up and dropping shit,['shit'],1
3274,gotta argue with him 'cause a nigga love a toxic bitch,"['nigga', 'bitch']",1
3275,niggas out here playin' gotta make 'em understand,"[""'em"", 'niggas']",1
3276,if ain't no ring on my finger you ain't going on my 'gram,[],0
3277,i said my face bomb ass tight yeah,['ass'],1
3278,racks stack up shaq height yeah,[],0
3279,jewelry on me flashlight huh,[],0
3280,i been lit since last night woo,[],0
3282,make a nigga act right ah,['nigga'],1
3286,man balenciaga bardi back and all these bitches fucked woo,"['fucked', 'all', 'bitches']",1
3291,up then it's up if it's up then it's stuck,[],0
3293,bitches ain't fucking with me now and i can see why,"['fucking', 'bitches']",1
3294,dirtyass dustyass bitch you got pink eye,"['dustyass', 'bitch', 'dirtyass']",1
3295,bitches want smoke until i bring it to they doorstep,['bitches'],1
3296,tell that bitch back back breath smell like horse sex ha,"['bitch', 'sex']",1
3297,put it on him now he will never be the same he won't,[],0
3298,tatted on my ass 'cause i really like the pain ah,['ass'],1
3299,he nutted on my butt i said i'm glad that you came,"['nutted', 'butt']",1
3300,if that nigga had a twin i would let 'em run a train skrrt,"['nigga', 'train']",1
3304,birkin bag bardi back and all you bitches fucked ooh,"['fucked', 'all', 'bitches']",1
3307,up then it's up if it's up then it's stuck woo,[],0
3308,if it's up then it's up then it's up then it's stuck huh,[],0
3309,look gotta play it safe huh,[],0
3310,no face no case hahaha,[],0
3311,look my bitches all bad my niggas all real,"['niggas', 'bitches']",1
3312,i ride on his dick in some big tall heels,['dick'],1
3313,big fat checks big large bills,[],0
3314,front i'll flip like ten cartwheels,[],0
3315,cold ass bitch i give broads chills,"['ass', 'bitch']",1
3316,ten different looks and my looks all kill,[],0
3317,i kiss him in the mouth i feel all grills,[],0
3318,he eat in the car that's meals on wheels woo,[],0
3319,i was born to flex yes,[],0
3320,diamonds on my neck,[],0
3321,i like boarding jets i like morning sex woo,[],0
3322,but nothing in this world that i like more than checks money,[],0
3323,all i really wanna see is the money,[],0
3324,i don't really need the d i need the money,[],0
3325,all a bad bitch need is the money flow,['bitch'],1
3326,i got bands in the coupe coupe,[],0
3327,busting out the roof,[],0
3329,touch me i'll shoot bow,[],0
3330,shake a lil ass money,['ass'],1
3331,get a little bag and take it to the store store money,[],0
3332,get a little cash money,[],0
3333,shake it real fast and get a little more money,[],0
3336,i got bands in the coupe brrr,[],0
3337,busting out the roof cardi,[],0
3338,i gotta fly i need a jet shit,['shit'],1
3339,i need room for my legs,[],0
3340,i got a baby i need some money yeah,[],0
3341,i need cheese for my egg,[],0
3342,all y'all bitches in trouble,['bitches'],1
3343,bring brass knuckles to the scuffle,[],0
3344,i heard that cardi went pop,[],0
3345,yeah i did go pop pop,[],0
3346,that's me busting they bubble,[],0
3347,i'm dasani with the drip,[],0
3348,baby mommy with the clip,[],0
3349,walk out follie's with a bitch,['bitch'],1
3350,bring a thottie to the whip,[],0
3351,if she fine or she thick goddamn,['goddamn'],1
3352,walking past the mirror ooh,[],0
3353,damn i'm fine fine,['damn'],1
3354,let a bitch try me boom boom,['bitch'],1
3355,hammer time uh,[],0
3375,bitch i will pop on your pops your pops,['bitch'],1
3376,bitch i will pop on whoever brrr,['bitch'],1
3377,you know who pop the most shit who,['shit'],1
3378,the people whose shit not together okay,['shit'],1
3379,you'da bet cardi a freak freak,[],0
3380,all my pajamas is leather uh,[],0
3381,bitch i will black on your ass yeah,['ass'],1
3382,wakanda forever,[],0
3383,sweet like a honey bun spit like a tommy gun,[],0
3384,rollie a one of one come get your mommy some,[],0
3385,cardi at the tiptop bitch,['bitch'],1
3386,kiss the ring and kick rocks sis mwah,[],0
3387,jump it down back it up ooh ayy,[],0
3388,make that nigga put down 2k,['nigga'],1
3389,i like my niggas dark like d'ussé,['niggas'],1
3390,he gonna eat this ass like soufflé,['ass'],1
3391,i was born to flex diamonds on my neck,[],0
3392,i like boarding jets i like morning sex,[],0
3393,but nothing in this world that i like more than kulture,[],0
3394,kulture kulture kulture,[],0
3397,all a bad bitch need is the,['bitch'],1
3398,kkc woo,[],0
3399,money,[],0
3407,look,[],0
3408,i just want to break up all your shit,['shit'],1
3409,call your mama phone let her know that she raised a bitch,"['bitch', 'mama']",1
3410,then dial tone click,[],0
3411,and fuck your little fakeass friends,"['fuck', 'fakeass']",1
3412,coming round acting like they my bros,[],0
3413,i seen y'all little group texts,[],0
3414,where you all like to brag about your hoes,['hoes'],1
3415,and you can tell your little bitch,['bitch'],1
3416,i screenshotted all her naked pics,['pics'],1
3417,oh you wanna send nudes to my man,[],0
3418,wake up and see your boobs on the 'gram lil' bitch,"['bitch', 'wake', ""lil'"", ""'gram""]",1
3419,i cannot stand you right hand to jesus,"['hand', 'jesus', 'right']",1
3421,i might just cut all the tongues out your sneakers,[],0
3422,smash your tv from best buy,[],0
3423,you gon' turn me into left eye,[],0
3424,i don't wanna hear 'bout invasion of privacy,[],0
3425,i had a feelin' it turns out you lie to me,[],0
3426,i'm holding back everything that's inside of me,[],0
3427,how you out fucking with bitches that follow me,"['fucking', 'bitches']",1
3428,my heart is beating like it's bleeding out,[],0
3429,you sleepin' you sleepin' you sleeping,[],0
3430,you sleeping like a baby,[],0
3431,everyone was right about you now and,[],0
3432,you creepin' you creepin' you creeping,[],0
3433,i went through your phone last night,[],0
3435,saw some things i didn't like,[],0
3437,it's killing me killing me killing me oh,[],0
3438,all i can see is you and her in different scenarios,[],0
3439,beyoncé on my stereo resentment on repeat,[],0
3440,i'ma make you a bowl of cereal with a teaspoon of bleach,[],0
3441,serve it to you like here you go nigga bon appétit,"['bon', 'like', 'serve', 'appétit', 'nigga', 'go']",1
3442,look did you give it to her raw you love her or nah,[],0
3443,you risk your whole home for a ho from the bar,[],0
3444,you really want them hoes you can have them bitches,"['hoes', 'want', 'really', 'bitches']",1
3445,you don't even cheat with no bad bitches,"['bitches', 'even', 'cheat', ""don't"", 'bad']",1
3446,this shit is eating me you sleeping peacefully,"['sleeping', 'shit', 'eating', 'peacefully']",1
3447,getting more mad at you thinking 'bout stabbing you,"['more', 'getting', 'mad', ""'bout"", 'thinking', 'stabbing']",1
3448,don't even know that you this close to dying,[],0
3449,you gon' wake up like why you got an attitude,[],0
3466,it's killing me,[],0
3478,uh uh yeah come on,[],0
3479,please me baby,[],0
3480,turn around and just tease me baby,[],0
3481,you know what i want and what i need baby,[],0
3482,let me hear you say,[],0
3483,please,[],0
3485,please woo,[],0
3493,lollipopping poppin' twerking in some j's ooh,[],0
3494,on the dance floor uhhuh no panties in the way nope,['panties'],1
3495,i take my time with it ow bring you close to me ow,[],0
3496,don't want no young dumb shit,['shit'],1
3497,better fuck me like we listening to jodeci,['fuck'],1
3498,i was tryna lay low low taking it slow slow,[],0
3499,when i'm fucking again ayy,['fucking'],1
3500,gotta celebrate do you man look good better put him away,[],0
3501,if you can't sweat the weave out you shouldn't even be out,[],0
3502,dinner reservations like the pussy you gon' eat out,"['eat', 'pussy']",1
3503,i'm gonna ride it do it just how you like it,[],0
3504,tonight and after that,[],0
3505,let's do it one more time,[],0
3506,girl i ain't one for beggin' but now you got me begging,[],0
3521,booty so round round booty so soft soft,[],0
3522,bet you wanna smack it again ayy,[],0
3523,let me demonstrate,[],0
3524,hit it one time make it levitate,[],0
3525,titties out like blaka blaka,"['titties', 'like']",1
3526,broke bitches watch out now watch out,['bitches'],1
3527,your pussy basura basura,['pussy'],1
3528,my pussy horchata oh,['pussy'],1
3530,tonight and after that ooh,[],0
3540,come on,[],0
3541,come on back it up for me,[],0
3543,ooh twerk it on me slowly,[],0
3545,girl let me put this loving on you,[],0
3546,you better say that shit uh,['shit'],1
3547,cardi don't play that shit yeahdo my back like i do these records break that shit,"['back', 'records', 'like', 'shit', 'yeahdo', 'break']",1
3549,please me baby uh,[],0
3550,turn around and tease me baby,[],0
3551,uh ooh,[],0
3553,you got what i want and need baby,[],0
3554,yes,[],0
3567,bong bong bong bong we good,[],0
3568,bong bong bong bong like a drum,[],0
3569,bong bong bong bong this is fire,[],0
3570,bong bong bongbongbongbong,[],0
3571,nigga eat this ass like a plum plum,"['like', 'ass', 'nigga']",1
3572,this pussy tight like a nun nun,['pussy'],1
3573,better chew it up like it's gum gum,[],0
3574,then wipe your mouth when you done mm okay,[],0
3575,i'm hot like nevada,[],0
3576,pussy get popped piñata,['pussy'],1
3577,bitch i look like money like money,['bitch'],1
3578,you could print my face on a dollar,[],0
3579,beat it up bongbongbongbong,[],0
3582,beat it up bong okay,[],0
3583,five four three two one lift off hey,[],0
3584,honey i'm home shoes getting kicked off uh,[],0
3585,every time i turn around a bitch pissed off ahha,['bitch'],1
3586,little dustyass hoes need a lint brush woo,"['dustyass', 'need', 'little', 'hoes']",1
3587,you gon' settle down you gon' livе with him what,[],0
3588,i don't even wanna post a pic with him no,[],0
3589,the bag hе just bought me was a goyard goyard,[],0
3590,that ain't your nigga he is both ours,['nigga'],1
3591,pussy tight like a nun nun,['pussy'],1
3592,counting hundreds up with my thumb thumb,[],0
3593,i don't care where you from from,[],0
3594,better beat this shit like a drum okurrr,['shit'],1
3595,don't be talking shit like you know me woo,['shit'],1
3596,i ride dick like a pony,['dick'],1
3597,girl that nigga look like a brokey,['nigga'],1
3598,real hotgirl shit,"['real', 'hotgirl', 'shit']",1
3600,go and fuck with his homie he a ah,"['ah', 'fuck', 'go', 'homie']",1
3601,this ass sit like the stallion,"['ass', 'stallion', 'sit', 'like']",1
3602,all these wannabes my lil' ponies,[],0
3603,these hoes camped out in the comments,['hoes'],1
3604,always talking like they know me ayy,[],0
3605,thick bitches in the black truck packed in,"['bitches', 'thick']",1
3606,eat whoever in my way ms pacman,[],0
3607,hermès made a real big purchase,[],0
3608,purse so big had to treat it like a person,[],0
3609,bad bitch bad bitch in real life in real life,"['bad', 'bitch']",1
3610,show me real love yeah yeah give a fuck about them likes 'bout them likes,"['about', 'fuck', 'give', ""'bout"", 'likes']",1
3611,bitch tryna say i ain't fine oh aight,"[""ain't"", 'fine', 'tryna', 'aight', 'bitch', 'say']",1
3613,they know i'm thick like i'm eating beans with the rice,[],0
3614,like lean over ice got the real meat pies yeah yeah yeah yeah,[],0
3615,i be spilling like my ass out these jeans when they tight yeah yeah yeah,['ass'],1
3616,and the way they watch me need to be monetized ah,[],0
3617,i'ma need a money bag if i sleep overnight,[],0
3618,wait wait hold up wait wait hold up wait,[],0
3619,hoes pop pills but i'm the one they can't take yeah,"['pop', 'hoes', ""i'm"", 'one', 'pills', ""can't"", 'take']",1
3620,hotgirl shit i'ma make something shake brrt,"['something', ""i'ma"", 'shit', 'hotgirl', 'brrt', 'shake', 'make']",1
3621,i know these stiff hoes can't relate ah,"['know', 'hoes', 'ah', 'relate', 'stiff']",1
3622,shoot your shot like a free throw,"['like', 'throw', 'free', 'shot', 'shoot']",1
3623,just know this pussy ain't free though,"[""ain't"", 'pussy', 'though', 'free', 'just']",1
3624,my bd is a migo,[],0
3625,bitch your bd is a zero,"['bitch', 'bd', 'zero']",1
3626,my back shots sound like bongos,[],0
3627,i ain't scared to admit i'm a freak ho ah,[],0
3628,at least i'm getting my money,[],0
3632,y'all hoes broke pussy took more turns than a key hole,"['more', 'took', 'hole', 'hoes', 'pussy', 'turns', 'key', ""y'all"", 'broke']",1
3633,it did,[],0
3634,like a bun,[],0
3635,i'ma throw it back like it's thursday,[],0
3636,i got cake i'm lit it's my birthday ah,[],0
3637,look i don't ride it on my knees bitch i ride it on my toes uh,"['bitch', 'ride']",1
3638,big fat ass it be eating up the thong,"['fat', 'ass']",1
3639,got a garage full of foreign cars that i never drove yeah,[],0
3640,a bitch couldn't school me with a student loan,['bitch'],1
3641,so sexy i could met gala in a robe yup,[],0
3642,i could body every look and i could body every pose yes,[],0
3643,neck full of diamonds yeah i'm forever froze,[],0
3644,will cardi ever fall off bitch we'll never know woo,['bitch'],1
3645,beat it up,[],0
3646,wait,[],0
3647,bitch i'm hot like nevada,"['like', 'bitch', 'nevada']",1
3648,pussy get popped piñata bop,"['pussy', 'get', 'piñata', 'popped', 'bop']",1
3651,looking like money cold,[],0
3652,you could print my face on a dollar okurrr,[],0
3653,this pussy dominicana,"['pussy', 'dominicana']",1
3654,this pussy americana ayy,"['americana', 'pussy', 'ayy']",1
3655,si tú quiere' que te toma toma,[],0
3657,bought a couple cribs on my own i'm a owner woo,[],0
3660,la cardi ah,[],0
3663,ayo let me put some gas in this motherfucking year bitch,"['bitch', 'motherfucking']",1
3664,i ain't really talked my shit in a minute,['shit'],1
3665,like who the fuck these bitches really think they talking to,"['fuck', 'bitches']",1
3666,like bitch is you fucking dumb,"['bitch', 'fucking']",1
3667,classy and a cunt and a cunt,['cunt'],1
3668,blocks and money getting spunt getting spunt,[],0
3669,like like like what like what,[],0
3670,like a coach bag baby this ain't what you want nah,[],0
3671,if i ask for it all i wanna hear is yes yes,[],0
3672,bitch said she wanna be my opp god bless god bless,['bitch'],1
3673,look i ain't even got dressed,[],0
3674,any l that i took come after ys,[],0
3675,oh man oh man,[],0
3676,baby here we go again here we go again,[],0
3677,pussy real fat probably got a double chin,"['real', 'pussy']",1
3678,first that bitch hate me then this bitch hate me,['bitch'],1
3679,and somehow they link up and they become friends like how,[],0
3680,bitch pipe down pipe down,['bitch'],1
3681,moodboard all y'all imitating my style mm,[],0
3682,bad bitch red lips let me show you,['bitch'],1
3683,white toes eating yellowtail out of nobu,[],0
3684,uh keep a hater obsessed,[],0
3685,in my comments having a dick sucking contest contest,['dick'],1
3686,i'm pressure y'all pressed y'all pressed,[],0
3687,y'all don't get addressed y'all's getting outdressed look okurrr,[],0
3688,it's a look when i'm hopping out the v uhhuh,[],0
3689,red wig hanging down to my knees uhhuh,['uhhuh'],1
3690,it's your birthday but they talking 'bout me 'bout me,[],0
3691,why you mad take a picture say cheese say cheese,[],0
3692,you dumb you slow you wilding ah you wildin',[],0
3693,got your first pair of ricks now you stylin' ah you stylin',[],0
3694,everything you got i had five years before,[],0
3695,i put it on the 'gram hahahaha 'fore it even hit the store look,[],0
3696,classy and a cunt and a cunt uhhuh,"['uhhuh', 'cunt']",1
3699,like a coach bag baby this ain't what you want uhhuh,[],0
3704,oh man ah,[],0
3705,i know y'all bitches be horsing horsin',['bitches'],1
3706,looking this good is really exhausting exhaustin',[],0
3707,diamonds hit stone cold steve austin brr,[],0
3708,just got my lasered pussy smooth like a dolphin agh,"['agh', 'pussy']",1
3709,top notch bitch get the most not the lesser uh,['bitch'],1
3710,bitches look big like third trimester yes,['bitches'],1
3711,every time i pose these bitches get stresser,"['pose', 'bitches']",1
3712,y'all be putting on shit i don't never,['shit'],1
3713,bitches be hating on the low i peep it,['bitches'],1
3714,if i say anything mean i mean it,[],0
3715,i ain't never lost no nigga i needed,['nigga'],1
3716,i'm rich i ain't getting in no pool that's not heated nah,[],0
3717,big ass yacht and i'm having sex on it,['ass'],1
3718,her life so trash think i put a hex on it,[],0
3719,bitches be laughin' like ho what's funny,['bitches'],1
3720,you bragging on a nigga that be dying to fuck me fuck me,"['nigga', 'fuck']",1
3729,oh man,[],0
3735,now i like dollars i like diamonds i like stuntin' i like shining yeah,[],0
3736,i like million dollar deals where's my pen yeah i'm signing what,[],0
3737,i like those balenciagas those the ones that look like socks,[],0
3738,i like going to the jeweler i put rocks all in my watch yeah,[],0
3740,i like proving others wrong i do what they say i can't,[],0
3741,they call us kidz bop banging party spicy music hot tamale,[],0
3749,they dancing on top of the roof,[],0
3750,flexing on songs as hard as i can,[],0
3752,told that kid i'm sorry though sorry though,[],0
3754,yeah they call us kb,[],0
3755,i run this song like cardio yeah,[],0
3756,diamond district in the jack jack i said i like it like that,[],0
3757,certified you know i'm that that that that i said i like it like woo,[],0
3758,drop the top wind in our hair i said i like it like that,[],0
3759,oh he's so handsome what's his name yeah i said i like it like,[],0
3792,tell the driver play our music i said i like it like that skrrt,[],0
3793,kidz bop makes it perfect i said i like it,[],0
3794,kb,[],0
3816,there's some hoes in this house,[],0
3819,there's some hoes,[],0
3820,i said certified freak uhhuh seven days a week uhhuh,[],0
3821,wetass pussy make that pullout game weak uhhuh,"['uhhuh', 'pussy', 'wetass']",1
3826,beat it up baby catch a charge,[],0
3833,pussy is wet come take a dive,['pussy'],1
3834,tie me up like i'm surprised,[],0
3836,want you to park that big mack truck right in this little garage,[],0
3842,switch my wig make him feel like he's cheating oh,[],0
3871,never lost a fight but i'm looking for a beating,[],0
3872,the food chain i'm the one that eat ya,[],0
3873,if he ate my ass he's a bottomfeeder oh,['ass'],1
3874,big d stand for big demeanor oh,[],0
3875,i could make you bust before i ever meet ya oh,[],0
3876,if it don't hang then he can't bang oh,[],0
3877,can't hurt my feelings but i like pain oh,[],0
3878,if he fuck me and ask whose is it oh,['fuck'],1
3879,when i ride the dick i'ma spell my name oh,['dick'],1
3880,get your boots and your coat for this wetass pussy,"['pussy', 'wetass', 'get', 'coat', 'boots']",1
3881,he bought a phone just for pictures of this wetass pussy,"['phone', 'pussy', 'wetass', 'pictures', 'just', 'bought']",1
3882,pay my tuition just to kiss me on this wetass pussy,"['pussy', 'wetass', 'tuition', 'kiss', 'pay', 'just']",1
3883,make it rain if you wanna see some wetass pussy,"['rain', 'pussy', 'wetass', 'wanna', 'see', 'make']",1
3887,macaroni in a pot that's some wetass pussy yeah,"['pussy', 'wetass']",1
3898,hoes in this house,['hoes'],1
3903,wetass pussy make that pullout game weak,"['pussy', 'wetass']",1
3909,extra largе and extra hard,['largе'],1
3911,swipe your nosе like a credit card,[],0
3923,gobble me swallow me drip down the side of me,[],0
3924,quick jump out 'fore you let it get inside of me,[],0
3925,i tell him where to put it never tell him where i'm 'bout to be,[],0
3926,i'll run down on him 'fore i have a baby running me,[],0
3928,ask for a car while you ride that dick,['dick'],1
3929,you really ain't never gotta fuck him for a thang,['fuck'],1
3930,he already made his mind up 'fore he came,[],0
3931,now get your boots and your coat for this wetass pussy,"['pussy', 'wetass']",1
3980,you used to call me on my,[],0
3981,you used to you used to,[],0
3983,you used to call me on my cell phone,[],0
3984,latenight when you need my love,[],0
3985,call me on my cell phone,[],0
3987,and i know when that hotline bling,[],0
3988,that can only mean one thing,[],0
3989,i know when that hotline bling,[],0
3991,ever since i left the city you,[],0
3992,got a reputation for yourself now,[],0
3993,everybody knows and i feel left out,[],0
3994,girl you got me down you got me stressed out,[],0
3995,'cause ever since i left the city you,[],0
3996,started wearing less and going out more,[],0
3997,glasses of champagne out on the dance floor,[],0
3998,hanging with some girls i never seen before,[],0
4007,ever since i left the city you you you,[],0
4008,you and me we just don't get along,[],0
4009,you make me feel like i did you wrong,[],0
4010,going places where you don't belong,[],0
4012,you got exactly what you asked for,[],0
4013,running out of pages in your passport,[],0
4014,hanging with some girls i've never seen before,[],0
4023,these days all i do is,[],0
4024,wonder if you're bending over backwards for someone else,[],0
4025,wonder if you're rolling up a backwoods for someone else,[],0
4026,doing things i taught you getting nasty for someone else,[],0
4027,you don't need no one else,[],0
4028,you don't need nobody else no,[],0
4029,why you never alone,[],0
4030,why you always touching road,[],0
4031,used to always stay at home,[],0
4032,be a good girl you was in the zone,[],0
4033,yeah you should just be yourself,[],0
4034,right now you're someone else,[],0
4043,ever since i left the city,[],0
4045,hold on hold on fuck that,"['fuck', 'hold']",1
4046,fuck that shit,"['fuck', 'shit']",1
4047,hold on i got to start this motherfucking record over again wait a minute,"['start', 'hold', 'wait', 'again', 'minute', 'motherfucking', 'got', 'record']",1
4049,still on this motherfucking record,"['motherfucking', 'still', 'record']",1
4050,i'ma play this motherfucker for y'all,"[""y'all"", 'play', 'motherfucker', ""i'ma""]",1
4051,ayy y'all get some more drinks going on,[],0
4052,i'll sound a whole lot better,[],0
4053,listen,[],0
4054,seeing you got ritualistic,[],0
4055,cleansing my soul of addiction for now,[],0
4056,'cause i'm falling apart yeah,[],0
4057,tension,[],0
4058,between us just like picket fences,[],0
4059,you got issues that i won't mention for now,[],0
4060,'cause we're falling apart,[],0
4061,passionate from miles away,[],0
4062,passive with the things you say,[],0
4063,passing up on my old ways,[],0
4064,i can't blame you no no,[],0
4070,harder building trust from a distance,[],0
4071,i think we should rule out commitment for now,[],0
4073,leaving,[],0
4074,you're just doing that to get even,[],0
4075,don't pick up the pieces just leave it for now,[],0
4076,they keep falling apart,[],0
4085,um trying to think of the right thing to say,[],0
4086,nobody pray for me,[],0
4087,it been that day for me,[],0
4088,way yeah yeah,[],0
4089,ayy i remember syrup sandwiches and crime allowances,[],0
4090,finesse a nigga with some counterfeits but now i'm counting this,['nigga'],1
4091,parmesan where my accountant lives in fact i'm downing this,[],0
4092,d'ussé with my boo bae tastes like koolaid for the analysts,[],0
4093,girl i can buy your ass the world with my paystub,['ass'],1
4094,ooh that pussy good won't you sit it on my taste bloods,['pussy'],1
4095,i get way too petty once you let me do the extras,[],0
4096,pull up on your block then break it down we playing tetris,[],0
4097,am to the pm pm to the am funk,[],0
4098,piss out your per diem you just gotta hate 'em funk,"['funk', 'gotta', ""'em"", 'diem', 'piss', 'hate', 'just', 'per']",1
4099,if i quit your bm i still ride mercedes funk,[],0
4100,if i quit this season i still be the greatest funk,[],0
4101,my left stroke just went viral,[],0
4102,right stroke put lil' baby in a spiral,[],0
4103,soprano c we like to keep it on a high note,[],0
4104,it's levels to it you and i know,[],0
4105,bitch be humble hold up bitch,"['bitch', 'hold']",1
4106,sit down hold up lil' hold up lil' bitch,"['bitch', 'hold']",1
4107,be humble hold up bitch,"['bitch', 'hold']",1
4108,sit down hold up sit down lil' sit down lil' bitch,"['bitch', 'hold']",1
4109,be humble hold up hold up hold up hold up lil' bitch,"['bitch', ""lil'"", 'hold']",1
4110,bitch sit down hold up lil' bitch,"['bitch', 'hold']",1
4112,sit down hold up hold up hold up hold up,[],0
4113,be humble hold up hold up hold up hold up lil',[],0
4114,sit down hold up lil' bitch,"['bitch', 'hold']",1
4121,who that nigga thinking that he fronting on manman manman,['nigga'],1
4122,get the fuck off my stage i'm the sandman sandman,['fuck'],1
4123,get the fuck off my dick that ain't right,"['fuck', 'dick']",1
4124,i make a play fucking up your whole life,['fucking'],1
4125,i'm so fucking sick and tired of the photoshop,['fucking'],1
4126,show me something natural like afro on richard pryor,[],0
4127,show me something natural like ass with some stretch marks,"['like', 'ass']",1
4128,still'll take you down right on your mama couch in polo socks,"[""still'll""]",1
4129,ayy this shit way too crazy ayy you do not amaze me ayy,['shit'],1
4130,i blew cool from ac ayy obama just paged me ayy,[],0
4131,i don't fabricate it ayy most of y'all be fakin' ayy,[],0
4132,i stay modest 'bout it ayy she elaborate it ayy,[],0
4133,this that grey poupon that evian that ted talk ayy,[],0
4134,watch my soul speak you let the meds talk ayy,[],0
4135,if i kill a nigga it won't be the alcohol ayy,['nigga'],1
4136,i'm the realest nigga after all,['nigga'],1
4153,intro kendrick lamar,[],0
4154,lalah hathaway,[],0
4156,everything black i don't want black,[],0
4157,they want us to bow,[],0
4159,i want everything black i ain't need black,[],0
4160,down to our knees,"['down', 'knees']",1
4162,some white something black i ain't mean black,[],0
4163,and pray to the god,"['pray', 'god']",1
4165,i hate everything black,[],0
4166,we don't believe,[],0
4168,black i want all things black,[],0
4169,i don't need black i want everything black,[],0
4170,i don't need black our eyes ain't black,[],0
4171,i own black i own everything black,[],0
4172,six in the morn',[],0
4173,fire in the street,[],0
4174,burn baby burn you you you you you,[],0
4175,that's all i wanna see you you you you you,[],0
4176,and sometimes i get off watching you die in vain,[],0
4177,it's such a shame they may call me crazy,[],0
4178,they may say i suffer from schizophrenia or something,[],0
4179,but homie you made me you you you you you,[],0
4180,black don't crack my nigga,['nigga'],1
4181,i'm the biggest hypocrite of 2015,[],0
4182,once i finish this witnesses will convey just what i mean,[],0
4183,been feeling this way since i was sixteen came to my senses,[],0
4184,you never liked us anyway fuck your friendship i meant it,['fuck'],1
4185,i'm africanamerican i'm african i'm black as the moon,[],0
4186,heritage of a small village pardon my residence,[],0
4188,came from the bottom of mankind,[],0
4189,my hair is nappy my dick is big my nose is round and wide,['dick'],1
4190,you hate me don't you,[],0
4191,you hate my people your plan is to terminate my culture,[],0
4192,you're fucking evil,['fucking'],1
4193,i want you to recognize that i'm a proud monkey,[],0
4194,you vandalize my perception but can't take style from me,[],0
4195,and this is more than confession,[],0
4196,i mean i might press the button just so you know my discretion,[],0
4197,i'm guarding my feelings i know that you feel it,[],0
4198,you sabotage my community making a killing,[],0
4199,you made me a killer emancipation of a real nigga,['nigga'],1
4200,the blacker the berry the sweeter the juice,[],0
4203,the blacker the berry the bigger i shoot,[],0
4204,i said they treat me like a slave cah me black,[],0
4205,woi we feel a whole heap of pain cah we black,[],0
4206,and man a say they put me inna chains cah we black,['cah'],1
4207,imagine now big gold chains full of rocks,[],0
4208,how you no see the whip left scars 'pon me back,[],0
4209,but now we have a big whip parked 'pon the block,[],0
4210,all them say we doomed from the start cah we black,[],0
4211,remember this every race start from the black jus 'member dat,[],0
4214,i mean it's evident that i'm irrelevant to society,[],0
4215,that's what you're telling me penitentiary would only hire me,[],0
4216,curse me 'til i'm dead church me with your fake prophesizing,"['church', 'fake', 'prophesizing', ""'til""]",1
4217,that i'ma be just another slave in my head,"[""i'ma""]",1
4218,institutionalized manipulation and lies,[],0
4219,reciprocation of freedom only live in your eyes,[],0
4221,i know you hate me just as much as you hate yourself,[],0
4222,jealous of my wisdom and cards i dealt,[],0
4223,watching me as i pull up fill up my tank then peel out,[],0
4224,muscle cars like pullups show you what these big wheels 'bout ah,[],0
4225,black and successful this black man meant to be special,[],0
4226,katzkins on my radar bitch how can i help you,['bitch'],1
4227,how can i tell you i'm making a killin',[],0
4240,remember this every race start from the black go scream mother,"['scream', 'mother', 'go', 'black']",1
4242,when i finish this if you listen then sure you will agree,[],0
4243,this plot is bigger than me it's generational hatred,[],0
4244,it's genocism it's grimy little justification,[],0
4245,i'm africanamerican i'm african,[],0
4246,i'm black as the heart of a fucking aryan,['fucking'],1
4247,i'm black as the name of tyrone and darius excuse my french,[],0
4248,but fuck you no fuck y'all that's as blunt as it gets,"[""that's"", 'fuck', 'gets', 'blunt']",1
4249,i know you hate me don't you,[],0
4250,you hate my people i can tell 'cause it's threats when i see you,[],0
4251,i can tell 'cause your ways deceitful,[],0
4252,know i can tell because you in love with that desert eagle,[],0
4253,thinking maliciously he get a chain then you gon' bleed him,"[""gon'""]",1
4254,it's funny how zulu and xhosa might go to war,[],0
4255,two tribal armies that wanna build and destroy,[],0
4256,remind me of these compton crip gangs that live next door,[],0
4257,beefing with pirus only death settle the score,[],0
4258,so don't matter how much i say i like to preach with the panthers,[],0
4259,or tell georgia state marcus garvey got all the answers,[],0
4260,or try to celebrate february like it's my bday,[],0
4261,or eat watermelon chicken and koolaid on weekdays,[],0
4262,or jump high enough to get michael jordan endorsements,[],0
4263,or watch bet 'cause urban support is important,[],0
4264,so why did i weep when trayvon martin was in the street,[],0
4265,when gangbanging make me kill a nigga blacker than me,"['nigga', 'gangbanging']",1
4266,hypocrite,[],0
4267,astro yeah,[],0
4268,sun is down freezing cold,[],0
4269,that's how we already know winter's here,[],0
4270,my dawg would probably do it for a louis belt,[],0
4271,that's just all he know he don't know nothing else,[],0
4272,i tried to show 'em yeah,[],0
4273,i tried to show 'em yeah yeah,[],0
4275,going on you with the pick and roll,[],0
4276,young la flame he in sicko mode,[],0
4277,woo made this here with all the ice on in the booth,[],0
4278,at the gate outside when they pull up they get me loose,[],0
4279,yeah jump out boys that's nike boys hopping out coupes,[],0
4280,this shit way too big when we pull up give me the loot,['shit'],1
4281,gimme the loot,"['loot', 'gimme']",1
4283,was off the remy had a papoose,[],0
4284,had to hit my old town to duck the news,[],0
4285,twofour hour lockdown we made no moves,[],0
4286,now it's 4 am and i'm back up popping with the crew,[],0
4287,i just landed in chase b mixes pop like jamba juice,[],0
4288,different colored chains think my jeweler really selling fruits,[],0
4289,and they chokin' man know the crackers wish it was a noose,[],0
4290,somesomesomesomeone said,[],0
4291,to win the retreat we all in too deep,[],0
4292,playplayplaying for keeps don't play us for weak,[],0
4293,someone said,[],0
4297,yeah this shit way too formal y'all know i don't follow suit,['shit'],1
4298,stacey dash most of these girls ain't got a clue,[],0
4299,all of these hoes i made off records i produced,[],0
4300,i might take all my exes and put 'em all in a group,[],0
4301,hit my eses i need the bootch,[],0
4302,'bout to turn this function to bonnaroo,[],0
4303,told her hop in you coming too,[],0
4304,in the 305 bitches treat me like i'm uncle luke,['bitches'],1
4306,don't stop pop that pussy,"['pussy', ""don't"", 'stop', 'pop']",1
4308,had to slop the top off it's just a roof uh,[],0
4309,she said where we goin' i said the moon,[],0
4310,we ain't even make it to the room,[],0
4311,she thought it was the ocean it's just the pool,[],0
4312,now i got her open it's just the goose,[],0
4313,who put this shit together i'm the glue,['shit'],1
4315,shorty facetimed me out the blue,[],0
4317,playplaying for keeps,[],0
4318,someone said mother someone said,[],0
4319,don't play us for weak,[],0
4321,astro yeah yeah,[],0
4323,tay keith fuck these niggas up,"['fuck', 'tay', 'niggas', 'keith']",1
4326,she's in love with who i am,[],0
4327,back in high school i used to bus it to the dance,[],0
4330,now i hit the fbo with duffels in my hands,[],0
4331,i did half a xan thirteen hours 'til i land,[],0
4332,had me out like a light ayy yeah,[],0
4333,like a light ayy yeah,[],0
4334,like a light ayy slept through the flight ayy,[],0
4335,knocked for the night ayy,[],0
4336,767 man this shit got double bedroom man,['shit'],1
4337,i still got scores to settle man,[],0
4338,i crept down the block down the block,[],0
4339,made a right yeah right,[],0
4340,cut the lights yeah what paid the price yeah,[],0
4341,niggas think it's sweet nah never it's on sight yeah what,['niggas'],1
4342,nothing nice yeah baguettes in my ice aw man,[],0
4343,jesus christ yeah checks over stripes yeah,[],0
4344,that's what i like,[],0
4346,that's what we like,[],0
4349,lost my respect you not a threat,[],0
4350,when i shoot my shot that shit wetty like i'm sheck,['shit'],1
4351,bitch,['bitch'],1
4353,see the shots that i took ayy wet like i'm book ayy,[],0
4354,wet like i'm lizzie,[],0
4355,i be spinning valley circle blocks 'til i'm dizzy yeah what,[],0
4356,like where is he yeah what,[],0
4357,no one seen him yeah yeah,[],0
4358,i'm tryna clean 'em yeah,[],0
4365,had me out like a light,[],0
4366,like a light,[],0
4375,yeah passed the dawgs a celly,[],0
4376,sending texts ain't sending kites yeah,[],0
4377,he said keep that on lock,[],0
4378,i say you know this shit it's stife yeah,['shit'],1
4379,it's absolute yeah yeah i'm back reboot it's lit,[],0
4380,laferrari to jamba juice yeah skrrt skrrt,[],0
4381,we back on the road they jumping off no parachute yeah,[],0
4382,shorty in the back,[],0
4383,she said she working on her glutes yeah oh my god,[],0
4384,ain't by the book yeah this how it look yeah,[],0
4385,'bout a check yeah check just check the foots yeah,[],0
4386,pass this to my daughter i'ma show her what it took yeah,[],0
4387,baby mama cover,[],0
4388,forbes,[],0
4389,got these other bitches shook,"['shook', 'got', 'other', 'bitches']",1
4391,yo i never fucked wayne i never fucked drake,"['fucked', 'drake', 'never', 'wayne']",1
4392,on my life man fuck's sake,"['sake', ""fuck's"", 'man', 'life']",1
4393,if i did i'd ménage with 'em,[],0
4394,and let 'em eat my ass like a cupcake,"['like', 'eat', 'cupcake', 'ass', 'let', ""'em""]",1
4395,my man full he just ate,[],0
4396,i don't duck nobody but tape,"['tape', ""don't"", 'duck', 'nobody']",1
4397,yeah that was a setup,[],0
4398,for a punchline on duct tape,[],0
4399,wowowoworried 'bout if my butt fake,[],0
4400,woworried 'bout y'all niggas us straight,"['niggas', ""'bout"", 'us', 'straight', ""y'all"", 'woworried']",1
4401,ththese girls are my sons,[],0
4402,jojon kate plus eight,[],0
4403,when i walk in sit up straight,[],0
4404,i don't give a fuck if i was late,"['fuck', 'give', ""don't"", 'late']",1
4405,dinner with my man on a g5,[],0
4406,is my idea of a update,[],0
4407,huthut one huthut two,[],0
4408,big titties big butt too,"['titties', 'butt', 'big']",1
4409,fufuck with them real niggas,"['real', 'niggas', 'fufuck']",1
4410,who don't tell niggas what they up to,"['niggas', ""don't"", 'tell']",1
4411,had to show bitches where the top is,"['show', 'top', 'bitches']",1
4412,riring finger where the rock is,[],0
4413,thethese hoes couldn't test me,[],0
4414,even if their name was pop quiz,[],0
4415,bad bitches who i fuck with,"['bad', 'fuck', 'bitches']",1
4416,mamamad bitches we don't fuck with,"['mamamad', 'fuck', ""don't"", 'bitches']",1
4417,i don't fuck with them chickens,"['fuck', 'chickens', ""don't""]",1
4418,unless they last name is cutlet,[],0
4419,let it soak in,[],0
4420,like seasoning,[],0
4421,and tell them bitches blow me,"['blow', 'tell', 'bitches']",1
4422,lance stephenson,[],0
4423,chorus chris brown,[],0
4424,drake,[],0
4426,raise every bottle and cup in the sky,[],0
4427,sparks in the air like the fourth of july,[],0
4428,nothing but bad bitches in here tonight,"['bad', 'nothing', 'tonight', 'bitches']",1
4429,oh if you lame and you know it be quiet,[],0
4430,nothing but real niggas only bad bitches only,"['niggas', 'nothing', 'bitches', 'real', 'bad']",1
4431,rich niggas only independent bitches only,"['niggas', 'independent', 'rich', 'bitches']",1
4432,boss niggas only thick bitches only,"['boss', 'niggas', 'thick', 'bitches']",1
4433,i got my real niggas here by my side yeah only,"['real', 'side', 'niggas', 'got']",1
4434,i never fucked nicki 'cause she got a man,"['fucked', 'nicki', 'never', 'man', ""'cause"", 'got']",1
4435,but when that's over then i'm first in line,[],0
4436,and the other day in her maybach,[],0
4437,i thought goddamn this is the perfect time,"['perfect', 'time', 'goddamn', 'thought']",1
4438,we had just come from that video,[],0
4439,you know la traffic how the city slow,[],0
4440,she was sitting down on that big butt,"['butt', 'down', 'sitting', 'big']",1
4441,but i was still staring at the titties though,"['titties', 'staring', 'still', 'though']",1
4442,yeah lowkey or maybe highkey,[],0
4443,i been peeped that you like me you know,[],0
4444,who the fuck you really wanna be with besides me,"['fuck', 'really', 'besides', 'wanna']",1
4445,i mean it doesn't take much for us to do this shit quietly,"[""doesn't"", 'shit', 'us', 'much', 'quietly', 'mean', 'take']",1
4446,i mean she say i'm obsessed with thick women and i agree,"['thick', 'obsessed', ""i'm"", 'women', 'mean', 'agree', 'say']",1
4447,yeah that's right i like my girls bbw,[],0
4448,yeah type that wanna suck you dry and then eat some lunch with you,"['lunch', 'suck', 'eat', 'wanna', 'type', 'dry']",1
4449,yeah so thick that everybody else in the room is so uncomfortable,[],0
4450,ass on houston texas but the face look just like clair huxtable,"['face', 'clair', 'look', 'texas', 'like', 'ass', 'huxtable', 'just', 'houston']",1
4451,oh yeah you the man in the city when the mayor fuck with you,"['fuck', 'mayor', 'man', 'city']",1
4452,the nba players fuck with you,"['players', 'fuck', 'nba']",1
4453,the badass bitches doing makeup and hair fuck with you oh,"['bitches', 'badass', 'fuck', 'makeup', 'hair']",1
4454,that's 'cause i believe in somethin' i stand for it,[],0
4455,and nicki if you ever tryna fuck,"['fuck', 'ever', 'tryna', 'nicki']",1
4456,just give me the headsup so i can plan for it,[],0
4461,pinkprint ayy,[],0
4469,i got my real niggas here by my side only,"['real', 'side', 'niggas', 'got']",1
4470,i never fucked nick' and that's fucked up,"[""nick'"", ""that's"", 'fucked', 'never']",1
4471,if i did fuck she'd be fucked up,"['fuck', 'fucked', ""she'd""]",1
4472,whoever is hitting ain't hitting it right,[],0
4473,'cause she act like she need dick in her life,"['need', 'act', 'like', 'dick', ""'cause"", 'life']",1
4474,that's another story i'm no storyteller,[],0
4475,i piss greatness like goldish yellow,"['greatness', 'yellow', 'like', 'goldish', 'piss']",1
4476,all my goons so overzealous,[],0
4477,i'm from hollygrove the holy mecca,[],0
4478,calendar say i got money for days,[],0
4479,i squirm and i shake but i'm stuck in my ways,[],0
4480,my girlfriend will beat a bitch up if she wave,"['girlfriend', 'bitch', 'wave', 'beat']",1
4481,they bet' not fuck with her surfboard surfboard,"['fuck', 'surfboard', ""bet'""]",1
4482,my eyes are so bright i take cover for shade,[],0
4483,don't have my money take mothers instead,[],0
4484,you got the hiccups you swallowed the truth,[],0
4485,then i make you burp boy treat beef like sirloin,[],0
4486,i'm talking 'bout running in houses with army guns,"['running', 'guns', ""'bout"", ""i'm"", 'talking', 'army', 'houses']",1
4487,so think about your son and daughter rooms,[],0
4488,got two hoes with me masked up they got smaller guns,"['masked', 'guns', 'hoes', 'two', 'smaller', 'got']",1
4489,ain't thinking 'bout your son and daughter rooms,[],0
4490,this shit is crazy my nigga,"['nigga', 'shit', 'crazy']",1
4491,i mean brazy my nigga,"['nigga', 'mean', 'brazy']",1
4492,that money talk i just rephrase it my nigga,"['talk', 'just', 'rephrase', 'nigga', 'money']",1
4493,blood gang take the b off behavior my nigga,"['behavior', 'blood', 'gang', 'b', 'nigga', 'take']",1
4494,for reals if you mouth off i blow your face off,"['reals', 'face', 'blow', 'mouth']",1
4495,i mean poppoppop then i take off,[],0
4496,nigga now you see me nigga now you don't,"['nigga', 'see', ""don't"", 'now']",1
4497,like jamie foxx acting like ray charles,[],0
4498,sixteen in a clip one in the chamber,[],0
4499,17 ward bully with seventeen bullets,"['17', 'ward', 'seventeen', 'bully', 'bullets']",1
4500,my story is how i went from poor me,[],0
4501,to please pour me a drink and celebrate with me,[],0
4503,lil wayne,[],0
4509,young mula baby,[],0
4515,bangladesh,[],0
4517,young money,[],0
4518,you dig,[],0
4519,yeah mack i'm going in,[],0
4520,a millionaire i'm a young money millionaire,[],0
4521,tougher than nigerian hair woo,[],0
4522,my criteria compared to your career just isn't fair,[],0
4523,i'm a venereal disease like a menstrual bleed,[],0
4524,through the pencil and leak on the sheet of the tablet in my mind,[],0
4525,'cause i don't write shit 'cause i ain't got time,['shit'],1
4526,'cause my seconds minutes hours go to the almighty dollar,[],0
4527,and the almighty power of that chchochochochopper,[],0
4528,sister brother son daughter father motherfuck a copper,['motherfuck'],1
4529,got the maserati dancing on the bridge pussy popping,['pussy'],1
4530,tell the coppers hahahaha you can't catch him you can't stop him,[],0
4531,i go by them goon rules if you can't beat 'em then you pop 'em,[],0
4532,you can't man 'em then you mop 'em you can't stand 'em then you drop 'em,[],0
4533,you pop 'em 'cause we pop 'em like orville redenbacher,[],0
4534,motherfucker i'm ill yeah,['motherfucker'],1
4535,a million here a million there,[],0
4536,sicilian bitch with long hair with coke in her derrière,['bitch'],1
4537,like smoking the thinnest air i open the lamborghini,[],0
4538,hoping them crackers see me like look at that bastard weezy,[],0
4539,he's a beast he's a dog he's a motherfucking problem,['motherfucking'],1
4540,okay you're a goon but what's a goon to a goblin,[],0
4541,nothin' nothin' you ain't scaring nothing,[],0
4542,on some faggot bullshit call 'em dennis rodman,"['faggot', 'bullshit']",1
4543,call me what you want bitch call me on my sidekick,['bitch'],1
4544,never answer when it's private damn i hate a shy bitch,['bitch'],1
4545,don't you hate a shy bitch yeah i ate a shy bitch,['bitch'],1
4546,she ain't shy no more she changed her name to my bitch haha,['bitch'],1
4547,yeah nigga that's my bitch,"['nigga', 'bitch']",1
4548,so when she ask for the money when you through don't be surprised bitch woo,"['ask', ""don't"", 'surprised', 'bitch', 'money']",1
4549,and it ain't tricking if you got it,[],0
4550,but you like a bitch with no ass you ain't got shit,"['ass', 'bitch', 'shit']",1
4551,motherfucker i'm ill not sick,['motherfucker'],1
4552,and i'm okay but my watch sick,[],0
4553,yeah my drop sick yeah my glock sick,[],0
4554,and my knot thick i'm it,[],0
4556,see they say i'm rapping like big jay and 2pac,[],0
4557,andré 3000 where is erykah badu at who that,[],0
4558,who that said they gon' beat lil wayne,[],0
4559,my name ain't bic but i keep that flame man,[],0
4560,who that one that do that boy you knew that chew that swallow,[],0
4561,and i be the shit now you got loose bowels,['shit'],1
4562,i don't owe you like two vowels,[],0
4563,but i would like for you to pay me by the hour haha,[],0
4564,and i'd rather be pushing flowers,[],0
4565,than to be in the pen sharing showers huh,[],0
4566,tony told us this world was ours,[],0
4567,and the bible told us every girl was sour,[],0
4568,don't play in her garden and don't smell her flower,[],0
4569,call me mr carter or mr lawn mower,[],0
4570,boy i got so many bitches like i'm mike lowrey,['bitches'],1
4571,even gwen stefani said she couldn't doubt me,[],0
4572,motherfucker i say life ain't shit without me,['shit'],1
4573,chrome lips poking out the coupe look like it's pouting,[],0
4574,i do what i do and you do what you can do about it,[],0
4575,bitch i can turn a crack rock into a mountain dare me,['bitch'],1
4576,don't you compare me 'cause there ain't nobody near me,[],0
4577,they don't see me but they hear me they don't feel me but they fear me i'm illy,[],0
4578,c3 3 peat hahaha,[],0
4579,cut the music up,[],0
4580,a little louder yeah,[],0
4581,you had a lot of crooks try to steal your heart,[],0
4582,never really had luck couldn't never figure out,[],0
4583,how to love how to love mm,[],0
4584,you had a lot of moments that didn't last forever,[],0
4585,now you in a corner tryna put it together,[],0
4587,for a second you were here hey now you over there hey hey,[],0
4588,it's hard not to stare the way you're moving your body,[],0
4589,like you never had a love,[],0
4590,ayy,[],0
4591,never had a love ayy,[],0
4592,when you was just a youngin your looks were so precious,[],0
4593,but now you're grown up so fly it's like a blessing,[],0
4594,but you can't have a man look at you for five seconds,[],0
4595,without you being insecure,[],0
4596,you never credit yourself so when you got older,[],0
4597,it seems like you came back ten times over,[],0
4598,now you're sitting here in this damn corner,[],0
4599,looking through all your thoughts and looking over your shoulder,[],0
4600,see you had a lot of crooks try to steal your heart,[],0
4603,see you had a lot of moments that didn't last forever,[],0
4604,now you in this corner tryna put it together,[],0
4605,how to love ah how to love mm,[],0
4606,for a second you were here hey now you over there hey,[],0
4607,it's hard not to stare the way you're moving your body hey,[],0
4608,like you never had a love ayy uh had a love ayy,[],0
4609,oh and you had a lot of dreams that transform to visions,[],0
4610,the fact that you saw the world affected all your decisions,[],0
4611,but it wasn't your fault wasn't in your intentions,[],0
4612,to be the one here talking to me be the one listenin' but,[],0
4613,but i admire your popping bottles and dipping,[],0
4614,just as much as you admire bartending and strippin' baby,"[""strippin'"", 'much', 'admire', 'just', 'baby', 'bartending']",1
4615,so don't be mad nobody else tripping,[],0
4616,you seen a lot of crooks and them crooks still crook,[],0
4617,you see you had a lot of crooks try to steal your heart,[],0
4622,how to love how to love oh,[],0
4623,see i just want you to know,[],0
4624,that you deserve the best you're beautiful,[],0
4627,you're beautiful ayy yeah,[],0
4628,and i want you to know,[],0
4629,you're far from the usual,[],0
4631,far from the usual ayy,[],0
4640,how to love how to love yeah,[],0
4644,camo shorts and bubba kush,[],0
4645,we can talk she'd rather fuss,[],0
4646,this and that 'bout such and such,[],0
4647,damn where is the fucking trust,[],0
4648,i'm tired of the hoop and hollering,[],0
4649,i'm 'bout to take the coupe to collins,[],0
4650,then take a female to the island,[],0
4651,then take her clothes off and do the honors,[],0
4652,yeah now she hear i'm with them other bitches,"[""i'm"", 'hear']",1
4653,yeah i told her mind her fucking business,[],0
4654,shit she probably out here fucking niggas,['probably'],1
4655,i'm fucking her friends,[],0
4656,now her friends ain't even fucking with her,"['fucking', ""ain't"", 'now', 'even', 'friends']",1
4657,damn she text me all day and night,"['day', 'damn', 'night', 'all', 'text']",1
4658,so pissed off she ain't even spelling shit right,[],0
4659,i text her back and tell her it's life,[],0
4660,now somebody tell them hoes i'm single for the night,[],0
4661,yeah i'm single,[],0
4662,nigga had to cancel that bitch like,[],0
4663,nino,[],0
4664,i ain't tripping on nothing i'm sipping on something,[],0
4665,and my homeboy say he got a bad bitch for me,[],0
4666,and i'm single yeah i'm single,[],0
4667,and i'm single tonight i'm single,[],0
4668,and i ain't tripping on nothing i'm sipping on something,[],0
4669,and my homeboy say he got a bad bitch for me tonight,"['say', 'bad', 'bitch', 'got', 'homeboy']",1
4674,dreads braided to the back,[],0
4675,i'm chilling but my swag on full attack,[],0
4676,and my girl acting like a brat,[],0
4677,so when she call i don't answer i just write her back,[],0
4678,she hate it when i do that shit,[],0
4679,and when i get home she go through my shit,[],0
4680,she call numbers back to see who that is,[],0
4681,man i hate it when she do that shit,[],0
4682,polo tshirt polo drawers,[],0
4683,now make me take this polo off,[],0
4684,girl you can get broken off,[],0
4685,yeah i fuck you for an hour then i smoke it off,[],0
4686,swimming trunks and bathing suits,[],0
4687,then go in the bedroom and tell the naked truth,[],0
4688,don't wanna fuss ain't tryna fight,[],0
4689,man somebody tell them hoes i'm single for the night,[],0
4699,now she got on her fuck 'em dress,"['fuck', 'now', ""'em"", 'dress', 'got']",1
4700,and i got on my doublebreast,"['got', 'doublebreast']",1
4701,and he been fussing all day with her,[],0
4702,and i make her feel special like a place kicker,[],0
4703,she wanna be weezy f babysitter,[],0
4704,say she wish she could cut my dick off and take it with her,[],0
4705,i say hold up,[],0
4706,she say she just playing,[],0
4707,then i falls in that pussy like quick sand,[],0
4708,hot sex and cold wine,[],0
4709,she left that nigga hanging like a clothes line,[],0
4710,i cut my phones off both lines,[],0
4711,it's about to get nasty pork rinds,[],0
4712,she came hard both times,[],0
4713,we both say we single and we both lying,[],0
4714,we both wrong but it feel right,[],0
4716,put your hands up if you single for the night,[],0
4726,if you're single put your hands up,[],0
4728,if you're single put your,[],0
4729,if you're single tonight,[],0
4732,if you're single,[],0
4735,thank you thank you thank you you're far too kind,[],0
4736,whoo,[],0
4737,ah uh whoo yeah ready,[],0
4738,whoo whoo whoo,[],0
4741,can i get a encore do you want more,[],0
4743,cooking raw with the brooklyn boys,[],0
4744,so for one last time i need y'all to roar,[],0
4745,uh uh uh uh yeah,[],0
4746,now what the hell are you waiting for,"['hell', 'now', 'waiting']",1
4747,after me there shall be no more,[],0
4748,so for one last time nigga make some noise,"['noise', 'time', 'one', 'last', 'nigga', 'make']",1
4749,get 'em jay,[],0
4750,who you know fresher than hov riddle me that,[],0
4751,the rest of y'all know where i'm lyrically at,[],0
4752,can't none of y'all mirror me back yeah hearing me rap,[],0
4753,is like hearing g rap in his prime i'm,[],0
4754,young ho rap's grateful dead,[],0
4755,'bout to take over the globe now break bread,[],0
4756,i'm in boeing jets global express,[],0
4757,out the country but the blueberry still connect,[],0
4758,on the low but the yacht got a triple deck,[],0
4759,but when you young what the fuck you expect yep yep,[],0
4760,grand openin' grand closing,[],0
4761,goddamn your man hov cracked the can open again,"['hov', 'goddamn']",1
4762,who you gon' find doper than him,[],0
4763,with no pen just draw off inspirationtion,[],0
4764,soon you gon' see you can't replace himhim,[],0
4765,with cheap imitations for these generations,[],0
4766,can i get an encore do you want more,[],0
4773,what the hell are you waiting for,[],0
4774,look what you made me do look what i made for you,[],0
4775,knew if i paid my dues how will they pay you,[],0
4776,when you first come in the game they try to play you,[],0
4777,then you drop a couple of hits look how they wave to you look how they wave to you,[],0
4778,from marcy to madison square,[],0
4779,to the only thing that matters in just a matter of years yeah,[],0
4781,as fate would have it jay's status appears,[],0
4782,to be at an alltime high perfect time to say goodbye,[],0
4783,when i come back like jordan,[],0
4784,wearing the 45 it ain't to play games with you,[],0
4785,it's to aim at you probably maim you,[],0
4786,if i owe you i'm blowing you to smithereens,[],0
4787,cocksucker take one for your team,[],0
4788,and i need you to remember one thing one thing,[],0
4790,i came i saw i conquered,[],0
4791,from record sales to soldout concerts,[],0
4792,so motherfucker if you want this encore,['motherfucker'],1
4793,i need you to scream 'til your lungs get sore,[],0
4796,i'm tired of being what you want me to be,[],0
4797,feeling so faithless lost under the surface,[],0
4798,don't know what you're expecting of me,[],0
4799,put under the pressure of walking in your shoes,[],0
4801,caught in the undertow just caught in the undertow,[],0
4803,every step that i take is another mistake to you,[],0
4805,and every second i waste is more than i can take,[],0
4806,i've become so numb i can't feel you there,[],0
4807,become so tired so much more aware,[],0
4808,i'm becoming this all i want to do,[],0
4809,is be more like me and be less like you,[],0
4810,i've become so numb,[],0
4811,can i get a encore do you want more more more more,[],0
4815,one last time i need y'all to roar,[],0
4816,thank you thank you thank you,[],0
4817,you're far too kind,[],0
4818,now can i get a encore do you want more,[],0
4819,cooking raw with the brooklyn boy,[],0
4827,can't none of y'all mirror me back,[],0
4828,yeah hearing me rap is like hearing g rap in his prime,[],0
4829,i'm young ho rap's grateful dead,[],0
4830,back to take over the globe now break bread,[],0
4838,with no pen just draw off inspiration,[],0
4839,soon you gonna see you can't replace him,[],0
4841,now can i get an encore do you want more,[],0
4851,then you drop a couple of hits look how they wave to you,[],0
4868,ow it's star time,[],0
4869,this man is mean he's killing all y'all jive turkeys,[],0
4870,do y'all want more of the jigga man,[],0
4871,well if y'all want more of the jigga man,[],0
4872,then i need y'all to help me bring him back to the stage,[],0
4873,say hova c'mon say it,[],0
4874,hova hova,[],0
4875,are y'all out there hova hova,[],0
4876,are y'all out there,[],0
4877,c'mon louder,[],0
4878,yeah now see that's what i'm talking about,[],0
4879,they love you jigga they love you jigga,[],0
4880,i like the way this one feel,[],0
4881,it's so motherfucking soulful man,"[""it's"", 'motherfucking', 'soulful', 'man']",1
4882,woah woah woah,[],0
4883,yeah okay,[],0
4884,so this here is the victory lap,[],0
4885,then i'm leavin' that's how you get me back,[],0
4886,after a year of them 16's it's 12,[],0
4887,and that's 24 and i'm only doing 2,[],0
4888,you want in the game attention new dudes,[],0
4889,i can get you bet and trl too,[],0
4890,you want to be in the public send your budget,[],0
4891,well fuck it i ain't budging,"['fuck', 'well', 'budging', ""ain't""]",1
4892,young did it to death you gotta love it,[],0
4893,record companies told me i couldn't cut it,[],0
4894,now look at me all starstudded,[],0
4895,golfer above par like i putted,[],0
4896,all 'cause the shit i uttered was utterly ridiculous,"['ridiculous', 'shit', 'utterly', 'all', 'uttered', ""'cause""]",1
4897,how sick is this,[],0
4898,you want to bang send kanye change,[],0
4899,send just some dust send hip a grip,[],0
4900,then you gotta spit a little something like this,[],0
4903,i'm tryna put you in the worst mood ah,[],0
4904,p1 cleaner than your church shoes ah,[],0
4905,milli point two just to hurt you ah,[],0
4906,all red lamb' just to tease you ah,[],0
4907,none of these toys on lease too ah,[],0
4908,made your whole year in a week too yah,[],0
4909,main bitch outta your league too ah,['bitch'],1
4910,side bitch outta your league too ah,['bitch'],1
4911,house so empty need a centerpiece,[],0
4912,twenty racks a table cut from ebony,[],0
4913,cut that ivory into skinny pieces,[],0
4914,then she clean it with her face man i love my baby ah,[],0
4915,you talking money need a hearing aid,[],0
4916,you talking 'bout me i don't see the shade,[],0
4917,switch up my style i take any lane,[],0
4918,i switch up my cup i kill any pain,[],0
4919,hahahahaha hahahahaha,[],0
4920,look what you've done,[],0
4922,i'm a motherfucking starboy,['motherfucking'],1
4927,every day a nigga try to test me ah,['nigga'],1
4928,every day a nigga try to end me ah,['nigga'],1
4929,pull off in that roadster sv ah,[],0
4930,pockets overweight getting hefty ah,[],0
4931,coming for the king that's a far cry i,[],0
4932,i come alive in the fall time i,[],0
4933,the competition i don't really listen,[],0
4934,i'm in the blue mulsanne bumping new edition,[],0
4951,let a nigga brag pitt,['nigga'],1
4952,legend of the fall took the year like a bandit,[],0
4953,bought mama a crib and a brand new wagon,[],0
4954,now she hit the grocery shop looking lavish,[],0
4955,star trek roof in that wraith of khan,[],0
4956,girls get loose when they hear this song,[],0
4957,a hundred on the dash get me close to god,[],0
4958,we don't pray for love we just pray for cars,[],0
4983,young metro young metro young metro sheesh,[],0
4985,young metro young metro,[],0
4986,never need a bitch i'm what a bitch need bitch need,['bitch'],1
4987,tryna find the one that can fix me,[],0
4988,i've been dodging death in the sixspeed,[],0
4989,amphetamine got my stummy feeling sickly,[],0
4990,yeah i want it all now,[],0
4991,i've been running through the pussy need a dog pound,['pussy'],1
4992,hundred models getting faded in the compound,[],0
4993,tryna love me but they never get a pulse down,[],0
4994,why 'cause i'm heartless,[],0
4995,and i'm back to my ways 'cause i'm heartless,[],0
4996,all this money and this pain got me heartless,[],0
4997,low life for life 'cause i'm heartless,[],0
4998,said i'm heartless,[],0
4999,tryna be a better man but i'm heartless,[],0
5000,never be a wedding plan for the heartless,[],0
5003,so much pussy it be falling out the pocket,['pussy'],1
5004,metro boomin turn this ho into a moshpit,[],0
5005,tesla pill got me flying like a cockpit,"['tesla', 'pill']",1
5006,yeah i got her watching,[],0
5007,call me up turn that pussy to a faucet,['pussy'],1
5008,duffle bags full of drugs and a rocket,['drugs'],1
5009,stix drunk but he never miss a target,[],0
5010,photoshoots i'm a star now star,[],0
5011,i'm talking,[],0
5012,time,[],0
5013,rolling stone,[],0
5014,and,[],0
5015,bazaar,[],0
5016,now,[],0
5019,selling dreams to these girls with their guard down what,[],0
5020,seven years i've been swimming with the sharks now,[],0
5029,i lost my heart and my mind,[],0
5030,i try to always do right,[],0
5031,i thought i lost you this time,[],0
5032,you just came back in my life,[],0
5033,you never gave up on me why don't you,[],0
5034,i'll never know what you see why won't you,[],0
5035,i don't do well when alone oh yeah,[],0
5036,you hear it clear in my tone,[],0
5037,'cause i'm heartless ooh,[],0
5045,is it so hard to say the same thing,[],0
5046,and you're so weak to say the same thing,[],0
5047,burn a hole into your apprehensiveness,[],0
5048,and let the wildfire shine,[],0
5049,and repeat after me like,[],0
5050,good girls go to heaven,[],0
5051,and bad girls go everywhere,[],0
5052,and tonight i will love you,[],0
5053,and tomorrow you won't care,[],0
5054,precious little diamond,[],0
5055,i leave it all to you,[],0
5057,let it come to you,[],0
5058,precious little precious little diamond,[],0
5063,you're in love with something bigger than love,[],0
5064,you believe in something stronger than trust,[],0
5065,wanderlust,[],0
5067,don't you shy away from me,[],0
5081,just sacrifice your every last inhibition,[],0
5082,i'm on your side,[],0
5083,don't patronize,[],0
5084,you know tonight,[],0
5085,is the only time we'll have each other,[],0
5086,why would you try to waste this precious time,[],0
5087,'cause tonight we'll be right here,[],0
5107,they're in love with this idea of love,[],0
5108,it's a shame that they'll believe it'll come,[],0
5109,for us all for us all,[],0
5119,precious little diamond ooh ooh,[],0
5129,ooh ooh ooh,[],0
5142,yeah yeah,[],0
5143,the last few months i've been working on me baby,[],0
5144,there's so much trauma in my life,[],0
5145,i've been so cold to the ones who loved me baby,[],0
5146,i look back now and i realize,[],0
5147,and i remember when i held you,[],0
5148,you begged me with your drowning eyes to stay,[],0
5149,and i regret i didn't tell you,[],0
5150,now i can't keep you from loving him,[],0
5151,you made up your mind,[],0
5152,say i love you girl but i'm out of time,[],0
5153,say i'm there for you but i'm out of time,[],0
5154,say that i'll care for you but i'm out of time,[],0
5155,said i'm too late to make you mine out of time ah,[],0
5156,if he mess up just a little,[],0
5157,baby you know my line,[],0
5158,if you don't trust him a little,[],0
5159,then come right back girl come right back,[],0
5160,give me one chance just a little,[],0
5161,baby i'll treat you right,[],0
5162,and i'll love you like i shoulda loved you all the time,[],0
5163,and i remember when i held you held you baby,[],0
5164,you begged me with your drowning eyes to stay never again baby,[],0
5165,and i regret i didn't tell you hey,[],0
5167,you made up your mind uh,[],0
5169,say i'm there for you but i'm out of time no,[],0
5170,say that i'll care for you but i'm out of time hey,[],0
5172,ooh singin' out of time,[],0
5173,said i had you to myself but i'm out of time,[],0
5175,but i'm too late to make you mine out of time uh,[],0
5176,out of time pretend,[],0
5178,don't you dare touch that dial,"['dare', 'touch', ""don't"", 'dial']",1
5179,because like the song says you are out of time,[],0
5180,you're almost there but don't panic,[],0
5181,there's still more music to come,[],0
5182,before you're completely engulfed in the blissful embrace of that little light you see in the distance,[],0
5183,soon you'll be healed forgiven and refreshed,[],0
5184,free from all trauma pain guilt and shame,[],0
5185,you may even forget your own name,[],0
5186,but before you dwell in that house forever,[],0
5187,here's thirty minutes of easy listening to some slow tracks,[],0
5188,on 1035 dawn fm,[],0
5189,temperature risin' bodies united,[],0
5190,now that i trapped you in my arms,[],0
5191,no need to fight it no need to hide it,[],0
5192,now that i've seen what's in your heart,[],0
5193,baby girl i'm the only one who knows this side of you,[],0
5194,and baby you know that i can pull out what's inside of you,[],0
5195,even though it's wrong,[],0
5196,it's wrong,[],0
5197,even though it's wrong baby,[],0
5198,my girl,[],0
5199,ohoohoh oohwoah oohwoah oohwoah ohoh yeah yeah yeah yeah,[],0
5201,ohohoh,[],0
5202,you want me inside it beg me to slide in,[],0
5203,knowing we should have never met,[],0
5204,girl when you ride it see you decide it,[],0
5205,don't say those words that you'll regret,[],0
5206,baby girl i can tell that you think that i'm right for you,[],0
5207,i already know that it's not true but girl i'll lie to you,[],0
5208,even though it's wrong yeah yeah,[],0
5209,it's wrong yeah yeah,[],0
5210,even though it's wrong baby yeah yeah,[],0
5211,my girl yeah,[],0
5215,we do the things but we know it's wrong,[],0
5216,all on my skin you all in my palm,[],0
5217,i sent you an envelope came with a poem,[],0
5218,you possess venom that came with a charm,[],0
5219,you get the good out me when i perform,[],0
5220,i know the bad in you that's what i want,[],0
5221,and you a baddie you turning me on,[],0
5222,fiend for your demons i know where this going,[],0
5223,love when you fucking me talkin' i know what you doing,['fucking'],1
5224,caught up in love what the fuck is we doin',[],0
5225,models and bottles with us ain't nothing to it,[],0
5226,i tell you i got you that's well understood,[],0
5227,your legs on the bed got your head on the floor,[],0
5228,we go out shopping whenever we get bored,[],0
5229,we get it poppin' leave nothing in the store,[],0
5230,if i go to saturn i know that you going,[],0
5231,fuck me on saturday early in the morning,[],0
5232,flyer than a bird she gon' open her door,[],0
5233,screaming out murder but showing you remorse,[],0
5234,gotta be cautious can't pay the support,[],0
5235,stars in the ceilin' don't feel like a porsche,[],0
5236,came from the trenches just living at war,[],0
5237,once was a prostitute i can afford you,[],0
5238,the one i adore,[],0
5249,ahh hahaha i'm serious nigga,"['hahaha', 'serious', ""i'm"", 'nigga', 'ahh']",1
5250,one of y'all niggas got some bad motherfucking breath oh man,"['niggas', 'one', ""y'all"", 'breath', 'man', 'bad', 'motherfucking', 'got']",1
5251,ayy baby ayy baby shit,"['shit', 'ayy', 'baby']",1
5252,ayy baby gimme some bubblegum in this motherfucker or somethin' haha,"[""somethin'"", 'motherfucker', 'ayy', 'bubblegum', 'gimme', 'baby']",1
5253,ride with me to get something to eat dog ayy nigga,"['something', 'eat', 'ayy', 'get', 'ride', 'nigga', 'dog']",1
5254,study long study wrong nigga,"['study', 'wrong', 'nigga', 'long']",1
5255,with so much drama in the lbc,[],0
5256,it's kind of hard being snoop dodoubleg,[],0
5257,but i somehow some way,[],0
5258,keep coming up with funkyass shit like every single day,['shit'],1
5259,may i kick a little something yeah,[],0
5260,for the gs and make a few ends yeah,[],0
5261,as i breeze through two in the morning,[],0
5262,and the party's still jumping 'cause my mama ain't home,[],0
5263,i got bitches in the living room getting it on and,['bitches'],1
5264,they ain't leaving 'til six in the morning six in the mornin' six in the mornin',[],0
5265,so what you wanna do shit,"['shit', 'wanna']",1
5266,i got a pocket full of rubbers and my homeboys do too,[],0
5268,so turn off the lights and close the doors,[],0
5269,but,[],0
5270,but what,[],0
5271,we don't love them hoes,"['hoes', ""don't"", 'love']",1
5274,so we gon' smoke an ounce to this,[],0
5275,gs up hoes down while you motherfuckers bounce to this,"['gs', 'hoes', 'bounce', 'down', 'motherfuckers']",1
5276,rolling down the street smoking indo,[],0
5277,sipping on gin and juice,[],0
5278,laid back,[],0
5279,with my mind on my money and my money on my mind,[],0
5284,now that i got me some seagram's gin,[],0
5285,everybody got they cups but they ain't chipped in,[],0
5286,now this type of shit happens all the time,"['type', 'shit', 'happens']",1
5287,you gotta get yours but fool i gotta get mine,[],0
5288,everything is fine when you listening to the dog,[],0
5289,i got the cultivating music that be captivating he,[],0
5290,who listens to the words that i speak,[],0
5291,as i take me a drank to the middle of the street,[],0
5292,and get to macking to this bitch named sadie,['bitch'],1
5293,sadie,[],0
5295,she used to be the homeboy's lady,[],0
5296,oh that bitch,['bitch'],1
5298,eighty degrees when i tell that bitch please,"['please', 'bitch', 'eighty', 'tell', 'degrees']",1
5299,raise up off these nuts 'cause you gets none of these,"['nuts', 'raise', 'gets', 'none', ""'cause""]",1
5300,at ease as i mob with the dogg pound,[],0
5301,feel the breeze biatch i'm just,[],0
5310,later on that day my homie dr dre,[],0
5311,came through with a gang of tanqueray,[],0
5312,and a fat ass j of some bubonic chronic,['chronic'],1
5313,that made me choke shit this ain't no joke,"['choke', 'shit', 'made']",1
5314,i had to back up off of it and sit my cup down,[],0
5315,tanqueray and chronic yeah i'm fucked up now,"['fucked', 'chronic']",1
5316,but it ain't no stoppin' i'm still popping,[],0
5317,dre got some bitches from the city of compton,['bitches'],1
5318,to serve me not with a cherry on top,[],0
5319,'cause when i bust my nut i'm raising up out the cot,"['cot', 'bust', ""i'm"", 'raising', 'nut']",1
5320,don't get upset girl that's just how it goes,[],0
5321,i don't love you hoes i'm out the door and i'll be,"['hoes', ""i'll""]",1
5333,biatch,['biatch'],1
5339,is this thing on word,[],0
5340,so what we get drunk,[],0
5341,so what we smoke weed,"['smoke', 'weed']",1
5342,we're just having fun,[],0
5343,we don't care who sees shit,['shit'],1
5344,so what we go out ayy lemme get a lighter please,[],0
5345,that's how it's supposed to be 'cause you know i'm high as fuck and i forgot one,"['know', 'fuck', ""i'm"", 'one', 'forgot', ""'cause"", 'high']",1
5346,living young and wild and free keep that in there,[],0
5347,ah ahah,[],0
5348,so what i keep 'em rolled up,[],0
5349,sagging my pants not caring what i show,"['show', 'sagging', 'pants', 'caring']",1
5350,keep it real with my niggas keep it player for these hoes,"['hoes', 'niggas', 'real']",1
5351,it look clean don't it,[],0
5352,washed it the other day watch how you lean on it,[],0
5353,give me some 501 jeans on it,[],0
5354,roll joints bigger than king kong's fingers,[],0
5355,and smoke them hoes down 'til they stingers,"['hoes', 'smoke']",1
5356,you a class clown and if i skip for the day,[],0
5357,i'm with your bitch smoking grade a,['bitch'],1
5358,you know what it's like i'm seventeen again,[],0
5359,peach fuzz on my face looking on the case,"['face', 'case', 'looking', 'peach', 'fuzz']",1
5360,tryna find a hella taste oh my god,"['god', 'tryna', 'taste', 'find', 'hella']",1
5361,i'm on the chase chevy it's getting kinda heavy relevant selling it,[],0
5365,dipping away time keeps slipping away,[],0
5366,zip in the safe flipping for pay,[],0
5367,tipping like i'm dripping in paint,[],0
5368,upfront four blunts like khalifa put the weed in a j,"['weed', 'blunts']",1
5372,we don't care who sees,[],0
5373,so what we go out,[],0
5374,that's how it's supposed to be,[],0
5375,living young and wild and free,[],0
5376,uh and i don't even care,[],0
5377,'cause if me and my team in there,[],0
5378,there's gon' be some weed in the air,['weed'],1
5379,tell 'em mac,[],0
5380,blowing everywhere we going and now you knowing,[],0
5381,when i step right up get my lighter so i can light up,[],0
5382,that's how it should be done,[],0
5383,soon as you thinking you're down,[],0
5384,find how to turn things around,[],0
5385,now things are looking up,[],0
5386,from the ground up pound up this taylor gang,[],0
5387,so turn my sound up and mount up and do my thang,[],0
5388,uh now i'm chillin' fresh outta class feeling,[],0
5389,like i'm on my own and i could probably own a building,[],0
5390,got my own car no job no children,[],0
5391,had a science project me and mac killed it,[],0
5392,thc,[],0
5393,mac dev,[],0
5394,hd3,[],0
5395,high as methis is us we gon' fuss,[],0
5396,and we gon' fight and we gon' roll,[],0
5397,and live off life,[],0
5405,yeah roll one smoke one,[],0
5406,when you live like this you're supposed to party,[],0
5407,roll one smoke one and we all just having fun,[],0
5408,so we just roll one smoke one,[],0
5421,snoop,[],0
5423,when the pimp's in the crib ma,[],0
5424,drop it like it's hot drop it like it's hot drop it like it's hot,[],0
5425,when the pigs try to get at you,[],0
5426,park it like it's hot park it like it's hot park it like it's hot,[],0
5427,and if a nigga get a attitude,['nigga'],1
5428,pop it like it's hot pop it like it's hot pop it like it's hot,[],0
5429,i got the rollie on my arm and i'm pouring chandon,[],0
5430,and i roll the best weed 'cause i got it going on,['weed'],1
5431,i'm a nice dude uh with some nice dreams yep,[],0
5432,see these ice cubes uh see these ice creams,[],0
5433,eligible bachelor million dollar boat,[],0
5434,that's whiter than what's spilling down your throat,[],0
5435,the phantom exterior like fish eggs,[],0
5436,the interior like suicidewrist red,['suicidewrist'],1
5437,i can exercise you this can be your phys ed,[],0
5438,cheat on your man ma that's how you get ahizzead,[],0
5439,killer with the beat i know killers in the street,[],0
5440,with the steel that'll make you feel like chinchilla in the heat,[],0
5441,so don't try to run up on my ear talking all that raspy shit tryna ask me shit,"['shit', 'ask', 'tryna', 'all', 'talking', 'raspy']",1
5442,when my niggas fill your vest they ain't gon' pass me shit,"[""gon'"", 'niggas', ""ain't"", 'shit', 'fill', 'pass', 'vest']",1
5443,ticking you should think about it take a second ding,[],0
5445,matterfact you should take four b,[],0
5446,and think before you fuck witha lil' skateboard p,"['witha', 'fuck']",1
5455,i'm a gangsta but y'all knew that,[],0
5456,da big boss dogg yeah i had to do that,[],0
5457,i keep a blue flag hanging out my backside,[],0
5458,but only on the left side yeah that's the crip side,[],0
5459,ain't no other way to play the game the way i play,[],0
5460,i cut so much you thought i was a dj vinyl rewind,"['vinyl', 'rewind']",1
5461,two reperepe one yep three,[],0
5462,sn double op do double g,[],0
5463,i can't fake it just break it and when i take it,[],0
5464,see i specialize in making all the girls get naked,[],0
5465,so bring your friends all of y'all come inside,[],0
5466,we got a world premiere right here now get live so don't,[],0
5467,so don't change the dizzle turn it up a little,[],0
5468,i got a living room full of fine dime brizzles,[],0
5469,waiting on the pizzle the dizzle and the chizzle,[],0
5470,g's to the bizzack now ladies here we gizzo,[],0
5479,i'm a bad boy with a lotta hoes,"['hoes', 'lotta']",1
5480,drive my own cars and wear my own clothes,[],0
5481,i hang out tough i'm a real boss,[],0
5482,big snoop dogg yeah he's so sharp,[],0
5483,on the tv screen and in the magazines,[],0
5484,if you play me close you're on a red beam,[],0
5485,oh you got a gun so you wanna pop back,['gun'],1
5486,ak47 now nigga stop that,"['nigga', 'ak47']",1
5487,cement shoes now i'm on the move,[],0
5488,your family's cryin' now you on the news,[],0
5489,they can't find you and now they miss you,[],0
5490,must i remind you i'm only here to twist you,[],0
5491,pistolwhip you dip you then flip you,[],0
5492,then dance to this mothafucking music we crip to,['mothafucking'],1
5493,subscribe nigga get your issue,['nigga'],1
5494,baby come close let me see how you get loose,[],0
5505,can we get a motherfucking moment of silence,"['motherfucking', 'silence', 'get', 'moment']",1
5506,for the small chronic break,[],0
5507,ahah yeah,[],0
5508,niggas be brownnosing these hoes and shit,"['hoes', 'shit', 'niggas', 'brownnosing']",1
5509,taking bitches out to eat and spending money on these hoes,"['bitches', 'eat', 'taking', 'hoes', 'money', 'spending']",1
5510,know what i'm sayin',[],0
5511,i treat a bitch like 7up i never have i never will,"['like', '7up', 'treat', 'never', 'bitch']",1
5512,i tell a bitch like this,"['like', 'bitch', 'tell']",1
5513,bitch you without me is like harold melvin without blue notes,"['without', 'like', 'notes', 'harold', 'blue', 'bitch', 'melvin']",1
5514,you'll never go platinum,[],0
5515,hey daz give me a light nigga,"['nigga', 'daz', 'light', 'give']",1
5516,we'd like to welcome y'all to the fabulous carolina west,[],0
5517,i own this motherfucker and my name is taadow,"['taadow', 'motherfucker', 'name']",1
5518,y'all niggas know who i am y'all niggas tearing up shit,"['niggas', 'know', 'shit', ""y'all"", 'am', 'tearing']",1
5519,but we got something old and something new for y'all tonight,[],0
5520,put yo' hands together for snoop doggy dogg,[],0
5521,the dogg pound and the fabulous dramatics,[],0
5522,it's like everywhere i look and everywhere i go,[],0
5523,i'm hearing motherfuckers tryna steal my flow,"['tryna', ""i'm"", 'flow', 'hearing', 'steal', 'motherfuckers']",1
5524,but it ain't no thang 'cause see my nigga coolio,"[""ain't"", 'coolio', 'see', 'thang', 'nigga', ""'cause""]",1
5525,put me up on the game when i stepped through the do',[],0
5526,you know some of these niggas is so deceptive,"['niggas', 'know', 'deceptive']",1
5527,using my styles like a contraceptive,"['like', 'contraceptive', 'using', 'styles']",1
5528,i hope you get burnt seems you haven't learnt,[],0
5529,it's the knickknack paddywhack i still got the biggest sack,[],0
5531,so put your gun away run away 'cause i'm back why,[],0
5532,hit 'em up get 'em up spit 'em up,[],0
5533,now tell me what's going on,[],0
5534,it make me wanna holler 'cause my dollars come in ozones,[],0
5535,known for the break up so take off your clothes,[],0
5536,and quit tryna spit at my motherfucking hoes,"['motherfucking', 'tryna']",1
5537,speaking of hoes i'll get to the point,[],0
5538,you think you got the bomb 'cause i rolled you a joint,[],0
5539,you'se a flea and i'm the big dogg,[],0
5540,i'll scratch you off my balls with my motherfucking paws,['motherfucking'],1
5541,y'alls niggas better recognize uhhuh,['niggas'],1
5542,and see where i'm coming from it's still eastside 'til i die,[],0
5543,why ask why,[],0
5544,as the world keeps spinning to the dodouble g y,[],0
5545,it's a crazy mixedup world,[],0
5546,it's a doggy dogg world,[],0
5550,well if you give me ten bitches then i'll fuck all ten,"[""i'll"", 'bitches', 'fuck', 'well', 'give', 'ten', 'all']",1
5551,see my homie snoop dogg sipping juice and gin,[],0
5552,don't slip i'm for the settrip to get papers,[],0
5553,styles vary packing flavor like lifesavers,[],0
5554,ain't that somethin' talk shit and i'm dumping,"['talk', 'shit']",1
5555,i had your whole fucking block bumping,['fucking'],1
5556,don't sweat but check the technique i'm unique like china,[],0
5557,you'll never find a bomber rhymer than this nigga behind ya,['nigga'],1
5558,so peekaboo clear the way i'm coming through,[],0
5559,onetwo three you can't see me,[],0
5560,i'm a g like that strapped with hithard tactics,[],0
5561,a fucking menace using hoes like tennis rackets,"['hoes', 'fucking']",1
5562,it's on again it's on and popping,[],0
5563,all i see is green so there ain't no stopping,[],0
5564,i wanna see some panties dropping,[],0
5565,i'm coming from la she used to chill with dre up in compton,[],0
5566,all i ever did was just use that ho,[],0
5567,show her my dickies get with these and kick flows,[],0
5568,i'm dishing out blues i'm upsetting like bad news,[],0
5569,cut off khakis french braids and house shoes,[],0
5570,kurupt the name's often marked for catching slugs,[],0
5571,and i smoke weed for the fuck of it,"['fuck', 'smoke', 'weed']",1
5572,rough and rugged shit it's unexplanatory how i gets wicked,"['rugged', 'rough', 'wicked', 'shit', 'gets', ""it's"", 'unexplanatory']",1
5573,but it's mandatory that i kick it,[],0
5574,check it i'm running hoes in '94 now must i prove it,"['prove', 'running', 'hoes', 'now', ""i'm"", 'must', 'check', ""'94""]",1
5575,hoes call me sugar ray for the way i be sticking and moving,[],0
5576,prepare for a war it's on,[],0
5577,i'm head huntin' hit the button and light shit up like red dawn,"['button', 'hit', 'head', 'like', 'red', 'shit', ""huntin'"", ""i'm"", 'dawn', 'light']",1
5578,peep the massacre from a verbal assassin,[],0
5579,murdering with rhymes packing tec9's for some action,[],0
5580,you really don't know do you you fucking wit a hog,"['know', 'fucking', 'wit', ""don't"", 'really', 'hog']",1
5581,you can't do me i'm going out looney like odog,[],0
5582,ooh mamama mamama mama my,[],0
5583,it's a doggy dogg world it's your world,[],0
5584,the dogg's world it's your world,[],0
5585,tha dogg pound rocks the party all night long,[],0
5586,uhhuh 'til when till the early morn',[],0
5587,it don't stop and uh it don't quit for the,[],0
5588,tha dogg pound clique to drop the cavi dope shit,['shit'],1
5589,diggitydaz out of the motherfucking cut once mo',"['motherfucking', ""mo'""]",1
5590,so grab a seat and grab your gin and juice and check out the flow,[],0
5591,i flipflop and serve hoes with the fat dick,"['fat', 'hoes', 'dick']",1
5592,'til i die i'm still screaming out bitches ain't shit,"['shit', ""ain't"", 'bitches']",1
5593,now i'm the mack daddy had he,[],0
5594,not known about the city where i'm from dumdiddydum,[],0
5595,as you groove to the gangster shit,"['shit', 'gangster']",1
5596,the dodouble g the pound the gangster clique,[],0
5597,now as tha pound break it down with the gangster funk,[],0
5598,i can see and i can tell that's what the fuck you want,"[""that's"", 'fuck']",1
5599,so i blaze up the chronic so i can get high,[],0
5600,i promise i'll smoke chronic 'til the day that i die,"[""i'll""]",1
5602,a dogs world,[],0
5616,i'm gonna take my time,[],0
5617,she gon' get hers before i,[],0
5618,i'm gonna take it slow,[],0
5619,i'm not gon' rush the stroke,[],0
5620,so she can get a sexual eruption,[],0
5621,so i can get a sexual eruption,[],0
5622,so we can get a sexual eruption,[],0
5623,sexual eruption whoa whoa,[],0
5624,she might be with him but she's thinking 'bout me me me,[],0
5625,we don't go to the mall we don't go out to eat eat eat,[],0
5626,all that we ever do is play in the sheets sheets sheets,[],0
5627,smoke us a cigarette then go back to sleep sleep sleep,[],0
5628,'cause we done got a,[],0
5629,sexual eruption,[],0
5632,sexual eruption whoa,[],0
5637,if you don't know by now doggy dogg is a freak freak freak,[],0
5638,i keep a bad bitch with me seven days out the week week week,['bitch'],1
5639,and all that we ever do is play in the sheets sheets sheets,[],0
5640,then smoke us a cigarette then go back to sleep sleep sleep,[],0
5646,i was all in the club sipping some hen smoking on a blunt of 'dro,['blunt'],1
5647,when i peeped this lil' ho out,[],0
5648,i was all in the bar when drift up shawty redd came on,[],0
5649,then she hit the floor now,[],0
5650,with a seethrough dress long hair lightbrown eyes,[],0
5651,looking like ms bo peep,[],0
5652,and a nigga know if i take her home with them wideass hips,"['nigga', 'wideass']",1
5653,you damn right i'm gon' beep,[],0
5654,so i approached the chick with the real pretty face,[],0
5655,bigass booty with a littlebitty waist,['bigass'],1
5656,i whispered in her ear lil' mama what you drink,[],0
5657,i know that you a freak but you know i ain't gon' say shit,['shit'],1
5658,see my game is outrageous,[],0
5659,i got her to the crib and exchanged some fuckfaces,['fuckfaces'],1
5660,but it wasn't no use for me to rush to bust one,[],0
5661,'cause i wanted her to have a eruption,[],0
5662,sexual eruption a sexual eruption yeah,[],0
5663,sexual eruption whoa orgasms,[],0
5666,sexual eruption all the time anytime,[],0
5668,sexu,['sexu'],1
