filename,transcript,abs_start,abs_end,words,rel_start,rel_end,Is_Silent,transcript_no_punct,transcript_no_punct_corrected,transcript_cleaned,song_id,song_length,split,explicit
007c0152242340008ff45781a9b08546-25.wav,you been fucking with my dreams,89.93,92.872,"[{'word': 'been', 'start': 0.23, 'end': 0.346}, {'word': 'fucking', 'start': 0.461, 'end': 0.807}, {'word': 'with', 'start': 0.923, 'end': 1.211}, {'word': 'my', 'start': 1.384, 'end': 1.673}]",0.0,2.941999999999993,False,you been fucking with my dreams,you been fucking with my dreams,False,007c0152242340008ff45781a9b08546,132.59899999999988,train,1
00dfbe92cfd9443987631a3f548f79f1-21.wav,in the bitch wrinkle,107.034,108.089,"[{'word': 'the', 'start': 0.222, 'end': 0.389}, {'word': 'bitch', 'start': 0.389, 'end': 0.611}]",0.0,1.0549999999999926,False,in the bitch wrinkle,in the bitch wrinkle,False,00dfbe92cfd9443987631a3f548f79f1,91.61199999999994,train,1
010d11ec37bd468f93af7f87a54e69ac-15.wav,all the shit i seem to take,72.532,75.157,"[{'word': 'the', 'start': 0.375, 'end': 0.469}, {'word': 'shit', 'start': 0.562, 'end': 0.75}, {'word': 'i', 'start': 0.937, 'end': 1.219}, {'word': 'seem', 'start': 1.312, 'end': 1.594}, {'word': 'to', 'start': 1.687, 'end': 1.969}, {'word': 'take', 'start': 2.062, 'end': 2.625}]",0.0,2.625,False,all the shit i seem to take,all the shit i seem to take,False,010d11ec37bd468f93af7f87a54e69ac,183.2870000000001,train,1
010d11ec37bd468f93af7f87a54e69ac-34.wav,all the shit i seem to take,144.536,147.161,"[{'word': 'all', 'start': 0.0, 'end': 0.282}, {'word': 'the', 'start': 0.375, 'end': 0.469}, {'word': 'shit', 'start': 0.563, 'end': 0.75}, {'word': 'i', 'start': 0.938, 'end': 1.219}, {'word': 'seem', 'start': 1.313, 'end': 1.594}, {'word': 'to', 'start': 1.688, 'end': 1.969}]",0.0,2.625,False,all the shit i seem to take,all the shit i seem to take,False,010d11ec37bd468f93af7f87a54e69ac,183.2870000000001,train,1
010d11ec37bd468f93af7f87a54e69ac-52.wav,all the shit i seem to take,222.541,225.26,"[{'word': 'all', 'start': 0.0, 'end': 0.281}, {'word': 'the', 'start': 0.375, 'end': 0.469}, {'word': 'shit', 'start': 0.563, 'end': 0.75}, {'word': 'i', 'start': 0.938, 'end': 1.219}, {'word': 'seem', 'start': 1.313, 'end': 1.594}, {'word': 'to', 'start': 1.688, 'end': 1.969}]",0.0,2.718999999999994,False,all the shit i seem to take,all the shit i seem to take,False,010d11ec37bd468f93af7f87a54e69ac,183.2870000000001,train,1
010d11ec37bd468f93af7f87a54e69ac-60.wav,all the shit i seem to take,246.543,249.168,"[{'word': 'the', 'start': 0.375, 'end': 0.468}, {'word': 'shit', 'start': 0.562, 'end': 0.75}, {'word': 'i', 'start': 0.937, 'end': 1.218}, {'word': 'seem', 'start': 1.312, 'end': 1.594}, {'word': 'to', 'start': 1.687, 'end': 1.969}, {'word': 'take', 'start': 2.062, 'end': 2.625}]",0.0,2.625,False,all the shit i seem to take,all the shit i seem to take,False,010d11ec37bd468f93af7f87a54e69ac,183.2870000000001,train,1
01e9b4d2507b4be181d3024e1b173de8-6.wav,and all the bad piss ugly things i feed me,44.47,47.911,"[{'word': 'all', 'start': 0.254, 'end': 0.382}, {'word': 'the', 'start': 0.446, 'end': 0.637}, {'word': 'bad', 'start': 0.701, 'end': 1.21}, {'word': 'piss', 'start': 1.274, 'end': 1.529}, {'word': 'ugly', 'start': 1.593, 'end': 2.166}, {'word': 'things', 'start': 2.23, 'end': 2.421}, {'word': 'i', 'start': 2.485, 'end': 2.676}, {'word': 'feed', 'start': 2.74, 'end': 2.995}, {'word': 'me', 'start': 3.058, 'end': 3.441}]",0.0,3.4410000000000025,False,and all the bad piss ugly things i feed me,and all the bad piss ugly things i feed me,False,01e9b4d2507b4be181d3024e1b173de8,115.47399999999996,train,1
0379bb70af2f481e8e0a5d6d9b8913a9-14.wav,it ain't my bitcha,77.589,79.247,"[{'word': 'it', 'start': 0.0, 'end': 0.142}, {'word': 'aint', 'start': 0.19, 'end': 0.332}, {'word': 'my', 'start': 0.379, 'end': 0.521}]",0.0,1.6580000000000013,False,it ain't my bitcha,it ain't my bitcha,False,0379bb70af2f481e8e0a5d6d9b8913a9,135.5010000000001,train,1
0379bb70af2f481e8e0a5d6d9b8913a9-15.wav,it ain't my bitch,85.17,86.875,"[{'word': 'aint', 'start': 0.237, 'end': 0.379}, {'word': 'my', 'start': 0.426, 'end': 0.568}]",0.0,1.7049999999999983,False,it ain't my bitch,it ain't my bitch,False,0379bb70af2f481e8e0a5d6d9b8913a9,135.5010000000001,train,1
0379bb70af2f481e8e0a5d6d9b8913a9-31.wav,it ain't my bitcha,130.795,132.501,"[{'word': 'it', 'start': 0.0, 'end': 0.19}, {'word': 'aint', 'start': 0.237, 'end': 0.379}, {'word': 'my', 'start': 0.427, 'end': 0.569}, {'word': 'bitcha', 'start': 0.616, 'end': 1.706}]",0.0,1.7060000000000173,False,it ain't my bitcha,it ain't my bitcha,False,0379bb70af2f481e8e0a5d6d9b8913a9,135.5010000000001,train,1
0379bb70af2f481e8e0a5d6d9b8913a9-48.wav,it ain't my bitch oh,246.114,248.578,"[{'word': 'it', 'start': 0.0, 'end': 0.19}, {'word': 'aint', 'start': 0.237, 'end': 0.379}, {'word': 'my', 'start': 0.427, 'end': 0.569}, {'word': 'bitch', 'start': 0.616, 'end': 1.895}, {'word': 'oh', 'start': 1.943, 'end': 2.464}]",0.0,2.463999999999998,False,it ain't my bitch oh,it ain't my bitch oh,False,0379bb70af2f481e8e0a5d6d9b8913a9,135.5010000000001,train,1
0379bb70af2f481e8e0a5d6d9b8913a9-52.wav,it ain't my bitch,261.275,266.108,"[{'word': 'it', 'start': 0.0, 'end': 0.19}, {'word': 'aint', 'start': 0.237, 'end': 0.379}, {'word': 'my', 'start': 0.427, 'end': 0.569}, {'word': 'bitch', 'start': 0.616, 'end': 4.833}]",0.0,4.833000000000027,False,it ain't my bitch,it ain't my bitch,False,0379bb70af2f481e8e0a5d6d9b8913a9,135.5010000000001,train,1
0379bb70af2f481e8e0a5d6d9b8913a9-65.wav,bitch you ain't mine,292.924,294.961,"[{'word': 'you', 'start': 0.663, 'end': 0.948}, {'word': 'aint', 'start': 1.042, 'end': 1.421}]",0.0,2.0370000000000346,False,bitch you ain't mine,bitch you ain't mine,False,0379bb70af2f481e8e0a5d6d9b8913a9,135.5010000000001,train,1
03b71e62b82a48dcbaad64cc6d742462-22.wav,"just a stupid motherfucker, if i die, i die.",116.027,118.395,"[{'word': 'a', 'start': 0.158, 'end': 0.316}, {'word': 'stupid', 'start': 0.316, 'end': 0.632}, {'word': 'motherfucker', 'start': 0.632, 'end': 1.263}, {'word': 'if', 'start': 1.263, 'end': 1.421}, {'word': 'i', 'start': 1.421, 'end': 1.579}, {'word': 'die', 'start': 1.579, 'end': 1.737}, {'word': 'i', 'start': 1.737, 'end': 2.053}]",0.0,2.367999999999995,False,just a stupid motherfucker if i die i die,just a stupid motherfucker if i die i die,False,03b71e62b82a48dcbaad64cc6d742462,133.73599999999996,train,1
03b71e62b82a48dcbaad64cc6d742462-25.wav,"just a stupid motherfucker, if i die, i die.",125.974,128.501,"[{'word': 'just', 'start': 0.0, 'end': 0.158}, {'word': 'a', 'start': 0.158, 'end': 0.316}, {'word': 'stupid', 'start': 0.316, 'end': 0.632}, {'word': 'motherfucker', 'start': 0.632, 'end': 1.263}, {'word': 'if', 'start': 1.263, 'end': 1.421}, {'word': 'i', 'start': 1.421, 'end': 1.579}, {'word': 'die', 'start': 1.579, 'end': 1.737}, {'word': 'i', 'start': 1.737, 'end': 2.053}, {'word': 'die', 'start': 2.053, 'end': 2.527}]",0.0,2.527000000000001,False,just a stupid motherfucker if i die i die,just a stupid motherfucker if i die i die,False,03b71e62b82a48dcbaad64cc6d742462,133.73599999999996,train,1
03b71e62b82a48dcbaad64cc6d742462-28.wav,"just a stupid motherfucker, if i die, i die.",135.922,138.29,"[{'word': 'a', 'start': 0.158, 'end': 0.315}, {'word': 'stupid', 'start': 0.315, 'end': 0.631}, {'word': 'motherfucker', 'start': 0.631, 'end': 1.263}, {'word': 'if', 'start': 1.263, 'end': 1.421}, {'word': 'i', 'start': 1.421, 'end': 1.579}, {'word': 'die', 'start': 1.579, 'end': 1.737}, {'word': 'i', 'start': 1.737, 'end': 2.052}]",0.0,2.367999999999995,False,just a stupid motherfucker if i die i die,just a stupid motherfucker if i die i die,False,03b71e62b82a48dcbaad64cc6d742462,133.73599999999996,train,1
04e641f6b00f49b0bbdcb5c30da7fbbb-26.wav,"once a whore, you're nothing more,",67.934,69.061,"[{'word': 'a', 'start': 0.173, 'end': 0.26}, {'word': 'whore', 'start': 0.346, 'end': 0.476}, {'word': 'youre', 'start': 0.52, 'end': 0.65}, {'word': 'nothing', 'start': 0.693, 'end': 0.953}, {'word': 'more', 'start': 1.04, 'end': 1.127}]",0.0,1.1270000000000095,False,once a whore you're nothing more,once a whore you're nothing more,False,04e641f6b00f49b0bbdcb5c30da7fbbb,118.47399999999998,train,1
050c5407c3cf421ea65c1d0dbc52137f-23.wav,all the bullshit that i find,80.566,82.366,"[{'word': 'the', 'start': 0.216, 'end': 0.36}, {'word': 'bullshit', 'start': 0.36, 'end': 0.936}, {'word': 'that', 'start': 0.936, 'end': 1.08}, {'word': 'i', 'start': 1.08, 'end': 1.368}, {'word': 'find', 'start': 1.368, 'end': 1.8}]",0.0,1.7999999999999972,False,all the bullshit that i find,all the bullshit that i find,False,050c5407c3cf421ea65c1d0dbc52137f,157.09199999999996,train,1
05a7b788e14746c091f41ba7a273f61c-1.wav,and all my friends don't give a fuck,4.174,7.374,"[{'word': 'all', 'start': 0.2, 'end': 0.35}, {'word': 'my', 'start': 0.4, 'end': 0.75}, {'word': 'friends', 'start': 0.8, 'end': 1.4}, {'word': 'dont', 'start': 1.6, 'end': 1.75}, {'word': 'give', 'start': 1.8, 'end': 1.95}, {'word': 'a', 'start': 2.0, 'end': 2.35}, {'word': 'fuck', 'start': 2.4, 'end': 3.2}]",0.0,3.2,False,and all my friends don't give a fuck,and all my friends don't give a fuck,False,05a7b788e14746c091f41ba7a273f61c,145.49999999999994,train,1
05a7b788e14746c091f41ba7a273f61c-14.wav,and all my friends don't give a fuck,55.424,58.574,"[{'word': 'all', 'start': 0.15, 'end': 0.3}, {'word': 'my', 'start': 0.35, 'end': 0.7}, {'word': 'friends', 'start': 0.75, 'end': 1.35}, {'word': 'dont', 'start': 1.55, 'end': 1.7}, {'word': 'give', 'start': 1.75, 'end': 1.9}, {'word': 'a', 'start': 1.95, 'end': 2.3}, {'word': 'fuck', 'start': 2.35, 'end': 3.15}]",0.0,3.1499999999999986,False,and all my friends don't give a fuck,and all my friends don't give a fuck,False,05a7b788e14746c091f41ba7a273f61c,145.49999999999994,train,1
05a7b788e14746c091f41ba7a273f61c-26.wav,and all my friends don't give a fuck,93.824,96.974,"[{'word': 'all', 'start': 0.15, 'end': 0.3}, {'word': 'my', 'start': 0.35, 'end': 0.7}, {'word': 'friends', 'start': 0.75, 'end': 1.35}, {'word': 'dont', 'start': 1.55, 'end': 1.7}, {'word': 'give', 'start': 1.75, 'end': 1.9}, {'word': 'a', 'start': 1.95, 'end': 2.3}, {'word': 'fuck', 'start': 2.35, 'end': 3.15}]",0.0,3.1500000000000057,False,and all my friends don't give a fuck,and all my friends don't give a fuck,False,05a7b788e14746c091f41ba7a273f61c,145.49999999999994,train,1
05a7b788e14746c091f41ba7a273f61c-45.wav,and all my friends don't give a fuck,157.774,160.974,"[{'word': 'all', 'start': 0.2, 'end': 0.35}, {'word': 'my', 'start': 0.4, 'end': 0.75}, {'word': 'friends', 'start': 0.8, 'end': 1.4}, {'word': 'dont', 'start': 1.6, 'end': 1.75}, {'word': 'give', 'start': 1.8, 'end': 1.95}, {'word': 'a', 'start': 2.0, 'end': 2.35}, {'word': 'fuck', 'start': 2.4, 'end': 3.2}]",0.0,3.1999999999999886,False,and all my friends don't give a fuck,and all my friends don't give a fuck,False,05a7b788e14746c091f41ba7a273f61c,145.49999999999994,train,1
06897bd0c142496f92cba2cecff4fb6b-71.wav,"the little bitch, she went and she told a lie!",211.669,214.624,"[{'word': 'the', 'start': 0.0, 'end': 0.228}, {'word': 'little', 'start': 0.228, 'end': 0.682}, {'word': 'bitch', 'start': 0.682, 'end': 0.909}, {'word': 'she', 'start': 0.909, 'end': 1.137}, {'word': 'went', 'start': 1.137, 'end': 1.364}, {'word': 'and', 'start': 1.364, 'end': 1.591}, {'word': 'she', 'start': 1.591, 'end': 1.818}, {'word': 'told', 'start': 1.818, 'end': 2.046}, {'word': 'a', 'start': 2.273, 'end': 2.5}, {'word': 'lie', 'start': 2.5, 'end': 2.955}]",0.0,2.954999999999984,False,the little bitch she went and she told a lie,the little bitch she went and she told a lie,False,06897bd0c142496f92cba2cecff4fb6b,136.8179999999999,train,1
06897bd0c142496f92cba2cecff4fb6b-73.wav,the little bitch she went and she told a lie!,218.942,221.897,"[{'word': 'little', 'start': 0.227, 'end': 0.682}, {'word': 'bitch', 'start': 0.682, 'end': 0.909}, {'word': 'she', 'start': 0.909, 'end': 1.136}, {'word': 'went', 'start': 1.136, 'end': 1.364}, {'word': 'and', 'start': 1.364, 'end': 1.591}, {'word': 'she', 'start': 1.591, 'end': 1.818}, {'word': 'told', 'start': 1.818, 'end': 2.045}, {'word': 'a', 'start': 2.273, 'end': 2.5}, {'word': 'lie', 'start': 2.5, 'end': 2.955}]",0.0,2.954999999999984,False,the little bitch she went and she told a lie,the little bitch she went and she told a lie,False,06897bd0c142496f92cba2cecff4fb6b,136.8179999999999,train,1
06897bd0c142496f92cba2cecff4fb6b-74.wav,never fucking lie to me!!,222.806,224.851,"[{'word': 'fucking', 'start': 0.454, 'end': 0.909}, {'word': 'lie', 'start': 1.136, 'end': 1.363}, {'word': 'to', 'start': 1.591, 'end': 1.818}]",0.0,2.0449999999999875,False,never fucking lie to me,never fucking lie to me,False,06897bd0c142496f92cba2cecff4fb6b,136.8179999999999,train,1
0917181cbad04dfe861798592bfd8221-17.wav,fuckin' tornado,164.714,167.665,"[{'word': 'tornado', 'start': 0.65, 'end': 2.951}]",0.0,2.9509999999999934,False,fuckin' tornado,fucking tornado,True,0917181cbad04dfe861798592bfd8221,76.57799999999996,train,1
09b608976efe4725bd938aad707f30e5-17.wav,see they don't give a fuck about you -,104.296,106.846,"[{'word': 'they', 'start': 0.45, 'end': 0.6}, {'word': 'dont', 'start': 0.65, 'end': 0.8}, {'word': 'give', 'start': 0.85, 'end': 1.05}, {'word': 'a', 'start': 1.1, 'end': 1.25}, {'word': 'fuck', 'start': 1.3, 'end': 1.55}, {'word': 'about', 'start': 1.6, 'end': 2.05}, {'word': 'you', 'start': 2.1, 'end': 2.3}]",0.0,2.549999999999997,False,see they don't give a fuck about you,see they don't give a fuck about you,False,09b608976efe4725bd938aad707f30e5,145.94999999999996,train,1
0c04ddc9069245d99e0388756b943a0d-38.wav,"is gonna be the shit,",58.542,59.643,"[{'word': 'gonna', 'start': 0.169, 'end': 0.339}, {'word': 'be', 'start': 0.339, 'end': 0.593}, {'word': 'the', 'start': 0.593, 'end': 0.762}]",0.0,1.100999999999999,False,is gonna be the shit,is gonna be the shit,False,0c04ddc9069245d99e0388756b943a0d,161.10500000000002,train,1
0fc9336b8b6c425e93f51c9e714b7790-22.wav,and the roman whore,133.756,135.165,"[{'word': 'and', 'start': 0.0, 'end': 0.297}, {'word': 'the', 'start': 0.297, 'end': 0.593}, {'word': 'roman', 'start': 0.593, 'end': 1.038}, {'word': 'whore', 'start': 1.038, 'end': 1.409}]",0.0,1.4089999999999918,False,and the roman whore,and the roman whore,False,0fc9336b8b6c425e93f51c9e714b7790,147.89499999999987,train,1
109ea3d2849d4798bc226a7acda2d59e-19.wav,"call me sexist, bitch it's still true.",41.174,45.609,"[{'word': 'call', 'start': 0.0, 'end': 0.577}, {'word': 'me', 'start': 0.665, 'end': 1.153}, {'word': 'sexist', 'start': 1.286, 'end': 2.572}, {'word': 'bitch', 'start': 2.705, 'end': 3.06}, {'word': 'its', 'start': 3.149, 'end': 3.326}, {'word': 'still', 'start': 3.371, 'end': 3.903}]",0.0,4.435000000000002,False,call me sexist bitch it's still true,call me sexist bitch it's still true,False,109ea3d2849d4798bc226a7acda2d59e,74.94800000000001,train,1
109ea3d2849d4798bc226a7acda2d59e-20.wav,"""just kidding about the bitch part.""",45.653,46.674,"[{'word': 'just', 'start': 0.0, 'end': 0.134}, {'word': 'kidding', 'start': 0.178, 'end': 0.355}, {'word': 'about', 'start': 0.4, 'end': 0.488}, {'word': 'the', 'start': 0.533, 'end': 0.577}, {'word': 'bitch', 'start': 0.621, 'end': 0.799}, {'word': 'part', 'start': 0.843, 'end': 1.021}]",0.0,1.0210000000000008,False,just kidding about the bitch part,just kidding about the bitch part,False,109ea3d2849d4798bc226a7acda2d59e,74.94800000000001,train,1
109ea3d2849d4798bc226a7acda2d59e-32.wav,when you piss of your chick.,72.752,74.659,"[{'word': 'you', 'start': 0.221, 'end': 0.443}, {'word': 'piss', 'start': 0.576, 'end': 0.842}, {'word': 'of', 'start': 0.975, 'end': 1.241}, {'word': 'your', 'start': 1.33, 'end': 1.508}, {'word': 'chick', 'start': 1.596, 'end': 1.907}]",0.0,1.907000000000011,False,when you piss of your chick,when you piss of your chick,False,109ea3d2849d4798bc226a7acda2d59e,74.94800000000001,train,1
109ea3d2849d4798bc226a7acda2d59e-35.wav,she'll forget that you're a dick.,78.251,80.38,"[{'word': 'shell', 'start': 0.0, 'end': 0.133}, {'word': 'forget', 'start': 0.222, 'end': 0.621}, {'word': 'that', 'start': 0.754, 'end': 1.02}, {'word': 'youre', 'start': 1.109, 'end': 1.375}, {'word': 'a', 'start': 1.508, 'end': 1.685}, {'word': 'dick', 'start': 1.819, 'end': 2.129}]",0.0,2.1289999999999907,False,she'll forget that you're a dick,she'll forget that you're a dick,False,109ea3d2849d4798bc226a7acda2d59e,74.94800000000001,train,1
109ea3d2849d4798bc226a7acda2d59e-9.wav,grandma says this shit is like crack,18.467,22.946,"[{'word': 'says', 'start': 1.286, 'end': 1.907}, {'word': 'this', 'start': 2.084, 'end': 2.528}, {'word': 'shit', 'start': 2.661, 'end': 3.06}, {'word': 'is', 'start': 3.148, 'end': 3.326}, {'word': 'like', 'start': 3.459, 'end': 3.947}, {'word': 'crack', 'start': 4.08, 'end': 4.479}]",0.0,4.479000000000003,False,grandma says this shit is like crack,grandma says this shit is like crack,False,109ea3d2849d4798bc226a7acda2d59e,74.94800000000001,train,1
10f704da85ba4970baa59e6bf41107d6-52.wav,and it was the best motherfuckin' song the,159.512,161.312,"[{'word': 'it', 'start': 0.15, 'end': 0.3}, {'word': 'was', 'start': 0.3, 'end': 0.45}, {'word': 'the', 'start': 0.45, 'end': 0.6}, {'word': 'best', 'start': 0.6, 'end': 0.75}, {'word': 'motherfuckin', 'start': 0.75, 'end': 1.35}, {'word': 'song', 'start': 1.35, 'end': 1.65}, {'word': 'the', 'start': 1.65, 'end': 1.8}]",0.0,1.8000000000000114,False,and it was the best motherfuckin' song the,and it was the best motherfucking song the,True,10f704da85ba4970baa59e6bf41107d6,119.40000000000003,train,1
10f704da85ba4970baa59e6bf41107d6-66.wav,"ah, fuck!",200.312,201.812,"[{'word': 'fuck', 'start': 0.9, 'end': 1.5}]",0.0,1.5,False,ah fuck,ah fuck,False,10f704da85ba4970baa59e6bf41107d6,119.40000000000003,train,1
10f704da85ba4970baa59e6bf41107d6-71.wav,rich motherfucker compadre aowhhh!!!,208.712,211.262,"[{'word': 'rich', 'start': 0.0, 'end': 0.3}, {'word': 'motherfucker', 'start': 0.3, 'end': 0.9}, {'word': 'compadre', 'start': 0.9, 'end': 1.5}, {'word': 'aowhhh', 'start': 1.5, 'end': 2.55}]",0.0,2.550000000000012,False,rich motherfucker compadre aowhhh,rich motherfucker compadre aowhh,True,10f704da85ba4970baa59e6bf41107d6,119.40000000000003,train,1
111f0bb310eb4e22a2beb8d014365374-19.wav,"call me sexist, bitch it's still true.",49.819,54.29,"[{'word': 'call', 'start': 0.0, 'end': 0.581}, {'word': 'me', 'start': 0.671, 'end': 1.163}, {'word': 'sexist', 'start': 1.297, 'end': 2.593}, {'word': 'bitch', 'start': 2.727, 'end': 3.085}, {'word': 'its', 'start': 3.174, 'end': 3.353}, {'word': 'still', 'start': 3.398, 'end': 3.934}, {'word': 'true', 'start': 4.024, 'end': 4.471}]",0.0,4.4709999999999965,False,call me sexist bitch it's still true,call me sexist bitch it's still true,False,111f0bb310eb4e22a2beb8d014365374,79.17099999999999,train,1
111f0bb310eb4e22a2beb8d014365374-20.wav,"""just kidding about the bitch part.""",54.335,55.363,"[{'word': 'kidding', 'start': 0.178, 'end': 0.357}, {'word': 'about', 'start': 0.402, 'end': 0.491}, {'word': 'the', 'start': 0.536, 'end': 0.581}, {'word': 'bitch', 'start': 0.625, 'end': 0.804}, {'word': 'part', 'start': 0.849, 'end': 1.028}]",0.0,1.0279999999999987,False,just kidding about the bitch part,just kidding about the bitch part,False,111f0bb310eb4e22a2beb8d014365374,79.17099999999999,train,1
111f0bb310eb4e22a2beb8d014365374-32.wav,when you piss of your chick.,81.65,83.572,"[{'word': 'you', 'start': 0.223, 'end': 0.447}, {'word': 'piss', 'start': 0.581, 'end': 0.849}, {'word': 'of', 'start': 0.983, 'end': 1.251}, {'word': 'your', 'start': 1.341, 'end': 1.52}, {'word': 'chick', 'start': 1.609, 'end': 1.922}]",0.0,1.921999999999997,False,when you piss of your chick,when you piss of your chick,False,111f0bb310eb4e22a2beb8d014365374,79.17099999999999,train,1
111f0bb310eb4e22a2beb8d014365374-35.wav,she'll forget that you're a dick.,87.193,89.339,"[{'word': 'shell', 'start': 0.0, 'end': 0.134}, {'word': 'forget', 'start': 0.224, 'end': 0.626}, {'word': 'that', 'start': 0.76, 'end': 1.028}, {'word': 'youre', 'start': 1.118, 'end': 1.386}, {'word': 'a', 'start': 1.52, 'end': 1.699}, {'word': 'dick', 'start': 1.833, 'end': 2.146}]",0.0,2.146000000000001,False,she'll forget that you're a dick,she'll forget that you're a dick,False,111f0bb310eb4e22a2beb8d014365374,79.17099999999999,train,1
111f0bb310eb4e22a2beb8d014365374-9.wav,grandma says this shit is like crack,26.93,31.445,"[{'word': 'grandma', 'start': 0.0, 'end': 1.162}, {'word': 'says', 'start': 1.297, 'end': 1.922}, {'word': 'this', 'start': 2.101, 'end': 2.548}, {'word': 'shit', 'start': 2.682, 'end': 3.085}, {'word': 'is', 'start': 3.174, 'end': 3.353}, {'word': 'like', 'start': 3.487, 'end': 3.979}]",0.0,4.515000000000001,False,grandma says this shit is like crack,grandma says this shit is like crack,False,111f0bb310eb4e22a2beb8d014365374,79.17099999999999,train,1
12eac501f3494b0682b53c1303b41fd2-19.wav,"call me sexist, bitch it's still true.",42.135,46.596,"[{'word': 'me', 'start': 0.669, 'end': 1.16}, {'word': 'sexist', 'start': 1.293, 'end': 2.587}, {'word': 'bitch', 'start': 2.721, 'end': 3.078}, {'word': 'its', 'start': 3.167, 'end': 3.346}, {'word': 'still', 'start': 3.39, 'end': 3.926}]",0.0,4.460999999999999,False,call me sexist bitch it's still true,call me sexist bitch it's still true,False,12eac501f3494b0682b53c1303b41fd2,53.31199999999998,train,1
12eac501f3494b0682b53c1303b41fd2-20.wav,"""just kidding about the bitch part.""",46.641,47.667,"[{'word': 'kidding', 'start': 0.178, 'end': 0.357}, {'word': 'about', 'start': 0.401, 'end': 0.491}, {'word': 'the', 'start': 0.535, 'end': 0.58}, {'word': 'bitch', 'start': 0.624, 'end': 0.803}, {'word': 'part', 'start': 0.847, 'end': 1.026}]",0.0,1.0260000000000034,False,just kidding about the bitch part,just kidding about the bitch part,False,12eac501f3494b0682b53c1303b41fd2,53.31199999999998,train,1
12eac501f3494b0682b53c1303b41fd2-32.wav,when you piss of your chick.,73.901,75.82,"[{'word': 'when', 'start': 0.0, 'end': 0.134}, {'word': 'you', 'start': 0.223, 'end': 0.446}, {'word': 'piss', 'start': 0.58, 'end': 0.848}, {'word': 'of', 'start': 0.982, 'end': 1.249}, {'word': 'your', 'start': 1.339, 'end': 1.517}, {'word': 'chick', 'start': 1.606, 'end': 1.919}]",0.0,1.918999999999997,False,when you piss of your chick,when you piss of your chick,False,12eac501f3494b0682b53c1303b41fd2,53.31199999999998,train,1
12eac501f3494b0682b53c1303b41fd2-9.wav,grandma says this shit is like crack,19.291,23.797,"[{'word': 'grandma', 'start': 0.0, 'end': 1.16}, {'word': 'says', 'start': 1.294, 'end': 1.919}, {'word': 'this', 'start': 2.097, 'end': 2.543}, {'word': 'shit', 'start': 2.677, 'end': 3.079}, {'word': 'is', 'start': 3.168, 'end': 3.346}, {'word': 'like', 'start': 3.48, 'end': 3.971}]",0.0,4.506,False,grandma says this shit is like crack,grandma says this shit is like crack,False,12eac501f3494b0682b53c1303b41fd2,53.31199999999998,train,1
13b6544406d6437bbb7512c967894049-3.wav,the motherfuckers are all awaiting,13.626,14.688,"[{'word': 'motherfuckers', 'start': 0.125, 'end': 0.562}, {'word': 'are', 'start': 0.625, 'end': 0.687}, {'word': 'all', 'start': 0.687, 'end': 0.75}]",0.0,1.0620000000000012,False,the motherfuckers are all awaiting,the motherfuckers are all awaiting,False,13b6544406d6437bbb7512c967894049,147.12099999999992,train,1
14da3f2b98b8478899c6157b4d390277-7.wav,fucks up my mind and brain,23.304,25.146,"[{'word': 'up', 'start': 0.526, 'end': 0.723}, {'word': 'my', 'start': 0.789, 'end': 0.986}, {'word': 'mind', 'start': 1.052, 'end': 1.25}, {'word': 'and', 'start': 1.315, 'end': 1.513}, {'word': 'brain', 'start': 1.579, 'end': 1.842}]",0.0,1.8420000000000023,False,fucks up my mind and brain,fucks up my mind and brain,False,14da3f2b98b8478899c6157b4d390277,127.30499999999996,train,1
16084899e56a4db2b398aad80981e790-67.wav,for advice omg you listen to that bitch?,207.488,211.169,"[{'word': 'for', 'start': 0.0, 'end': 0.202}, {'word': 'advice', 'start': 0.202, 'end': 0.807}, {'word': 'omg', 'start': 0.807, 'end': 1.614}, {'word': 'you', 'start': 1.614, 'end': 1.916}, {'word': 'listen', 'start': 1.916, 'end': 2.32}, {'word': 'to', 'start': 2.32, 'end': 2.521}, {'word': 'that', 'start': 2.521, 'end': 2.975}]",0.0,3.681000000000012,False,for advice omg you listen to that bitch,for advice omg you listen to that bitch,False,16084899e56a4db2b398aad80981e790,271.2650000000001,train,1
1713957b91d947288d9b6fb55027c1a3-23.wav,he's your fucking shoulder,95.04,96.084,"[{'word': 'hes', 'start': 0.0, 'end': 0.209}, {'word': 'your', 'start': 0.209, 'end': 0.418}, {'word': 'fucking', 'start': 0.418, 'end': 0.835}, {'word': 'shoulder', 'start': 0.835, 'end': 1.044}]",0.0,1.043999999999997,False,he's your fucking shoulder,he's your fucking shoulder,False,1713957b91d947288d9b6fb55027c1a3,95.45299999999996,train,1
1713957b91d947288d9b6fb55027c1a3-28.wav,he's your fucking shoulder,101.717,102.76,"[{'word': 'your', 'start': 0.209, 'end': 0.417}, {'word': 'fucking', 'start': 0.417, 'end': 0.834}]",0.0,1.0430000000000064,False,he's your fucking shoulder,he's your fucking shoulder,False,1713957b91d947288d9b6fb55027c1a3,95.45299999999996,train,1
19940e9a194f47d1896b97bf48b22d27-36.wav,you fucking pigs,189.944,191.344,"[{'word': 'you', 'start': 0.0, 'end': 0.1}, {'word': 'fucking', 'start': 0.2, 'end': 0.8}, {'word': 'pigs', 'start': 0.9, 'end': 1.4}]",0.0,1.4000000000000057,False,you fucking pigs,you fucking pigs,False,19940e9a194f47d1896b97bf48b22d27,106.1,train,1
1a19bd08e9c441df8366048d8b9b7603-41.wav,i get all pissed,203.313,204.767,"[{'word': 'get', 'start': 0.223, 'end': 0.559}, {'word': 'all', 'start': 0.671, 'end': 0.951}, {'word': 'pissed', 'start': 1.118, 'end': 1.454}]",0.0,1.4540000000000075,False,i get all pissed,i get all pissed,False,1a19bd08e9c441df8366048d8b9b7603,110.25200000000012,train,1
1bf1a59f255448068ab77f36d8943522-19.wav,"call me sexist, bitch it's still true.",47.176,51.629,"[{'word': 'call', 'start': 0.0, 'end': 0.579}, {'word': 'me', 'start': 0.668, 'end': 1.158}, {'word': 'sexist', 'start': 1.291, 'end': 2.583}, {'word': 'bitch', 'start': 2.716, 'end': 3.072}, {'word': 'its', 'start': 3.161, 'end': 3.34}, {'word': 'still', 'start': 3.384, 'end': 3.918}, {'word': 'true', 'start': 4.007, 'end': 4.453}]",0.0,4.452999999999996,False,call me sexist bitch it's still true,call me sexist bitch it's still true,False,1bf1a59f255448068ab77f36d8943522,76.27399999999996,train,1
1bf1a59f255448068ab77f36d8943522-20.wav,"""just kidding about the bitch part.""",51.673,52.697,"[{'word': 'just', 'start': 0.0, 'end': 0.134}, {'word': 'kidding', 'start': 0.178, 'end': 0.356}, {'word': 'about', 'start': 0.401, 'end': 0.49}, {'word': 'the', 'start': 0.535, 'end': 0.579}, {'word': 'bitch', 'start': 0.624, 'end': 0.802}]",0.0,1.024000000000001,False,just kidding about the bitch part,just kidding about the bitch part,False,1bf1a59f255448068ab77f36d8943522,76.27399999999996,train,1
1bf1a59f255448068ab77f36d8943522-32.wav,when you piss of your chick.,78.879,80.794,"[{'word': 'when', 'start': 0.0, 'end': 0.134}, {'word': 'you', 'start': 0.223, 'end': 0.446}, {'word': 'piss', 'start': 0.579, 'end': 0.846}, {'word': 'of', 'start': 0.98, 'end': 1.247}, {'word': 'your', 'start': 1.336, 'end': 1.514}]",0.0,1.914999999999992,False,when you piss of your chick,when you piss of your chick,False,1bf1a59f255448068ab77f36d8943522,76.27399999999996,train,1
1bf1a59f255448068ab77f36d8943522-35.wav,she'll forget that you're a dick.,84.401,86.538,"[{'word': 'forget', 'start': 0.222, 'end': 0.623}, {'word': 'that', 'start': 0.757, 'end': 1.024}, {'word': 'youre', 'start': 1.113, 'end': 1.38}, {'word': 'a', 'start': 1.514, 'end': 1.692}]",0.0,2.1370000000000005,False,she'll forget that you're a dick,she'll forget that you're a dick,False,1bf1a59f255448068ab77f36d8943522,76.27399999999996,train,1
1bf1a59f255448068ab77f36d8943522-9.wav,grandma says this shit is like crack,24.378,28.875,"[{'word': 'grandma', 'start': 0.0, 'end': 1.158}, {'word': 'says', 'start': 1.291, 'end': 1.915}, {'word': 'this', 'start': 2.093, 'end': 2.538}, {'word': 'shit', 'start': 2.672, 'end': 3.072}, {'word': 'is', 'start': 3.161, 'end': 3.34}, {'word': 'like', 'start': 3.473, 'end': 3.963}]",0.0,4.497,False,grandma says this shit is like crack,grandma says this shit is like crack,False,1bf1a59f255448068ab77f36d8943522,76.27399999999996,train,1
1c0d065a7ab046fab5daedf256b7eb64-15.wav,i'll take their fucking heads,118.83,120.781,"[{'word': 'take', 'start': 0.153, 'end': 0.382}, {'word': 'their', 'start': 0.459, 'end': 0.688}, {'word': 'fucking', 'start': 0.765, 'end': 1.301}]",0.0,1.951000000000008,False,i'll take their fucking heads,i'll take their fucking heads,False,1c0d065a7ab046fab5daedf256b7eb64,191.706,train,1
1c0d065a7ab046fab5daedf256b7eb64-26.wav,i'll take their fucking heads,154.034,155.87,"[{'word': 'take', 'start': 0.153, 'end': 0.382}, {'word': 'their', 'start': 0.459, 'end': 0.65}, {'word': 'fucking', 'start': 0.765, 'end': 1.301}]",0.0,1.8360000000000127,False,i'll take their fucking heads,i'll take their fucking heads,False,1c0d065a7ab046fab5daedf256b7eb64,191.706,train,1
1c0d065a7ab046fab5daedf256b7eb64-30.wav,i'll take their fucking heads,163.677,165.169,"[{'word': 'take', 'start': 0.153, 'end': 0.382}, {'word': 'their', 'start': 0.459, 'end': 0.688}, {'word': 'fucking', 'start': 0.765, 'end': 1.301}, {'word': 'heads', 'start': 1.377, 'end': 1.492}]",0.0,1.4920000000000186,False,i'll take their fucking heads,i'll take their fucking heads,False,1c0d065a7ab046fab5daedf256b7eb64,191.706,train,1
1c0d065a7ab046fab5daedf256b7eb64-53.wav,i'll take their fucking heads,313.064,314.863,"[{'word': 'ill', 'start': 0.0, 'end': 0.039}, {'word': 'take', 'start': 0.153, 'end': 0.383}, {'word': 'their', 'start': 0.459, 'end': 0.689}, {'word': 'fucking', 'start': 0.766, 'end': 1.301}, {'word': 'heads', 'start': 1.454, 'end': 1.799}]",0.0,1.7989999999999782,False,i'll take their fucking heads,i'll take their fucking heads,False,1c0d065a7ab046fab5daedf256b7eb64,191.706,train,1
1c0d065a7ab046fab5daedf256b7eb64-57.wav,i'll take their fucking heads,322.707,324.582,"[{'word': 'ill', 'start': 0.0, 'end': 0.077}, {'word': 'take', 'start': 0.153, 'end': 0.383}, {'word': 'their', 'start': 0.459, 'end': 0.689}, {'word': 'fucking', 'start': 0.765, 'end': 1.301}]",0.0,1.875,False,i'll take their fucking heads,i'll take their fucking heads,False,1c0d065a7ab046fab5daedf256b7eb64,191.706,train,1
1fa250b354154baab464a8ce0e6bf115-31.wav,and what pisses me off,80.966,82.316,"[{'word': 'what', 'start': 0.15, 'end': 0.35}, {'word': 'pisses', 'start': 0.35, 'end': 0.75}, {'word': 'me', 'start': 0.75, 'end': 0.95}, {'word': 'off', 'start': 1.0, 'end': 1.35}]",0.0,1.3500000000000083,False,and what pisses me off,and what pisses me off,False,1fa250b354154baab464a8ce0e6bf115,133.4000000000001,train,1
215ff14501ff45d081a7ae2acf7a18f7-19.wav,"call me sexist, bitch it's still true.",42.79,47.306,"[{'word': 'call', 'start': 0.0, 'end': 0.587}, {'word': 'me', 'start': 0.678, 'end': 1.174}, {'word': 'sexist', 'start': 1.31, 'end': 2.619}, {'word': 'bitch', 'start': 2.755, 'end': 3.116}, {'word': 'its', 'start': 3.207, 'end': 3.387}, {'word': 'still', 'start': 3.432, 'end': 3.974}]",0.0,4.515999999999998,False,call me sexist bitch it's still true,call me sexist bitch it's still true,False,215ff14501ff45d081a7ae2acf7a18f7,55.36500000000001,train,1
215ff14501ff45d081a7ae2acf7a18f7-20.wav,"""just kidding about the bitch part.""",47.351,48.39,"[{'word': 'just', 'start': 0.0, 'end': 0.136}, {'word': 'kidding', 'start': 0.181, 'end': 0.361}, {'word': 'about', 'start': 0.407, 'end': 0.497}, {'word': 'the', 'start': 0.542, 'end': 0.587}, {'word': 'bitch', 'start': 0.632, 'end': 0.813}, {'word': 'part', 'start': 0.858, 'end': 1.039}]",0.0,1.0390000000000017,False,just kidding about the bitch part,just kidding about the bitch part,False,215ff14501ff45d081a7ae2acf7a18f7,55.36500000000001,train,1
215ff14501ff45d081a7ae2acf7a18f7-9.wav,grandma says this shit is like crack,19.67,24.231,"[{'word': 'grandma', 'start': 0.0, 'end': 1.174}, {'word': 'says', 'start': 1.31, 'end': 1.942}, {'word': 'this', 'start': 2.122, 'end': 2.574}, {'word': 'shit', 'start': 2.709, 'end': 3.116}, {'word': 'is', 'start': 3.206, 'end': 3.387}, {'word': 'like', 'start': 3.522, 'end': 4.019}, {'word': 'crack', 'start': 4.154, 'end': 4.561}]",0.0,4.561,False,grandma says this shit is like crack,grandma says this shit is like crack,False,215ff14501ff45d081a7ae2acf7a18f7,55.36500000000001,train,1
21e510f2b45d4e728d19ec128efead7f-13.wav,"i won't fuck us o- ver, i'm mis- ter no- vem- ber",85.459,88.901,"[{'word': 'wont', 'start': 0.411, 'end': 0.719}, {'word': 'fuck', 'start': 0.77, 'end': 0.976}, {'word': 'us', 'start': 1.027, 'end': 1.181}, {'word': 'o', 'start': 1.233, 'end': 1.489}, {'word': 'ver', 'start': 1.489, 'end': 1.746}, {'word': 'im', 'start': 1.849, 'end': 2.003}, {'word': 'mis', 'start': 2.029, 'end': 2.363}, {'word': 'ter', 'start': 2.363, 'end': 2.568}, {'word': 'no', 'start': 2.671, 'end': 2.876}, {'word': 'vem', 'start': 2.876, 'end': 3.159}, {'word': 'ber', 'start': 3.159, 'end': 3.442}]",0.0,3.441999999999993,False,i won't fuck us over i'm mister november,i won't fuck us over i'm mister november,False,21e510f2b45d4e728d19ec128efead7f,127.83500000000004,train,1
21e510f2b45d4e728d19ec128efead7f-14.wav,"i'm mis- ter no- vem- ber, i won't fuck us o- ver",88.952,92.188,"[{'word': 'mis', 'start': 0.205, 'end': 0.514}, {'word': 'ter', 'start': 0.514, 'end': 0.719}, {'word': 'no', 'start': 0.822, 'end': 0.976}, {'word': 'vem', 'start': 0.976, 'end': 1.336}, {'word': 'ber', 'start': 1.336, 'end': 1.592}, {'word': 'i', 'start': 1.644, 'end': 1.798}, {'word': 'wont', 'start': 1.849, 'end': 2.209}, {'word': 'fuck', 'start': 2.26, 'end': 2.466}, {'word': 'us', 'start': 2.517, 'end': 2.671}, {'word': 'o', 'start': 2.723, 'end': 2.979}]",0.0,3.236000000000004,False,i'm mister november i won't fuck us over,i'm mister november i won't fuck us over,False,21e510f2b45d4e728d19ec128efead7f,127.83500000000004,train,1
21e510f2b45d4e728d19ec128efead7f-15.wav,"won't fuck us o- ver, i'm mis- ter no- vem- ber",92.445,95.476,"[{'word': 'wont', 'start': 0.0, 'end': 0.411}, {'word': 'fuck', 'start': 0.462, 'end': 0.642}, {'word': 'us', 'start': 0.668, 'end': 0.873}, {'word': 'o', 'start': 0.925, 'end': 1.182}, {'word': 'ver', 'start': 1.182, 'end': 1.387}, {'word': 'im', 'start': 1.438, 'end': 1.618}, {'word': 'mis', 'start': 1.644, 'end': 1.952}, {'word': 'ter', 'start': 1.952, 'end': 2.158}, {'word': 'no', 'start': 2.26, 'end': 2.466}, {'word': 'vem', 'start': 2.466, 'end': 2.748}, {'word': 'ber', 'start': 2.748, 'end': 3.031}]",0.0,3.031000000000006,False,won't fuck us over i'm mister november,won't fuck us over i'm mister november,False,21e510f2b45d4e728d19ec128efead7f,127.83500000000004,train,1
21e510f2b45d4e728d19ec128efead7f-16.wav,"i'm mis- ter no- vem- ber, i won't fuck us o- ver",95.527,99.02,"[{'word': 'im', 'start': 0.0, 'end': 0.154}, {'word': 'mis', 'start': 0.206, 'end': 0.463}, {'word': 'ter', 'start': 0.463, 'end': 0.719}, {'word': 'no', 'start': 0.771, 'end': 1.002}, {'word': 'vem', 'start': 1.002, 'end': 1.284}, {'word': 'ber', 'start': 1.284, 'end': 1.541}, {'word': 'i', 'start': 1.593, 'end': 1.798}, {'word': 'wont', 'start': 1.798, 'end': 2.106}, {'word': 'fuck', 'start': 2.183, 'end': 2.415}, {'word': 'us', 'start': 2.466, 'end': 2.671}, {'word': 'o', 'start': 2.774, 'end': 3.082}]",0.0,3.492999999999995,False,i'm mister november i won't fuck us over,i'm mister november i won't fuck us over,False,21e510f2b45d4e728d19ec128efead7f,127.83500000000004,train,1
21e510f2b45d4e728d19ec128efead7f-25.wav,"i won't fuck us o- ver, i'm mis- ter no- vem- ber",144.637,148.027,"[{'word': 'wont', 'start': 0.359, 'end': 0.693}, {'word': 'fuck', 'start': 0.77, 'end': 1.002}, {'word': 'us', 'start': 1.027, 'end': 1.207}, {'word': 'o', 'start': 1.258, 'end': 1.515}, {'word': 'ver', 'start': 1.515, 'end': 1.746}, {'word': 'im', 'start': 1.798, 'end': 2.003}, {'word': 'mis', 'start': 2.003, 'end': 2.311}, {'word': 'ter', 'start': 2.311, 'end': 2.568}, {'word': 'no', 'start': 2.62, 'end': 2.877}, {'word': 'vem', 'start': 2.877, 'end': 3.133}]",0.0,3.3899999999999864,False,i won't fuck us over i'm mister november,i won't fuck us over i'm mister november,False,21e510f2b45d4e728d19ec128efead7f,127.83500000000004,train,1
21e510f2b45d4e728d19ec128efead7f-26.wav,"i'm mis- ter no- vem- ber, i won't fuck us o- ver",148.079,151.366,"[{'word': 'mis', 'start': 0.205, 'end': 0.513}, {'word': 'ter', 'start': 0.513, 'end': 0.77}, {'word': 'no', 'start': 0.822, 'end': 1.078}, {'word': 'vem', 'start': 1.078, 'end': 1.335}, {'word': 'ber', 'start': 1.335, 'end': 1.592}, {'word': 'i', 'start': 1.643, 'end': 1.849}, {'word': 'wont', 'start': 1.849, 'end': 2.157}, {'word': 'fuck', 'start': 2.234, 'end': 2.465}, {'word': 'us', 'start': 2.517, 'end': 2.697}, {'word': 'o', 'start': 2.748, 'end': 3.005}]",0.0,3.287000000000006,False,i'm mister november i won't fuck us over,i'm mister november i won't fuck us over,False,21e510f2b45d4e728d19ec128efead7f,127.83500000000004,train,1
21e510f2b45d4e728d19ec128efead7f-27.wav,"won't fuck us o- ver, i'm mis- ter no- vem- ber",151.675,154.577,"[{'word': 'fuck', 'start': 0.333, 'end': 0.565}, {'word': 'us', 'start': 0.59, 'end': 0.77}, {'word': 'o', 'start': 0.821, 'end': 1.053}, {'word': 'ver', 'start': 1.053, 'end': 1.309}, {'word': 'im', 'start': 1.361, 'end': 1.541}, {'word': 'mis', 'start': 1.566, 'end': 1.849}, {'word': 'ter', 'start': 1.849, 'end': 2.106}, {'word': 'no', 'start': 2.157, 'end': 2.414}, {'word': 'vem', 'start': 2.414, 'end': 2.645}, {'word': 'ber', 'start': 2.645, 'end': 2.902}]",0.0,2.901999999999987,False,won't fuck us over i'm mister november,won't fuck us over i'm mister november,False,21e510f2b45d4e728d19ec128efead7f,127.83500000000004,train,1
21e510f2b45d4e728d19ec128efead7f-28.wav,"i'm mis- ter no- vem- ber, i won't fuck us o- ver",154.654,157.916,"[{'word': 'mis', 'start': 0.18, 'end': 0.462}, {'word': 'ter', 'start': 0.462, 'end': 0.719}, {'word': 'no', 'start': 0.771, 'end': 1.027}, {'word': 'vem', 'start': 1.027, 'end': 1.284}, {'word': 'ber', 'start': 1.284, 'end': 1.644}, {'word': 'i', 'start': 1.695, 'end': 1.849}, {'word': 'wont', 'start': 1.901, 'end': 2.209}, {'word': 'fuck', 'start': 2.26, 'end': 2.466}, {'word': 'us', 'start': 2.517, 'end': 2.723}, {'word': 'o', 'start': 2.748, 'end': 3.031}, {'word': 'ver', 'start': 3.031, 'end': 3.262}]",0.0,3.2620000000000005,False,i'm mister november i won't fuck us over,i'm mister november i won't fuck us over,False,21e510f2b45d4e728d19ec128efead7f,127.83500000000004,train,1
21e510f2b45d4e728d19ec128efead7f-29.wav,"i won't fuck us o- ver, i won't fuck us o- ver",158.044,161.152,"[{'word': 'i', 'start': 0.0, 'end': 0.103}, {'word': 'wont', 'start': 0.154, 'end': 0.514}, {'word': 'fuck', 'start': 0.617, 'end': 0.771}, {'word': 'us', 'start': 0.797, 'end': 0.951}, {'word': 'o', 'start': 1.028, 'end': 1.285}, {'word': 'ver', 'start': 1.285, 'end': 1.541}, {'word': 'i', 'start': 1.593, 'end': 1.747}, {'word': 'wont', 'start': 1.798, 'end': 2.107}, {'word': 'fuck', 'start': 2.158, 'end': 2.363}, {'word': 'us', 'start': 2.415, 'end': 2.569}, {'word': 'o', 'start': 2.595, 'end': 2.877}]",0.0,3.107999999999976,False,i won't fuck us over i won't fuck us over,i won't fuck us over i won't fuck us over,False,21e510f2b45d4e728d19ec128efead7f,127.83500000000004,train,1
21e510f2b45d4e728d19ec128efead7f-30.wav,"i won't fuck us o- ver, i'm mis- ter no- vem- ber",161.281,164.877,"[{'word': 'wont', 'start': 0.205, 'end': 0.513}, {'word': 'fuck', 'start': 0.616, 'end': 0.77}, {'word': 'us', 'start': 0.822, 'end': 0.976}, {'word': 'o', 'start': 1.078, 'end': 1.335}, {'word': 'ver', 'start': 1.335, 'end': 1.592}, {'word': 'im', 'start': 1.644, 'end': 1.798}, {'word': 'mis', 'start': 1.849, 'end': 2.106}, {'word': 'ter', 'start': 2.106, 'end': 2.311}, {'word': 'no', 'start': 2.363, 'end': 2.62}, {'word': 'vem', 'start': 2.62, 'end': 2.979}, {'word': 'ber', 'start': 2.979, 'end': 3.596}]",0.0,3.596000000000004,False,i won't fuck us over i'm mister november,i won't fuck us over i'm mister november,False,21e510f2b45d4e728d19ec128efead7f,127.83500000000004,train,1
21e510f2b45d4e728d19ec128efead7f-39.wav,"i won't fuck us o- ver, i'm mis- ter no- vem- ber",223.541,226.906,"[{'word': 'wont', 'start': 0.411, 'end': 0.745}, {'word': 'fuck', 'start': 0.77, 'end': 0.976}, {'word': 'us', 'start': 1.002, 'end': 1.181}, {'word': 'o', 'start': 1.207, 'end': 1.49}, {'word': 'ver', 'start': 1.49, 'end': 1.747}, {'word': 'im', 'start': 1.798, 'end': 1.978}, {'word': 'mis', 'start': 2.003, 'end': 2.312}, {'word': 'ter', 'start': 2.312, 'end': 2.517}, {'word': 'no', 'start': 2.568, 'end': 2.825}, {'word': 'vem', 'start': 2.825, 'end': 3.134}, {'word': 'ber', 'start': 3.134, 'end': 3.365}]",0.0,3.365000000000009,False,i won't fuck us over i'm mister november,i won't fuck us over i'm mister november,False,21e510f2b45d4e728d19ec128efead7f,127.83500000000004,train,1
21e510f2b45d4e728d19ec128efead7f-40.wav,"i'm mis- ter no- vem- ber, i won't fuck us o- ver",226.957,230.425,"[{'word': 'im', 'start': 0.0, 'end': 0.18}, {'word': 'mis', 'start': 0.231, 'end': 0.514}, {'word': 'ter', 'start': 0.514, 'end': 0.771}, {'word': 'no', 'start': 0.822, 'end': 1.027}, {'word': 'vem', 'start': 1.027, 'end': 1.31}, {'word': 'ber', 'start': 1.31, 'end': 1.541}, {'word': 'i', 'start': 1.593, 'end': 1.772}, {'word': 'wont', 'start': 1.798, 'end': 2.106}, {'word': 'fuck', 'start': 2.158, 'end': 2.363}, {'word': 'us', 'start': 2.44, 'end': 2.646}, {'word': 'o', 'start': 2.697, 'end': 3.005}, {'word': 'ver', 'start': 3.005, 'end': 3.468}]",0.0,3.4680000000000177,False,i'm mister november i won't fuck us over,i'm mister november i won't fuck us over,False,21e510f2b45d4e728d19ec128efead7f,127.83500000000004,train,1
232adc308c5f4447b1e37db775c82dec-10.wav,babylon the scarlet whore,93.704,96.813,"[{'word': 'babylon', 'start': 0.0, 'end': 1.267}, {'word': 'the', 'start': 1.497, 'end': 1.843}, {'word': 'scarlet', 'start': 1.843, 'end': 2.534}]",0.0,3.109000000000009,False,babylon the scarlet whore,babylon the scarlet whore,False,232adc308c5f4447b1e37db775c82dec,152.225,train,1
2389cc1d50a24a4ba762345ace716f37-11.wav,if you think its time to fuckin' rock,25.998,29.913,"[{'word': 'you', 'start': 0.132, 'end': 0.264}, {'word': 'think', 'start': 0.308, 'end': 0.44}, {'word': 'its', 'start': 0.484, 'end': 0.616}, {'word': 'time', 'start': 0.66, 'end': 0.792}, {'word': 'to', 'start': 0.836, 'end': 0.924}, {'word': 'fuckin', 'start': 1.012, 'end': 1.319}]",0.0,3.914999999999999,False,if you think its time to fuckin' rock,if you think its time to fucking rock,True,2389cc1d50a24a4ba762345ace716f37,49.01499999999999,train,1
2389cc1d50a24a4ba762345ace716f37-12.wav,he is goin' to kick your fuckin' ass,30.177,32.641,"[{'word': 'he', 'start': 0.0, 'end': 0.264}, {'word': 'is', 'start': 0.528, 'end': 0.66}, {'word': 'goin', 'start': 0.704, 'end': 1.056}, {'word': 'to', 'start': 1.276, 'end': 1.408}, {'word': 'kick', 'start': 1.452, 'end': 1.584}, {'word': 'your', 'start': 1.628, 'end': 1.76}, {'word': 'fuckin', 'start': 1.804, 'end': 2.068}]",0.0,2.463999999999998,False,he is goin' to kick your fuckin' ass,he is going to kick your fucking ass,True,2389cc1d50a24a4ba762345ace716f37,49.01499999999999,train,1
2389cc1d50a24a4ba762345ace716f37-14.wav,rocking and fucking rolling,35.853,38.097,"[{'word': 'rocking', 'start': 0.0, 'end': 0.836}, {'word': 'and', 'start': 0.924, 'end': 1.056}, {'word': 'fucking', 'start': 1.1, 'end': 1.408}]",0.0,2.244,False,rocking and fucking rolling,rocking and fucking rolling,False,2389cc1d50a24a4ba762345ace716f37,49.01499999999999,train,1
2389cc1d50a24a4ba762345ace716f37-15.wav,and fucking rocking and fucking rolling,38.185,40.825,"[{'word': 'and', 'start': 0.0, 'end': 0.132}, {'word': 'fucking', 'start': 0.176, 'end': 0.484}, {'word': 'rocking', 'start': 0.528, 'end': 1.32}, {'word': 'and', 'start': 1.408, 'end': 1.54}, {'word': 'fucking', 'start': 1.584, 'end': 1.892}]",0.0,2.640000000000001,False,and fucking rocking and fucking rolling,and fucking rocking and fucking rolling,False,2389cc1d50a24a4ba762345ace716f37,49.01499999999999,train,1
2389cc1d50a24a4ba762345ace716f37-4.wav,if you think its time to fuckin' rock,11.082,12.93,"[{'word': 'you', 'start': 0.176, 'end': 0.308}, {'word': 'think', 'start': 0.352, 'end': 0.484}, {'word': 'its', 'start': 0.528, 'end': 0.66}, {'word': 'time', 'start': 0.704, 'end': 0.836}, {'word': 'to', 'start': 0.88, 'end': 1.012}, {'word': 'fuckin', 'start': 1.056, 'end': 1.364}, {'word': 'rock', 'start': 1.408, 'end': 1.848}]",0.0,1.847999999999999,False,if you think its time to fuckin' rock,if you think its time to fucking rock,True,2389cc1d50a24a4ba762345ace716f37,49.01499999999999,train,1
2389cc1d50a24a4ba762345ace716f37-5.wav,and fuckin' roll out of control,13.018,14.954,"[{'word': 'fuckin', 'start': 0.176, 'end': 0.484}, {'word': 'roll', 'start': 0.528, 'end': 1.012}, {'word': 'out', 'start': 1.1, 'end': 1.232}, {'word': 'of', 'start': 1.276, 'end': 1.408}, {'word': 'control', 'start': 1.452, 'end': 1.936}]",0.0,1.936,False,and fuckin' roll out of control,and fucking roll out of control,True,2389cc1d50a24a4ba762345ace716f37,49.01499999999999,train,1
2389cc1d50a24a4ba762345ace716f37-7.wav,you fuckin' suck my fuckin' cock,17.286,19.178,"[{'word': 'fuckin', 'start': 0.176, 'end': 0.44}, {'word': 'suck', 'start': 0.484, 'end': 0.88}, {'word': 'my', 'start': 1.012, 'end': 1.144}, {'word': 'fuckin', 'start': 1.188, 'end': 1.496}, {'word': 'cock', 'start': 1.54, 'end': 1.892}]",0.0,1.892,False,you fuckin' suck my fuckin' cock,you fucking suck my fucking cock,True,2389cc1d50a24a4ba762345ace716f37,49.01499999999999,train,1
2389cc1d50a24a4ba762345ace716f37-8.wav,cause when you rule your fuckin school,19.354,21.378,"[{'word': 'when', 'start': 0.176, 'end': 0.308}, {'word': 'you', 'start': 0.352, 'end': 0.528}, {'word': 'rule', 'start': 0.572, 'end': 1.012}, {'word': 'your', 'start': 1.144, 'end': 1.276}, {'word': 'fuckin', 'start': 1.32, 'end': 1.628}, {'word': 'school', 'start': 1.672, 'end': 2.024}]",0.0,2.024000000000001,False,cause when you rule your fuckin school,cause when you rule your fucking school,True,2389cc1d50a24a4ba762345ace716f37,49.01499999999999,train,1
24e6fc1877164aaabaf379bc976839a2-1.wav,i turn around another fucking war man,53.977,56.298,"[{'word': 'i', 'start': 0.0, 'end': 0.116}, {'word': 'turn', 'start': 0.155, 'end': 0.271}, {'word': 'around', 'start': 0.31, 'end': 0.58}, {'word': 'another', 'start': 0.619, 'end': 0.89}, {'word': 'fucking', 'start': 0.967, 'end': 1.277}, {'word': 'war', 'start': 1.315, 'end': 1.663}, {'word': 'man', 'start': 1.702, 'end': 2.321}]",0.0,2.321000000000005,False,i turn around another fucking war man,i turn around another fucking war man,False,24e6fc1877164aaabaf379bc976839a2,199.612,train,1
24e6fc1877164aaabaf379bc976839a2-15.wav,with this shit you forget,97.333,98.377,"[{'word': 'this', 'start': 0.116, 'end': 0.232}, {'word': 'shit', 'start': 0.27, 'end': 0.541}, {'word': 'you', 'start': 0.58, 'end': 0.696}]",0.0,1.043999999999997,False,with this shit you forget,with this shit you forget,False,24e6fc1877164aaabaf379bc976839a2,199.612,train,1
24e6fc1877164aaabaf379bc976839a2-20.wav,and your future's a fuckin' disaster,112.919,114.93,"[{'word': 'and', 'start': 0.0, 'end': 0.116}, {'word': 'your', 'start': 0.155, 'end': 0.271}, {'word': 'futures', 'start': 0.309, 'end': 0.735}, {'word': 'a', 'start': 0.774, 'end': 0.89}, {'word': 'fuckin', 'start': 0.928, 'end': 1.199}]",0.0,2.01100000000001,False,and your future's a fuckin' disaster,and your future's a fucking disaster,True,24e6fc1877164aaabaf379bc976839a2,199.612,train,1
27675f8bbd7b4c69acb0c9bae6e2ace1-154.wav,"see slim, shut up bitch, i'm trying to talk.",271.266,273.554,"[{'word': 'see', 'start': 0.0, 'end': 0.138}, {'word': 'slim', 'start': 0.229, 'end': 0.504}, {'word': 'shut', 'start': 0.687, 'end': 0.961}, {'word': 'up', 'start': 0.961, 'end': 1.098}, {'word': 'bitch', 'start': 1.098, 'end': 1.327}, {'word': 'im', 'start': 1.327, 'end': 1.464}, {'word': 'trying', 'start': 1.464, 'end': 1.739}, {'word': 'to', 'start': 1.739, 'end': 1.876}, {'word': 'talk', 'start': 1.922, 'end': 2.288}]",0.0,2.287999999999954,False,see slim shut up bitch i'm trying to talk,see slim shut up bitch i'm trying to talk,False,27675f8bbd7b4c69acb0c9bae6e2ace1,273.55399999999975,train,1
27675f8bbd7b4c69acb0c9bae6e2ace1-163.wav,"oh shit, i forgot,",285.77,286.959,"[{'word': 'shit', 'start': 0.183, 'end': 0.457}, {'word': 'i', 'start': 0.686, 'end': 0.732}]",0.0,1.1890000000000214,False,oh shit i forgot,oh shit i forgot,False,27675f8bbd7b4c69acb0c9bae6e2ace1,273.55399999999975,train,1
27675f8bbd7b4c69acb0c9bae6e2ace1-164.wav,how am i supposed to send this shit out?,287.142,288.698,"[{'word': 'how', 'start': 0.0, 'end': 0.092}, {'word': 'am', 'start': 0.092, 'end': 0.138}, {'word': 'i', 'start': 0.138, 'end': 0.229}, {'word': 'supposed', 'start': 0.229, 'end': 0.549}, {'word': 'to', 'start': 0.549, 'end': 0.595}, {'word': 'send', 'start': 0.595, 'end': 0.87}, {'word': 'this', 'start': 0.87, 'end': 1.007}, {'word': 'shit', 'start': 1.007, 'end': 1.19}]",0.0,1.5559999999999832,False,how am i supposed to send this shit out,how am i supposed to send this shit out,False,27675f8bbd7b4c69acb0c9bae6e2ace1,273.55399999999975,train,1
27675f8bbd7b4c69acb0c9bae6e2ace1-176.wav,"don't think i did that shit intentionally,",340.124,342.0,"[{'word': 'think', 'start': 0.229, 'end': 0.412}, {'word': 'i', 'start': 0.412, 'end': 0.549}, {'word': 'did', 'start': 0.549, 'end': 0.686}, {'word': 'that', 'start': 0.686, 'end': 0.869}, {'word': 'shit', 'start': 0.869, 'end': 1.052}, {'word': 'intentionally', 'start': 1.052, 'end': 1.876}]",0.0,1.8759999999999764,False,don't think i did that shit intentionally,don't think i did that shit intentionally,False,27675f8bbd7b4c69acb0c9bae6e2ace1,273.55399999999975,train,1
27675f8bbd7b4c69acb0c9bae6e2ace1-178.wav,but what's this shit you said about,343.052,344.379,"[{'word': 'but', 'start': 0.0, 'end': 0.183}, {'word': 'whats', 'start': 0.183, 'end': 0.412}, {'word': 'this', 'start': 0.412, 'end': 0.595}, {'word': 'shit', 'start': 0.595, 'end': 0.778}, {'word': 'you', 'start': 0.778, 'end': 0.915}, {'word': 'said', 'start': 0.915, 'end': 1.144}, {'word': 'about', 'start': 1.144, 'end': 1.327}]",0.0,1.3269999999999982,False,but what's this shit you said about,but what's this shit you said about,False,27675f8bbd7b4c69acb0c9bae6e2ace1,273.55399999999975,train,1
27675f8bbd7b4c69acb0c9bae6e2ace1-180.wav,"i-say that shit just-clowning dogg,",346.072,347.582,"[{'word': 'that', 'start': 0.274, 'end': 0.503}, {'word': 'shit', 'start': 0.503, 'end': 0.686}, {'word': 'justclowning', 'start': 0.686, 'end': 1.189}, {'word': 'dogg', 'start': 1.189, 'end': 1.51}]",0.0,1.509999999999991,False,i say that shit just clowning dogg,i say that shit just clowning dogg,False,27675f8bbd7b4c69acb0c9bae6e2ace1,273.55399999999975,train,1
27675f8bbd7b4c69acb0c9bae6e2ace1-181.wav,c'mon-- how fucked up is you?,347.627,349.046,"[{'word': 'cmon', 'start': 0.0, 'end': 0.275}, {'word': 'how', 'start': 0.275, 'end': 0.504}, {'word': 'fucked', 'start': 0.504, 'end': 0.732}, {'word': 'up', 'start': 0.732, 'end': 0.87}, {'word': 'is', 'start': 0.87, 'end': 1.053}, {'word': 'you', 'start': 1.053, 'end': 1.419}]",0.0,1.4189999999999827,False,c'monhow fucked up is you,c'monhow fucked up is you,False,27675f8bbd7b4c69acb0c9bae6e2ace1,273.55399999999975,train,1
27675f8bbd7b4c69acb0c9bae6e2ace1-189.wav,that type of shit'll make me not,357.693,359.066,"[{'word': 'type', 'start': 0.183, 'end': 0.366}, {'word': 'of', 'start': 0.366, 'end': 0.503}, {'word': 'shitll', 'start': 0.503, 'end': 0.824}, {'word': 'make', 'start': 0.824, 'end': 1.052}, {'word': 'me', 'start': 1.052, 'end': 1.19}, {'word': 'not', 'start': 1.19, 'end': 1.373}]",0.0,1.3729999999999905,False,that type of shit'll make me not,that type of shit'll make me not,False,27675f8bbd7b4c69acb0c9bae6e2ace1,273.55399999999975,train,1
27675f8bbd7b4c69acb0c9bae6e2ace1-203.wav,i just don't want you to do some crazy shit.,379.242,381.347,"[{'word': 'i', 'start': 0.0, 'end': 0.183}, {'word': 'just', 'start': 0.183, 'end': 0.367}, {'word': 'dont', 'start': 0.367, 'end': 0.595}, {'word': 'want', 'start': 0.595, 'end': 0.778}, {'word': 'you', 'start': 0.778, 'end': 0.961}, {'word': 'to', 'start': 0.961, 'end': 1.099}, {'word': 'do', 'start': 1.099, 'end': 1.19}, {'word': 'some', 'start': 1.19, 'end': 1.373}, {'word': 'crazy', 'start': 1.373, 'end': 1.831}]",0.0,2.1049999999999613,False,i just don't want you to do some crazy shit,i just don't want you to do some crazy shit,False,27675f8bbd7b4c69acb0c9bae6e2ace1,273.55399999999975,train,1
27675f8bbd7b4c69acb0c9bae6e2ace1-204.wav,i seen this one shit on the news,381.347,382.948,"[{'word': 'i', 'start': 0.0, 'end': 0.137}, {'word': 'seen', 'start': 0.183, 'end': 0.366}, {'word': 'this', 'start': 0.366, 'end': 0.549}, {'word': 'one', 'start': 0.549, 'end': 0.732}, {'word': 'shit', 'start': 0.732, 'end': 0.915}, {'word': 'on', 'start': 0.915, 'end': 1.144}, {'word': 'the', 'start': 1.144, 'end': 1.281}]",0.0,1.600999999999999,False,i seen this one shit on the news,i seen this one shit on the news,False,27675f8bbd7b4c69acb0c9bae6e2ace1,273.55399999999975,train,1
27675f8bbd7b4c69acb0c9bae6e2ace1-28.wav,"but anyways, fuck it,",63.641,64.922,"[{'word': 'anyways', 'start': 0.229, 'end': 0.823}, {'word': 'fuck', 'start': 0.823, 'end': 1.098}, {'word': 'it', 'start': 1.098, 'end': 1.281}]",0.0,1.2809999999999988,False,but anyways fuck it,but anyways fuck it,False,27675f8bbd7b4c69acb0c9bae6e2ace1,273.55399999999975,train,1
27675f8bbd7b4c69acb0c9bae6e2ace1-35.wav,i had a friend kill himself over some bitch,75.811,77.733,"[{'word': 'i', 'start': 0.0, 'end': 0.046}, {'word': 'had', 'start': 0.046, 'end': 0.183}, {'word': 'a', 'start': 0.183, 'end': 0.275}, {'word': 'friend', 'start': 0.32, 'end': 0.549}, {'word': 'kill', 'start': 0.549, 'end': 0.732}, {'word': 'himself', 'start': 0.732, 'end': 1.19}, {'word': 'over', 'start': 1.19, 'end': 1.464}, {'word': 'some', 'start': 1.464, 'end': 1.647}, {'word': 'bitch', 'start': 1.739, 'end': 1.922}]",0.0,1.921999999999997,False,i had a friend kill himself over some bitch,i had a friend kill himself over some bitch,False,27675f8bbd7b4c69acb0c9bae6e2ace1,273.55399999999975,train,1
27675f8bbd7b4c69acb0c9bae6e2ace1-39.wav,i even got the underground shit,82.216,83.635,"[{'word': 'i', 'start': 0.0, 'end': 0.183}, {'word': 'even', 'start': 0.183, 'end': 0.412}, {'word': 'got', 'start': 0.412, 'end': 0.595}, {'word': 'the', 'start': 0.595, 'end': 0.732}, {'word': 'underground', 'start': 0.732, 'end': 1.281}, {'word': 'shit', 'start': 1.281, 'end': 1.419}]",0.0,1.4190000000000111,False,i even got the underground shit,i even got the underground shit,False,27675f8bbd7b4c69acb0c9bae6e2ace1,273.55399999999975,train,1
27675f8bbd7b4c69acb0c9bae6e2ace1-43.wav,"i like the shit you did with ruckus too,",88.073,89.766,"[{'word': 'like', 'start': 0.137, 'end': 0.366}, {'word': 'the', 'start': 0.366, 'end': 0.457}, {'word': 'shit', 'start': 0.457, 'end': 0.64}, {'word': 'you', 'start': 0.64, 'end': 0.823}, {'word': 'did', 'start': 0.823, 'end': 1.006}, {'word': 'with', 'start': 1.006, 'end': 1.189}, {'word': 'ruckus', 'start': 1.189, 'end': 1.555}, {'word': 'too', 'start': 1.555, 'end': 1.693}]",0.0,1.693000000000012,False,i like the shit you did with ruckus too,i like the shit you did with ruckus too,False,27675f8bbd7b4c69acb0c9bae6e2ace1,273.55399999999975,train,1
27675f8bbd7b4c69acb0c9bae6e2ace1-61.wav,fucked up you don't answer fans.,125.498,126.734,"[{'word': 'fucked', 'start': 0.0, 'end': 0.138}, {'word': 'up', 'start': 0.138, 'end': 0.321}, {'word': 'you', 'start': 0.321, 'end': 0.412}, {'word': 'dont', 'start': 0.458, 'end': 0.595}, {'word': 'answer', 'start': 0.687, 'end': 0.824}, {'word': 'fans', 'start': 0.915, 'end': 1.236}]",0.0,1.23599999999999,False,fucked up you don't answer fans,fucked up you don't answer fans,False,27675f8bbd7b4c69acb0c9bae6e2ace1,273.55399999999975,train,1
27675f8bbd7b4c69acb0c9bae6e2ace1-70.wav,"that's pretty shitty man,",139.087,140.093,"[{'word': 'pretty', 'start': 0.183, 'end': 0.412}, {'word': 'shitty', 'start': 0.412, 'end': 0.732}]",0.0,1.0060000000000002,False,that's pretty shitty man,that's pretty shitty man,False,27675f8bbd7b4c69acb0c9bae6e2ace1,273.55399999999975,train,1
27675f8bbd7b4c69acb0c9bae6e2ace1-71.wav,your like his fuckin' idol,140.185,141.558,"[{'word': 'like', 'start': 0.183, 'end': 0.366}, {'word': 'his', 'start': 0.366, 'end': 0.549}, {'word': 'fuckin', 'start': 0.549, 'end': 0.915}, {'word': 'idol', 'start': 0.915, 'end': 1.373}]",0.0,1.3729999999999905,False,your like his fuckin' idol,your like his fucking idol,True,27675f8bbd7b4c69acb0c9bae6e2ace1,273.55399999999975,train,1
27675f8bbd7b4c69acb0c9bae6e2ace1-85.wav,"so when i have a shitty day,",159.401,160.774,"[{'word': 'so', 'start': 0.0, 'end': 0.137}, {'word': 'when', 'start': 0.183, 'end': 0.32}, {'word': 'i', 'start': 0.32, 'end': 0.458}, {'word': 'have', 'start': 0.458, 'end': 0.641}, {'word': 'a', 'start': 0.641, 'end': 0.732}, {'word': 'shitty', 'start': 0.732, 'end': 1.098}, {'word': 'day', 'start': 1.098, 'end': 1.373}]",0.0,1.3729999999999905,False,so when i have a shitty day,so when i have a shitty day,False,27675f8bbd7b4c69acb0c9bae6e2ace1,273.55399999999975,train,1
27675f8bbd7b4c69acb0c9bae6e2ace1-87.wav,"cause i don't really got shit-else,",162.329,163.61,"[{'word': 'cause', 'start': 0.0, 'end': 0.183}, {'word': 'i', 'start': 0.229, 'end': 0.366}, {'word': 'dont', 'start': 0.366, 'end': 0.549}, {'word': 'really', 'start': 0.549, 'end': 0.824}, {'word': 'got', 'start': 0.824, 'end': 1.007}]",0.0,1.281000000000006,False,cause i don't really got shit else,cause i don't really got shit else,False,27675f8bbd7b4c69acb0c9bae6e2ace1,273.55399999999975,train,1
27675f8bbd7b4c69acb0c9bae6e2ace1-88.wav,so that shit helps when i'm depressed.,163.702,165.623,"[{'word': 'that', 'start': 0.229, 'end': 0.412}, {'word': 'shit', 'start': 0.412, 'end': 0.595}, {'word': 'helps', 'start': 0.595, 'end': 0.915}, {'word': 'when', 'start': 0.915, 'end': 1.006}, {'word': 'im', 'start': 1.006, 'end': 1.235}]",0.0,1.9209999999999925,False,so that shit helps when i'm depressed,so that shit helps when i'm depressed,False,27675f8bbd7b4c69acb0c9bae6e2ace1,273.55399999999975,train,1
28a2c75276a2461fa06bc5cfb01de140-19.wav,"call me sexist, bitch it's still true.",55.006,59.441,"[{'word': 'call', 'start': 0.0, 'end': 0.577}, {'word': 'me', 'start': 0.665, 'end': 1.153}, {'word': 'sexist', 'start': 1.286, 'end': 2.572}, {'word': 'bitch', 'start': 2.705, 'end': 3.06}, {'word': 'its', 'start': 3.149, 'end': 3.326}, {'word': 'still', 'start': 3.371, 'end': 3.903}]",0.0,4.435000000000002,False,call me sexist bitch it's still true,call me sexist bitch it's still true,False,28a2c75276a2461fa06bc5cfb01de140,80.89099999999998,train,1
28a2c75276a2461fa06bc5cfb01de140-20.wav,"""just kidding about the bitch part.""",59.485,60.506,"[{'word': 'just', 'start': 0.0, 'end': 0.134}, {'word': 'kidding', 'start': 0.178, 'end': 0.355}, {'word': 'about', 'start': 0.4, 'end': 0.488}, {'word': 'the', 'start': 0.533, 'end': 0.577}, {'word': 'bitch', 'start': 0.621, 'end': 0.799}, {'word': 'part', 'start': 0.843, 'end': 1.021}]",0.0,1.0210000000000008,False,just kidding about the bitch part,just kidding about the bitch part,False,28a2c75276a2461fa06bc5cfb01de140,80.89099999999998,train,1
28a2c75276a2461fa06bc5cfb01de140-32.wav,when you piss of your chick.,86.584,88.491,"[{'word': 'you', 'start': 0.221, 'end': 0.443}, {'word': 'piss', 'start': 0.576, 'end': 0.842}, {'word': 'of', 'start': 0.975, 'end': 1.241}, {'word': 'your', 'start': 1.33, 'end': 1.508}, {'word': 'chick', 'start': 1.596, 'end': 1.907}]",0.0,1.9069999999999965,False,when you piss of your chick,when you piss of your chick,False,28a2c75276a2461fa06bc5cfb01de140,80.89099999999998,train,1
28a2c75276a2461fa06bc5cfb01de140-35.wav,she'll forget that you're a dick.,92.083,94.212,"[{'word': 'shell', 'start': 0.0, 'end': 0.133}, {'word': 'forget', 'start': 0.222, 'end': 0.621}, {'word': 'that', 'start': 0.754, 'end': 1.02}, {'word': 'youre', 'start': 1.109, 'end': 1.375}, {'word': 'a', 'start': 1.508, 'end': 1.685}, {'word': 'dick', 'start': 1.819, 'end': 2.129}]",0.0,2.129000000000005,False,she'll forget that you're a dick,she'll forget that you're a dick,False,28a2c75276a2461fa06bc5cfb01de140,80.89099999999998,train,1
28a2c75276a2461fa06bc5cfb01de140-9.wav,grandma says this shit is like crack,32.299,36.778,"[{'word': 'says', 'start': 1.286, 'end': 1.907}, {'word': 'this', 'start': 2.084, 'end': 2.528}, {'word': 'shit', 'start': 2.661, 'end': 3.06}, {'word': 'is', 'start': 3.148, 'end': 3.326}, {'word': 'like', 'start': 3.459, 'end': 3.947}, {'word': 'crack', 'start': 4.08, 'end': 4.479}]",0.0,4.478999999999999,False,grandma says this shit is like crack,grandma says this shit is like crack,False,28a2c75276a2461fa06bc5cfb01de140,80.89099999999998,train,1
2a4737ddc28942dcab670ccb83781bf2-17.wav,not to fuck with your mind,42.328,44.967,"[{'word': 'not', 'start': 0.0, 'end': 0.278}, {'word': 'to', 'start': 0.278, 'end': 0.417}, {'word': 'fuck', 'start': 0.417, 'end': 0.834}, {'word': 'with', 'start': 0.834, 'end': 1.111}, {'word': 'your', 'start': 1.111, 'end': 2.084}]",0.0,2.638999999999996,False,not to fuck with your mind,not to fuck with your mind,False,2a4737ddc28942dcab670ccb83781bf2,123.47000000000013,train,1
2a4737ddc28942dcab670ccb83781bf2-31.wav,not to fuck with your mind,77.884,80.523,"[{'word': 'to', 'start': 0.278, 'end': 0.416}, {'word': 'fuck', 'start': 0.416, 'end': 0.833}, {'word': 'with', 'start': 0.833, 'end': 1.111}, {'word': 'your', 'start': 1.111, 'end': 2.083}, {'word': 'mind', 'start': 2.222, 'end': 2.639}]",0.0,2.638999999999996,False,not to fuck with your mind,not to fuck with your mind,False,2a4737ddc28942dcab670ccb83781bf2,123.47000000000013,train,1
2a4737ddc28942dcab670ccb83781bf2-49.wav,not to fuck with your mind,133.439,136.078,"[{'word': 'not', 'start': 0.0, 'end': 0.278}, {'word': 'to', 'start': 0.278, 'end': 0.417}, {'word': 'fuck', 'start': 0.417, 'end': 0.834}, {'word': 'with', 'start': 0.834, 'end': 1.111}, {'word': 'your', 'start': 1.111, 'end': 2.084}]",0.0,2.63900000000001,False,not to fuck with your mind,not to fuck with your mind,False,2a4737ddc28942dcab670ccb83781bf2,123.47000000000013,train,1
2bdce213821c491293061bbd4a5b6ac1-1.wav,you will always be my whore,23.634,26.306,"[{'word': 'will', 'start': 0.151, 'end': 0.252}, {'word': 'always', 'start': 0.302, 'end': 1.058}, {'word': 'be', 'start': 1.109, 'end': 1.411}, {'word': 'my', 'start': 1.462, 'end': 1.714}, {'word': 'whore', 'start': 1.815, 'end': 2.672}]",0.0,2.6720000000000006,False,you will always be my whore,you will always be my whore,False,2bdce213821c491293061bbd4a5b6ac1,130.03499999999983,train,1
2bdce213821c491293061bbd4a5b6ac1-43.wav,and you'll always be my whore,194.709,197.331,"[{'word': 'and', 'start': 0.0, 'end': 0.101}, {'word': 'youll', 'start': 0.151, 'end': 0.303}, {'word': 'always', 'start': 0.353, 'end': 1.109}, {'word': 'be', 'start': 1.16, 'end': 1.462}, {'word': 'my', 'start': 1.513, 'end': 1.815}]",0.0,2.6219999999999857,False,and you'll always be my whore,and you'll always be my whore,False,2bdce213821c491293061bbd4a5b6ac1,130.03499999999983,train,1
2d3240a433874418a4286120433fa24c-27.wav,man that kid made fucking up look cool,125.218,129.4,"[{'word': 'that', 'start': 0.408, 'end': 0.612}, {'word': 'kid', 'start': 0.714, 'end': 0.816}, {'word': 'made', 'start': 1.02, 'end': 1.224}, {'word': 'fucking', 'start': 1.428, 'end': 1.734}, {'word': 'up', 'start': 1.836, 'end': 2.04}, {'word': 'look', 'start': 2.142, 'end': 2.754}, {'word': 'cool', 'start': 2.856, 'end': 4.182}]",0.0,4.182000000000002,False,man that kid made fucking up look cool,man that kid made fucking up look cool,False,2d3240a433874418a4286120433fa24c,162.18800000000007,train,1
2f5018a552184f5b8dfb4eac84091e7c-28.wav,took-a shit in the bathroom tub,95.397,96.715,"[{'word': 'shit', 'start': 0.12, 'end': 0.359}, {'word': 'in', 'start': 0.359, 'end': 0.599}, {'word': 'the', 'start': 0.479, 'end': 0.959}, {'word': 'bathroom', 'start': 0.839, 'end': 1.079}]",0.0,1.3179999999999978,False,took a shit in the bathroom tub,took a shit in the bathroom tub,False,2f5018a552184f5b8dfb4eac84091e7c,109.4390000000001,train,1
2f5018a552184f5b8dfb4eac84091e7c-49.wav,fucked up up it's all done,154.73,156.169,"[{'word': 'fucked', 'start': 0.0, 'end': 0.24}, {'word': 'up', 'start': 0.24, 'end': 0.48}, {'word': 'up', 'start': 0.24, 'end': 0.48}, {'word': 'its', 'start': 0.6, 'end': 0.839}, {'word': 'all', 'start': 0.959, 'end': 1.199}, {'word': 'done', 'start': 1.199, 'end': 1.439}]",0.0,1.4390000000000214,False,fucked up up it's all done,fucked up up it's all done,False,2f5018a552184f5b8dfb4eac84091e7c,109.4390000000001,train,1
2faf624453de474493f6349d0287f250-27.wav,do what the fuck you want to,71.499,73.357,"[{'word': 'do', 'start': 0.0, 'end': 0.072}, {'word': 'what', 'start': 0.143, 'end': 0.286}, {'word': 'the', 'start': 0.429, 'end': 0.572}, {'word': 'fuck', 'start': 0.715, 'end': 0.858}, {'word': 'you', 'start': 1.0, 'end': 1.143}, {'word': 'want', 'start': 1.286, 'end': 1.429}, {'word': 'to', 'start': 1.715, 'end': 1.858}]",0.0,1.858000000000004,False,do what the fuck you want to,do what the fuck you want to,False,2faf624453de474493f6349d0287f250,94.078,train,1
306c1827e6b5431db9ce0076b17ba4a7-1.wav,i really fucking miss you.,25.238,27.319,"[{'word': 'i', 'start': 0.0, 'end': 0.231}, {'word': 'really', 'start': 0.231, 'end': 0.694}, {'word': 'fucking', 'start': 0.694, 'end': 1.156}, {'word': 'miss', 'start': 1.156, 'end': 1.619}]",0.0,2.0809999999999995,False,i really fucking miss you,i really fucking miss you,False,306c1827e6b5431db9ce0076b17ba4a7,89.94600000000001,train,1
306c1827e6b5431db9ce0076b17ba4a7-10.wav,i totally miss the fucked up,50.211,52.292,"[{'word': 'i', 'start': 0.0, 'end': 0.231}, {'word': 'totally', 'start': 0.231, 'end': 0.694}, {'word': 'miss', 'start': 0.694, 'end': 0.925}, {'word': 'the', 'start': 0.925, 'end': 1.156}, {'word': 'fucked', 'start': 1.156, 'end': 1.619}]",0.0,2.081000000000003,False,i totally miss the fucked up,i totally miss the fucked up,False,306c1827e6b5431db9ce0076b17ba4a7,89.94600000000001,train,1
306c1827e6b5431db9ce0076b17ba4a7-24.wav,i totally miss the fucked up,94.492,96.573,"[{'word': 'totally', 'start': 0.231, 'end': 0.694}, {'word': 'miss', 'start': 0.694, 'end': 0.925}, {'word': 'the', 'start': 0.925, 'end': 1.156}, {'word': 'fucked', 'start': 1.156, 'end': 1.619}, {'word': 'up', 'start': 1.619, 'end': 2.081}]",0.0,2.080999999999989,False,i totally miss the fucked up,i totally miss the fucked up,False,306c1827e6b5431db9ce0076b17ba4a7,89.94600000000001,train,1
306c1827e6b5431db9ce0076b17ba4a7-33.wav,i totally miss the fucked up,138.888,140.969,"[{'word': 'i', 'start': 0.0, 'end': 0.232}, {'word': 'totally', 'start': 0.232, 'end': 0.694}, {'word': 'miss', 'start': 0.694, 'end': 0.925}, {'word': 'the', 'start': 0.925, 'end': 1.157}, {'word': 'fucked', 'start': 1.157, 'end': 1.619}]",0.0,2.080999999999989,False,i totally miss the fucked up,i totally miss the fucked up,False,306c1827e6b5431db9ce0076b17ba4a7,89.94600000000001,train,1
30efb5f8160648e0841623f71a1d664b-13.wav,spending all your money on the whores and ho-unds.,54.508,60.388,"[{'word': 'spending', 'start': 0.0, 'end': 0.84}, {'word': 'all', 'start': 0.84, 'end': 1.32}, {'word': 'your', 'start': 1.44, 'end': 1.68}, {'word': 'money', 'start': 1.8, 'end': 2.28}, {'word': 'on', 'start': 2.4, 'end': 2.88}, {'word': 'the', 'start': 3.0, 'end': 3.24}, {'word': 'whores', 'start': 3.36, 'end': 3.84}, {'word': 'and', 'start': 3.96, 'end': 4.2}, {'word': 'hounds', 'start': 4.32, 'end': 5.88}]",0.0,5.879999999999996,False,spending all your money on the whores and ho unds,spending all your money on the whores and hounds,True,30efb5f8160648e0841623f71a1d664b,265.8000000000001,train,1
32cb751fd9c648acb475e804011778a7-20.wav,it's your fucking nightmare!,119.001,121.715,"[{'word': 'your', 'start': 0.214, 'end': 0.5}, {'word': 'fucking', 'start': 0.714, 'end': 1.357}]",0.0,2.713999999999998,False,it's your fucking nightmare,it's your fucking nightmare,False,32cb751fd9c648acb475e804011778a7,183.141,train,1
32cb751fd9c648acb475e804011778a7-44.wav,it's your fucking nightmare!,191.072,194.072,"[{'word': 'its', 'start': 0.0, 'end': 0.143}, {'word': 'your', 'start': 0.215, 'end': 0.5}, {'word': 'fucking', 'start': 0.715, 'end': 1.357}]",0.0,3.0,False,it's your fucking nightmare,it's your fucking nightmare,False,32cb751fd9c648acb475e804011778a7,183.141,train,1
32cb751fd9c648acb475e804011778a7-83.wav,it's your fucking nightmare!,359.072,362.072,"[{'word': 'its', 'start': 0.0, 'end': 0.143}, {'word': 'your', 'start': 0.286, 'end': 0.572}, {'word': 'fucking', 'start': 0.715, 'end': 1.286}]",0.0,3.0,False,it's your fucking nightmare,it's your fucking nightmare,False,32cb751fd9c648acb475e804011778a7,183.141,train,1
3442d941e4864a86a09e98e8210c2440-43.wav,"damn, i look just like my fucking dad",127.283,129.879,"[{'word': 'i', 'start': 0.577, 'end': 0.673}, {'word': 'look', 'start': 0.673, 'end': 0.865}, {'word': 'just', 'start': 0.865, 'end': 1.057}, {'word': 'like', 'start': 1.057, 'end': 1.25}, {'word': 'my', 'start': 1.25, 'end': 1.442}, {'word': 'fucking', 'start': 1.538, 'end': 1.923}, {'word': 'dad', 'start': 2.019, 'end': 2.596}]",0.0,2.595999999999989,False,damn i look just like my fucking dad,damn i look just like my fucking dad,False,3442d941e4864a86a09e98e8210c2440,147.49899999999994,train,1
38c7f272852a40f0a2e188c517edaa29-34.wav,get tha fuck up!!!,107.495,109.094,"[{'word': 'get', 'start': 0.0, 'end': 0.16}, {'word': 'tha', 'start': 0.16, 'end': 0.32}, {'word': 'fuck', 'start': 0.32, 'end': 0.64}]",0.0,1.5989999999999895,False,get tha fuck up,get tha fuck up,False,38c7f272852a40f0a2e188c517edaa29,84.43699999999997,train,1
39f8155515e449788d349f740091565c-23.wav,afternoon delight cocktails and moon litnights,98.615,105.861,"[{'word': 'delight', 'start': 0.751, 'end': 3.006}, {'word': 'cocktails', 'start': 3.972, 'end': 5.368}, {'word': 'and', 'start': 5.421, 'end': 5.636}, {'word': 'moon', 'start': 5.69, 'end': 5.851}]",0.0,7.246000000000009,False,afternoon delight cocktails and moon litnights,afternoon delight cocktails and moon lit nights,True,39f8155515e449788d349f740091565c,134.891,train,1
3ff0d9a1e3fa4a98a8aa1faf7c765d88-9.wav,has flipped the bitch on evolution,53.106,55.41,"[{'word': 'flipped', 'start': 0.209, 'end': 0.523}, {'word': 'the', 'start': 0.523, 'end': 0.628}, {'word': 'bitch', 'start': 0.628, 'end': 0.942}, {'word': 'on', 'start': 0.942, 'end': 1.152}]",0.0,2.303999999999995,False,has flipped the bitch on evolution,has flipped the bitch on evolution,False,3ff0d9a1e3fa4a98a8aa1faf7c765d88,117.53699999999994,train,1
3ff7f1ab40484c959045199f098a9def-10.wav,fuck it all,46.116,47.878,"[{'word': 'it', 'start': 0.3, 'end': 0.413}]",0.0,1.7620000000000005,False,fuck it all,fuck it all,False,3ff7f1ab40484c959045199f098a9def,161.47699999999992,train,1
3ff7f1ab40484c959045199f098a9def-27.wav,"now i fucking hate you, with all of my heart",92.016,94.978,"[{'word': 'now', 'start': 0.0, 'end': 0.225}, {'word': 'i', 'start': 0.3, 'end': 0.412}, {'word': 'fucking', 'start': 0.45, 'end': 0.862}, {'word': 'hate', 'start': 0.9, 'end': 1.05}, {'word': 'you', 'start': 1.2, 'end': 1.462}, {'word': 'with', 'start': 1.65, 'end': 1.762}, {'word': 'all', 'start': 1.837, 'end': 2.062}, {'word': 'of', 'start': 2.1, 'end': 2.362}, {'word': 'my', 'start': 2.4, 'end': 2.662}]",0.0,2.961999999999989,False,now i fucking hate you with all of my heart,now i fucking hate you with all of my heart,False,3ff7f1ab40484c959045199f098a9def,161.47699999999992,train,1
3ffab13c0be14d829ccc3167b1d9c20d-2.wav,there's so much shit around me,43.762,47.84,"[{'word': 'theres', 'start': 0.0, 'end': 0.51}, {'word': 'so', 'start': 0.51, 'end': 1.02}, {'word': 'much', 'start': 1.147, 'end': 1.912}, {'word': 'shit', 'start': 1.912, 'end': 2.422}, {'word': 'around', 'start': 2.422, 'end': 3.568}]",0.0,4.078000000000003,False,there's so much shit around me,there's so much shit around me,False,3ffab13c0be14d829ccc3167b1d9c20d,129.08399999999992,train,1
4280deeb982349eca0d151aa83eb3dff-46.wav,the old men with limp dicks,237.704,240.254,"[{'word': 'the', 'start': 0.0, 'end': 0.3}, {'word': 'old', 'start': 0.3, 'end': 0.75}, {'word': 'men', 'start': 0.75, 'end': 1.2}, {'word': 'with', 'start': 1.2, 'end': 1.5}, {'word': 'limp', 'start': 1.65, 'end': 2.1}, {'word': 'dicks', 'start': 2.1, 'end': 2.55}]",0.0,2.549999999999983,False,the old men with limp dicks,the old men with limp dicks,False,4280deeb982349eca0d151aa83eb3dff,194.85,train,1
45e15847d08e4b32bfc3537fbb75bd6d-19.wav,is fucking with my head,96.975,99.225,"[{'word': 'is', 'start': 0.0, 'end': 0.125}, {'word': 'fucking', 'start': 0.125, 'end': 0.75}, {'word': 'with', 'start': 0.75, 'end': 1.25}, {'word': 'my', 'start': 1.25, 'end': 1.625}, {'word': 'head', 'start': 1.625, 'end': 2.25}]",0.0,2.25,False,is fucking with my head,is fucking with my head,False,45e15847d08e4b32bfc3537fbb75bd6d,60.74999999999999,train,1
493f680e1eb9486a890c5b01e2c89a14-5.wav,that reeked of piss and 409,58.901,63.034,"[{'word': 'reeked', 'start': 0.199, 'end': 0.946}, {'word': 'of', 'start': 0.996, 'end': 1.394}, {'word': 'piss', 'start': 1.444, 'end': 2.141}, {'word': 'and', 'start': 2.241, 'end': 2.639}]",0.0,4.132999999999996,False,that reeked of piss and 409,that reeked of piss and four oh nine,True,493f680e1eb9486a890c5b01e2c89a14,117.88000000000004,train,1
4a31712ab9694f69a798e6cd59671236-17.wav,what a fucked up thing we do,49.82,52.721,"[{'word': 'what', 'start': 0.0, 'end': 0.185}, {'word': 'a', 'start': 0.247, 'end': 0.432}, {'word': 'fucked', 'start': 0.494, 'end': 1.173}, {'word': 'up', 'start': 1.235, 'end': 1.667}, {'word': 'thing', 'start': 1.729, 'end': 1.914}, {'word': 'we', 'start': 1.975, 'end': 2.408}]",0.0,2.900999999999996,False,what a fucked up thing we do,what a fucked up thing we do,False,4a31712ab9694f69a798e6cd59671236,135.436,train,1
4a31712ab9694f69a798e6cd59671236-38.wav,what a fucked up thing we do,105.437,108.339,"[{'word': 'what', 'start': 0.0, 'end': 0.186}, {'word': 'a', 'start': 0.247, 'end': 0.433}, {'word': 'fucked', 'start': 0.494, 'end': 1.173}, {'word': 'up', 'start': 1.235, 'end': 1.667}, {'word': 'thing', 'start': 1.729, 'end': 1.914}, {'word': 'we', 'start': 1.976, 'end': 2.408}, {'word': 'do', 'start': 2.47, 'end': 2.902}]",0.0,2.902000000000001,False,what a fucked up thing we do,what a fucked up thing we do,False,4a31712ab9694f69a798e6cd59671236,135.436,train,1
4a31712ab9694f69a798e6cd59671236-63.wav,what a fucked up thing we do,204.141,207.042,"[{'word': 'what', 'start': 0.0, 'end': 0.185}, {'word': 'a', 'start': 0.247, 'end': 0.432}, {'word': 'fucked', 'start': 0.494, 'end': 1.173}, {'word': 'up', 'start': 1.235, 'end': 1.667}, {'word': 'thing', 'start': 1.729, 'end': 1.914}, {'word': 'we', 'start': 1.975, 'end': 2.408}]",0.0,2.9010000000000105,False,what a fucked up thing we do,what a fucked up thing we do,False,4a31712ab9694f69a798e6cd59671236,135.436,train,1
4b196e6c99574dd49ad00d56e132712b-37.wav,and where the fuck are you?,147.536,150.935,"[{'word': 'where', 'start': 0.295, 'end': 0.739}, {'word': 'the', 'start': 0.739, 'end': 1.034}, {'word': 'fuck', 'start': 1.034, 'end': 1.478}, {'word': 'are', 'start': 1.478, 'end': 1.773}]",0.0,3.399000000000001,False,and where the fuck are you,and where the fuck are you,False,4b196e6c99574dd49ad00d56e132712b,165.088,train,1
4b196e6c99574dd49ad00d56e132712b-38.wav,where the fuck are you?,150.935,153.965,"[{'word': 'where', 'start': 0.0, 'end': 0.591}, {'word': 'the', 'start': 0.591, 'end': 0.739}, {'word': 'fuck', 'start': 0.739, 'end': 1.404}, {'word': 'are', 'start': 1.404, 'end': 1.626}]",0.0,3.030000000000001,False,where the fuck are you,where the fuck are you,False,4b196e6c99574dd49ad00d56e132712b,165.088,train,1
4b196e6c99574dd49ad00d56e132712b-39.wav,where the fuck are you?,153.965,156.847,"[{'word': 'where', 'start': 0.0, 'end': 0.443}, {'word': 'the', 'start': 0.443, 'end': 0.739}, {'word': 'fuck', 'start': 0.739, 'end': 1.256}, {'word': 'are', 'start': 1.256, 'end': 1.478}]",0.0,2.882000000000005,False,where the fuck are you,where the fuck are you,False,4b196e6c99574dd49ad00d56e132712b,165.088,train,1
4b196e6c99574dd49ad00d56e132712b-65.wav,where the fuck are you!,229.194,232.15,"[{'word': 'where', 'start': 0.0, 'end': 0.665}, {'word': 'the', 'start': 0.665, 'end': 0.813}, {'word': 'fuck', 'start': 0.813, 'end': 1.33}, {'word': 'are', 'start': 1.33, 'end': 1.626}]",0.0,2.9560000000000173,False,where the fuck are you,where the fuck are you,False,4b196e6c99574dd49ad00d56e132712b,165.088,train,1
4b196e6c99574dd49ad00d56e132712b-66.wav,where the fuck are you!,232.15,234.958,"[{'word': 'where', 'start': 0.0, 'end': 0.591}, {'word': 'the', 'start': 0.591, 'end': 0.813}, {'word': 'fuck', 'start': 0.813, 'end': 1.256}, {'word': 'are', 'start': 1.256, 'end': 1.552}]",0.0,2.8079999999999927,False,where the fuck are you,where the fuck are you,False,4b196e6c99574dd49ad00d56e132712b,165.088,train,1
4c907a71ef49478394a74ba7fe960c9e-10.wav,"hot shit, glamorous, sweat drips mac",50.965,54.32,"[{'word': 'hot', 'start': 0.0, 'end': 0.285}, {'word': 'shit', 'start': 0.398, 'end': 0.797}, {'word': 'glamorous', 'start': 0.91, 'end': 1.706}, {'word': 'sweat', 'start': 1.82, 'end': 2.104}, {'word': 'drips', 'start': 2.218, 'end': 2.616}]",0.0,3.354999999999997,False,hot shit glamorous sweat drips mac,hot shit glamorous sweat drips mac,False,4c907a71ef49478394a74ba7fe960c9e,96.388,train,1
4c907a71ef49478394a74ba7fe960c9e-11.wav,bitches who hate can kiss my flesh,54.605,58.244,"[{'word': 'who', 'start': 0.455, 'end': 0.739}, {'word': 'hate', 'start': 0.91, 'end': 1.194}, {'word': 'can', 'start': 1.308, 'end': 1.649}, {'word': 'kiss', 'start': 1.763, 'end': 2.218}, {'word': 'my', 'start': 2.559, 'end': 2.957}]",0.0,3.639000000000003,False,bitches who hate can kiss my flesh,bitches who hate can kiss my flesh,False,4c907a71ef49478394a74ba7fe960c9e,96.388,train,1
4c907a71ef49478394a74ba7fe960c9e-14.wav,give a fuck,64.215,65.466,"[{'word': 'give', 'start': 0.0, 'end': 0.171}, {'word': 'a', 'start': 0.228, 'end': 0.398}]",0.0,1.2509999999999906,False,give a fuck,give a fuck,False,4c907a71ef49478394a74ba7fe960c9e,96.388,train,1
4c907a71ef49478394a74ba7fe960c9e-15.wav,everything goes cos' we don't give a fuck,65.637,69.106,"[{'word': 'goes', 'start': 1.251, 'end': 1.478}, {'word': 'cos', 'start': 1.535, 'end': 1.706}, {'word': 'we', 'start': 1.763, 'end': 1.876}, {'word': 'dont', 'start': 1.99, 'end': 2.161}, {'word': 'give', 'start': 2.218, 'end': 2.388}, {'word': 'a', 'start': 2.445, 'end': 2.616}, {'word': 'fuck', 'start': 2.672, 'end': 3.469}]",0.0,3.468999999999994,False,everything goes cos' we don't give a fuck,everything goes cuz' we don't give a fuck,True,4c907a71ef49478394a74ba7fe960c9e,96.388,train,1
4c907a71ef49478394a74ba7fe960c9e-16.wav,i don't give a fuck,69.162,70.47,"[{'word': 'i', 'start': 0.0, 'end': 0.171}, {'word': 'dont', 'start': 0.285, 'end': 0.398}, {'word': 'give', 'start': 0.455, 'end': 0.626}, {'word': 'a', 'start': 0.683, 'end': 0.853}]",0.0,1.3079999999999927,False,i don't give a fuck,i don't give a fuck,False,4c907a71ef49478394a74ba7fe960c9e,96.388,train,1
4c907a71ef49478394a74ba7fe960c9e-17.wav,you don't give a fuck,70.982,72.29,"[{'word': 'you', 'start': 0.0, 'end': 0.171}, {'word': 'dont', 'start': 0.228, 'end': 0.398}, {'word': 'give', 'start': 0.512, 'end': 0.626}, {'word': 'a', 'start': 0.739, 'end': 0.91}]",0.0,1.308000000000007,False,you don't give a fuck,you don't give a fuck,False,4c907a71ef49478394a74ba7fe960c9e,96.388,train,1
4c907a71ef49478394a74ba7fe960c9e-18.wav,we don't give a fuck fuck fuck fuck,72.802,75.418,"[{'word': 'dont', 'start': 0.284, 'end': 0.455}, {'word': 'give', 'start': 0.512, 'end': 0.625}, {'word': 'a', 'start': 0.739, 'end': 0.91}, {'word': 'fuck', 'start': 0.967, 'end': 1.251}, {'word': 'fuck', 'start': 1.365, 'end': 1.706}, {'word': 'fuck', 'start': 1.82, 'end': 2.161}, {'word': 'fuck', 'start': 2.274, 'end': 2.616}]",0.0,2.616,False,we don't give a fuck fuck fuck fuck,we don't give a fuck fuck fuck fuck,False,4c907a71ef49478394a74ba7fe960c9e,96.388,train,1
4c907a71ef49478394a74ba7fe960c9e-19.wav,fuck fuck fuck fuck fuck fuck,75.531,78.147,"[{'word': 'fuck', 'start': 0.0, 'end': 0.342}, {'word': 'fuck', 'start': 0.455, 'end': 0.74}, {'word': 'fuck', 'start': 0.91, 'end': 1.195}, {'word': 'fuck', 'start': 1.365, 'end': 1.649}, {'word': 'fuck', 'start': 1.82, 'end': 2.161}]",0.0,2.616,False,fuck fuck fuck fuck fuck fuck,fuck fuck fuck fuck fuck fuck,False,4c907a71ef49478394a74ba7fe960c9e,96.388,train,1
4c907a71ef49478394a74ba7fe960c9e-24.wav,you fucking fag fag fag faggot,86.222,88.724,"[{'word': 'you', 'start': 0.0, 'end': 0.171}, {'word': 'fucking', 'start': 0.228, 'end': 0.626}, {'word': 'fag', 'start': 0.739, 'end': 1.081}, {'word': 'fag', 'start': 1.137, 'end': 1.479}, {'word': 'fag', 'start': 1.592, 'end': 1.934}]",0.0,2.502000000000009,False,you fucking fag fag fag faggot,you fucking fag fag fag faggot,False,4c907a71ef49478394a74ba7fe960c9e,96.388,train,1
4c907a71ef49478394a74ba7fe960c9e-27.wav,you's a fucking fag,93.217,94.581,"[{'word': 'a', 'start': 0.284, 'end': 0.454}, {'word': 'fucking', 'start': 0.511, 'end': 1.023}]",0.0,1.3640000000000043,False,you's a fucking fag,you's a fucking fag,False,4c907a71ef49478394a74ba7fe960c9e,96.388,train,1
4c907a71ef49478394a74ba7fe960c9e-29.wav,"stare at my style, i'm fucking wild",98.448,100.325,"[{'word': 'stare', 'start': 0.0, 'end': 0.171}, {'word': 'at', 'start': 0.285, 'end': 0.455}, {'word': 'my', 'start': 0.512, 'end': 0.683}, {'word': 'style', 'start': 0.739, 'end': 0.967}, {'word': 'im', 'start': 1.024, 'end': 1.137}, {'word': 'fucking', 'start': 1.251, 'end': 1.649}, {'word': 'wild', 'start': 1.706, 'end': 1.877}]",0.0,1.877000000000009,False,stare at my style i'm fucking wild,stare at my style i'm fucking wild,False,4c907a71ef49478394a74ba7fe960c9e,96.388,train,1
4c907a71ef49478394a74ba7fe960c9e-30.wav,"talk shit, i wish you would",100.382,101.86,"[{'word': 'shit', 'start': 0.227, 'end': 0.398}, {'word': 'i', 'start': 0.455, 'end': 0.625}, {'word': 'wish', 'start': 0.682, 'end': 0.853}, {'word': 'you', 'start': 0.909, 'end': 1.08}]",0.0,1.4779999999999944,False,talk shit i wish you would,talk shit i wish you would,False,4c907a71ef49478394a74ba7fe960c9e,96.388,train,1
4c907a71ef49478394a74ba7fe960c9e-36.wav,"hot shit, glamorous, sweat drips mac",112.778,115.963,"[{'word': 'hot', 'start': 0.0, 'end': 0.341}, {'word': 'shit', 'start': 0.398, 'end': 0.796}, {'word': 'glamorous', 'start': 0.967, 'end': 1.706}, {'word': 'sweat', 'start': 1.82, 'end': 2.161}, {'word': 'drips', 'start': 2.275, 'end': 2.616}, {'word': 'mac', 'start': 2.73, 'end': 3.185}]",0.0,3.184999999999988,False,hot shit glamorous sweat drips mac,hot shit glamorous sweat drips mac,False,4c907a71ef49478394a74ba7fe960c9e,96.388,train,1
4c907a71ef49478394a74ba7fe960c9e-37.wav,"bitches who hate can kiss my flesh,",116.418,120.0,"[{'word': 'who', 'start': 0.511, 'end': 0.796}, {'word': 'hate', 'start': 0.91, 'end': 1.251}, {'word': 'can', 'start': 1.364, 'end': 1.706}, {'word': 'kiss', 'start': 1.763, 'end': 2.217}, {'word': 'my', 'start': 2.502, 'end': 2.9}]",0.0,3.5819999999999936,False,bitches who hate can kiss my flesh,bitches who hate can kiss my flesh,False,4c907a71ef49478394a74ba7fe960c9e,96.388,train,1
4c907a71ef49478394a74ba7fe960c9e-39.wav,put your drinks up if you don't give a fuck,138.311,141.837,"[{'word': 'your', 'start': 0.398, 'end': 0.796}, {'word': 'drinks', 'start': 0.853, 'end': 1.251}, {'word': 'up', 'start': 1.365, 'end': 1.592}, {'word': 'if', 'start': 1.592, 'end': 1.763}, {'word': 'you', 'start': 1.82, 'end': 1.99}, {'word': 'dont', 'start': 2.047, 'end': 2.161}, {'word': 'give', 'start': 2.275, 'end': 2.445}, {'word': 'a', 'start': 2.502, 'end': 2.673}, {'word': 'fuck', 'start': 2.729, 'end': 3.526}]",0.0,3.525999999999982,False,put your drinks up if you don't give a fuck,put your drinks up if you don't give a fuck,False,4c907a71ef49478394a74ba7fe960c9e,96.388,train,1
4c907a71ef49478394a74ba7fe960c9e-40.wav,everything goes cos' we don't give a fuck,141.95,145.476,"[{'word': 'everything', 'start': 0.0, 'end': 1.251}, {'word': 'goes', 'start': 1.308, 'end': 1.536}, {'word': 'cos', 'start': 1.593, 'end': 1.763}, {'word': 'we', 'start': 1.82, 'end': 1.934}, {'word': 'dont', 'start': 2.048, 'end': 2.218}, {'word': 'give', 'start': 2.275, 'end': 2.446}, {'word': 'a', 'start': 2.502, 'end': 2.616}]",0.0,3.5260000000000105,False,everything goes cos' we don't give a fuck,everything goes cuz' we don't give a fuck,True,4c907a71ef49478394a74ba7fe960c9e,96.388,train,1
4c907a71ef49478394a74ba7fe960c9e-41.wav,i don't give a fuck,145.59,146.841,"[{'word': 'dont', 'start': 0.227, 'end': 0.341}, {'word': 'give', 'start': 0.455, 'end': 0.625}, {'word': 'a', 'start': 0.682, 'end': 0.853}, {'word': 'fuck', 'start': 0.91, 'end': 1.251}]",0.0,1.2510000000000048,False,i don't give a fuck,i don't give a fuck,False,4c907a71ef49478394a74ba7fe960c9e,96.388,train,1
4c907a71ef49478394a74ba7fe960c9e-42.wav,you don't give a fuck,147.409,148.66,"[{'word': 'you', 'start': 0.0, 'end': 0.171}, {'word': 'dont', 'start': 0.228, 'end': 0.398}, {'word': 'give', 'start': 0.455, 'end': 0.626}, {'word': 'a', 'start': 0.683, 'end': 0.853}]",0.0,1.2510000000000048,False,you don't give a fuck,you don't give a fuck,False,4c907a71ef49478394a74ba7fe960c9e,96.388,train,1
4c907a71ef49478394a74ba7fe960c9e-43.wav,we don't give a fuck fuck fuck fuck,149.229,151.731,"[{'word': 'we', 'start': 0.0, 'end': 0.171}, {'word': 'dont', 'start': 0.228, 'end': 0.398}, {'word': 'give', 'start': 0.455, 'end': 0.626}, {'word': 'a', 'start': 0.739, 'end': 0.853}, {'word': 'fuck', 'start': 0.967, 'end': 1.251}, {'word': 'fuck', 'start': 1.308, 'end': 1.649}, {'word': 'fuck', 'start': 1.82, 'end': 2.104}]",0.0,2.501999999999981,False,we don't give a fuck fuck fuck fuck,we don't give a fuck fuck fuck fuck,False,4c907a71ef49478394a74ba7fe960c9e,96.388,train,1
4c907a71ef49478394a74ba7fe960c9e-44.wav,fuck fuck fuck fuck fuck fuck fuck,151.902,154.916,"[{'word': 'fuck', 'start': 0.455, 'end': 0.739}, {'word': 'fuck', 'start': 0.91, 'end': 1.194}, {'word': 'fuck', 'start': 1.365, 'end': 1.649}, {'word': 'fuck', 'start': 1.876, 'end': 2.161}, {'word': 'fuck', 'start': 2.274, 'end': 2.559}, {'word': 'fuck', 'start': 2.729, 'end': 3.014}]",0.0,3.01400000000001,False,fuck fuck fuck fuck fuck fuck fuck,fuck fuck fuck fuck fuck fuck fuck,False,4c907a71ef49478394a74ba7fe960c9e,96.388,train,1
4c907a71ef49478394a74ba7fe960c9e-45.wav,fuck fuck fuck fuck fuck fuck fuck,155.086,158.1,"[{'word': 'fuck', 'start': 0.0, 'end': 0.285}, {'word': 'fuck', 'start': 0.455, 'end': 0.74}, {'word': 'fuck', 'start': 0.91, 'end': 1.194}, {'word': 'fuck', 'start': 1.365, 'end': 1.649}, {'word': 'fuck', 'start': 1.82, 'end': 2.104}, {'word': 'fuck', 'start': 2.275, 'end': 2.559}]",0.0,3.0139999999999816,False,fuck fuck fuck fuck fuck fuck fuck,fuck fuck fuck fuck fuck fuck fuck,False,4c907a71ef49478394a74ba7fe960c9e,96.388,train,1
4c907a71ef49478394a74ba7fe960c9e-46.wav,fuck fuck fuck fuck,158.271,159.977,"[{'word': 'fuck', 'start': 0.455, 'end': 0.739}, {'word': 'fuck', 'start': 0.91, 'end': 1.194}, {'word': 'fuck', 'start': 1.365, 'end': 1.706}]",0.0,1.7060000000000173,False,fuck fuck fuck fuck,fuck fuck fuck fuck,False,4c907a71ef49478394a74ba7fe960c9e,96.388,train,1
4c907a71ef49478394a74ba7fe960c9e-51.wav,you fucking fag fag fag faggot,171.634,174.079,"[{'word': 'you', 'start': 0.0, 'end': 0.171}, {'word': 'fucking', 'start': 0.228, 'end': 0.626}, {'word': 'fag', 'start': 0.683, 'end': 1.024}, {'word': 'fag', 'start': 1.137, 'end': 1.479}, {'word': 'fag', 'start': 1.592, 'end': 1.877}]",0.0,2.4450000000000216,False,you fucking fag fag fag faggot,you fucking fag fag fag faggot,False,4c907a71ef49478394a74ba7fe960c9e,96.388,train,1
4c907a71ef49478394a74ba7fe960c9e-54.wav,you's a fucking fag fag faggot,178.685,181.358,"[{'word': 'yous', 'start': 0.0, 'end': 0.171}, {'word': 'a', 'start': 0.228, 'end': 0.399}, {'word': 'fucking', 'start': 0.512, 'end': 0.967}, {'word': 'fag', 'start': 1.024, 'end': 1.308}, {'word': 'fag', 'start': 1.422, 'end': 2.105}]",0.0,2.673000000000002,False,you's a fucking fag fag faggot,you's a fucking fag fag faggot,False,4c907a71ef49478394a74ba7fe960c9e,96.388,train,1
4c907a71ef49478394a74ba7fe960c9e-57.wav,you fucking fag fag fag faggot,186.249,188.637,"[{'word': 'fucking', 'start': 0.227, 'end': 0.625}, {'word': 'fag', 'start': 0.682, 'end': 0.966}, {'word': 'fag', 'start': 1.137, 'end': 1.421}, {'word': 'fag', 'start': 1.592, 'end': 1.876}, {'word': 'faggot', 'start': 2.047, 'end': 2.388}]",0.0,2.388000000000005,False,you fucking fag fag fag faggot,you fucking fag fag fag faggot,False,4c907a71ef49478394a74ba7fe960c9e,96.388,train,1
4f0fe413d6fa4fca9a6d5d06ecb9a491-26.wav,i'm so fucking happy i could cry,95.712,99.385,"[{'word': 'so', 'start': 0.319, 'end': 0.559}, {'word': 'fucking', 'start': 0.639, 'end': 1.118}, {'word': 'happy', 'start': 1.118, 'end': 1.757}, {'word': 'i', 'start': 1.757, 'end': 2.076}, {'word': 'could', 'start': 2.076, 'end': 2.475}]",0.0,3.673000000000002,False,i'm so fucking happy i could cry,i'm so fucking happy i could cry,False,4f0fe413d6fa4fca9a6d5d06ecb9a491,102.76399999999994,train,1
4f0fe413d6fa4fca9a6d5d06ecb9a491-6.wav,like piss going down the drain,35.185,37.58,"[{'word': 'piss', 'start': 0.319, 'end': 0.559}, {'word': 'going', 'start': 0.639, 'end': 0.958}, {'word': 'down', 'start': 0.958, 'end': 1.278}, {'word': 'the', 'start': 1.278, 'end': 1.757}]",0.0,2.394999999999996,False,like piss going down the drain,like piss going down the drain,False,4f0fe413d6fa4fca9a6d5d06ecb9a491,102.76399999999994,train,1
4f0fe413d6fa4fca9a6d5d06ecb9a491-9.wav,i'm so fucking happy i could cry,44.607,48.28,"[{'word': 'im', 'start': 0.0, 'end': 0.24}, {'word': 'so', 'start': 0.32, 'end': 0.559}, {'word': 'fucking', 'start': 0.639, 'end': 1.118}, {'word': 'happy', 'start': 1.118, 'end': 1.757}, {'word': 'i', 'start': 1.757, 'end': 2.076}, {'word': 'could', 'start': 2.076, 'end': 2.476}]",0.0,3.673000000000002,False,i'm so fucking happy i could cry,i'm so fucking happy i could cry,False,4f0fe413d6fa4fca9a6d5d06ecb9a491,102.76399999999994,train,1
50e11b8e44024823ae9fe4bc38d18ea5-11.wav,all the fucked up feelings again.,77.014,80.089,"[{'word': 'all', 'start': 0.0, 'end': 0.3}, {'word': 'the', 'start': 0.3, 'end': 0.525}, {'word': 'fucked', 'start': 0.525, 'end': 1.2}, {'word': 'up', 'start': 1.2, 'end': 1.8}, {'word': 'feelings', 'start': 1.8, 'end': 2.4}, {'word': 'again', 'start': 2.4, 'end': 3.075}]",0.0,3.075000000000003,False,all the fucked up feelings again,all the fucked up feelings again,False,50e11b8e44024823ae9fe4bc38d18ea5,151.275,train,1
50e11b8e44024823ae9fe4bc38d18ea5-13.wav,this shit gone way too far.,82.639,84.814,"[{'word': 'shit', 'start': 0.3, 'end': 0.675}, {'word': 'gone', 'start': 0.675, 'end': 0.975}, {'word': 'way', 'start': 0.975, 'end': 1.275}, {'word': 'too', 'start': 1.275, 'end': 1.575}, {'word': 'far', 'start': 1.575, 'end': 2.175}]",0.0,2.174999999999997,False,this shit gone way too far,this shit gone way too far,False,50e11b8e44024823ae9fe4bc38d18ea5,151.275,train,1
50e11b8e44024823ae9fe4bc38d18ea5-17.wav,"i'm done, i'm not a whore",92.314,94.639,"[{'word': 'im', 'start': 0.0, 'end': 0.3}, {'word': 'done', 'start': 0.3, 'end': 0.6}, {'word': 'im', 'start': 0.9, 'end': 1.2}, {'word': 'not', 'start': 1.2, 'end': 1.5}, {'word': 'a', 'start': 1.5, 'end': 1.8}, {'word': 'whore', 'start': 1.8, 'end': 2.325}]",0.0,2.325000000000003,False,i'm done i'm not a whore,i'm done i'm not a whore,False,50e11b8e44024823ae9fe4bc38d18ea5,151.275,train,1
50e11b8e44024823ae9fe4bc38d18ea5-31.wav,all the fucked up feelings again.,125.014,128.164,"[{'word': 'the', 'start': 0.3, 'end': 0.525}, {'word': 'fucked', 'start': 0.6, 'end': 1.2}, {'word': 'up', 'start': 1.2, 'end': 1.8}, {'word': 'feelings', 'start': 1.8, 'end': 2.4}, {'word': 'again', 'start': 2.4, 'end': 3.15}]",0.0,3.1499999999999915,False,all the fucked up feelings again,all the fucked up feelings again,False,50e11b8e44024823ae9fe4bc38d18ea5,151.275,train,1
50e11b8e44024823ae9fe4bc38d18ea5-33.wav,this shit gone way too far.,130.639,132.664,"[{'word': 'shit', 'start': 0.3, 'end': 0.675}, {'word': 'gone', 'start': 0.675, 'end': 0.975}, {'word': 'way', 'start': 0.975, 'end': 1.275}, {'word': 'too', 'start': 1.275, 'end': 1.575}, {'word': 'far', 'start': 1.575, 'end': 2.025}]",0.0,2.0249999999999773,False,this shit gone way too far,this shit gone way too far,False,50e11b8e44024823ae9fe4bc38d18ea5,151.275,train,1
50e11b8e44024823ae9fe4bc38d18ea5-37.wav,"i'm done, i'm not a whore",140.314,142.639,"[{'word': 'done', 'start': 0.3, 'end': 0.675}, {'word': 'im', 'start': 0.9, 'end': 1.2}, {'word': 'not', 'start': 1.2, 'end': 1.5}, {'word': 'a', 'start': 1.5, 'end': 1.8}, {'word': 'whore', 'start': 1.8, 'end': 2.325}]",0.0,2.325000000000017,False,i'm done i'm not a whore,i'm done i'm not a whore,False,50e11b8e44024823ae9fe4bc38d18ea5,151.275,train,1
50e11b8e44024823ae9fe4bc38d18ea5-62.wav,all the fucked up feelings again.,216.214,219.364,"[{'word': 'the', 'start': 0.3, 'end': 0.525}, {'word': 'fucked', 'start': 0.525, 'end': 1.125}, {'word': 'up', 'start': 1.2, 'end': 1.725}, {'word': 'feelings', 'start': 1.8, 'end': 2.4}, {'word': 'again', 'start': 2.4, 'end': 3.15}]",0.0,3.1500000000000057,False,all the fucked up feelings again,all the fucked up feelings again,False,50e11b8e44024823ae9fe4bc38d18ea5,151.275,train,1
50e11b8e44024823ae9fe4bc38d18ea5-64.wav,this shit gone way too far.,221.914,223.939,"[{'word': 'this', 'start': 0.0, 'end': 0.225}, {'word': 'shit', 'start': 0.225, 'end': 0.525}, {'word': 'gone', 'start': 0.525, 'end': 0.825}, {'word': 'way', 'start': 0.825, 'end': 1.2}, {'word': 'too', 'start': 1.2, 'end': 1.5}, {'word': 'far', 'start': 1.5, 'end': 2.025}]",0.0,2.0250000000000057,False,this shit gone way too far,this shit gone way too far,False,50e11b8e44024823ae9fe4bc38d18ea5,151.275,train,1
50e11b8e44024823ae9fe4bc38d18ea5-68.wav,"i'm done, i'm not a whore",231.514,233.839,"[{'word': 'done', 'start': 0.3, 'end': 0.675}, {'word': 'im', 'start': 0.9, 'end': 1.2}, {'word': 'not', 'start': 1.2, 'end': 1.5}, {'word': 'a', 'start': 1.5, 'end': 1.8}, {'word': 'whore', 'start': 1.8, 'end': 2.325}]",0.0,2.3249999999999886,False,i'm done i'm not a whore,i'm done i'm not a whore,False,50e11b8e44024823ae9fe4bc38d18ea5,151.275,train,1
5320af7e873f4acd8018bf3e1e19d732-17.wav,"a fool, not a fucking god",76.283,77.596,"[{'word': 'a', 'start': 0.0, 'end': 0.063}, {'word': 'fool', 'start': 0.125, 'end': 0.188}, {'word': 'not', 'start': 0.25, 'end': 0.313}, {'word': 'a', 'start': 0.375, 'end': 0.438}, {'word': 'fucking', 'start': 0.5, 'end': 0.688}, {'word': 'god', 'start': 0.75, 'end': 1.313}]",0.0,1.3130000000000024,False,a fool not a fucking god,a fool not a fucking god,False,5320af7e873f4acd8018bf3e1e19d732,57.319000000000045,train,1
53883f898a1d45bfa43b8fa8800c8e7e-16.wav,you're one twisted little fuck,79.586,81.431,"[{'word': 'one', 'start': 0.297, 'end': 0.476}, {'word': 'twisted', 'start': 0.714, 'end': 1.19}, {'word': 'little', 'start': 1.25, 'end': 1.666}, {'word': 'fuck', 'start': 1.726, 'end': 1.845}]",0.0,1.8449999999999989,False,you're one twisted little fuck,you're one twisted little fuck,False,53883f898a1d45bfa43b8fa8800c8e7e,151.72699999999998,train,1
53883f898a1d45bfa43b8fa8800c8e7e-35.wav,"tell me to take you, scare you, fuck you",133.038,135.597,"[{'word': 'me', 'start': 0.238, 'end': 0.417}, {'word': 'to', 'start': 0.476, 'end': 0.655}, {'word': 'take', 'start': 0.714, 'end': 0.893}, {'word': 'you', 'start': 0.952, 'end': 1.131}, {'word': 'scare', 'start': 1.369, 'end': 1.607}, {'word': 'you', 'start': 1.667, 'end': 1.845}, {'word': 'fuck', 'start': 2.083, 'end': 2.321}]",0.0,2.558999999999997,False,tell me to take you scare you fuck you,tell me to take you scare you fuck you,False,53883f898a1d45bfa43b8fa8800c8e7e,151.72699999999998,train,1
53883f898a1d45bfa43b8fa8800c8e7e-37.wav,it's not enough you listening whore?,137.74,140.359,"[{'word': 'its', 'start': 0.0, 'end': 0.238}, {'word': 'not', 'start': 0.298, 'end': 0.476}, {'word': 'enough', 'start': 0.715, 'end': 1.191}, {'word': 'you', 'start': 1.429, 'end': 1.667}, {'word': 'listening', 'start': 1.726, 'end': 2.381}]",0.0,2.619,False,it's not enough you listening whore,it's not enough you listening whore,False,53883f898a1d45bfa43b8fa8800c8e7e,151.72699999999998,train,1
53883f898a1d45bfa43b8fa8800c8e7e-38.wav,you're one twisted little fuck,140.597,142.443,"[{'word': 'youre', 'start': 0.0, 'end': 0.239}, {'word': 'one', 'start': 0.298, 'end': 0.477}, {'word': 'twisted', 'start': 0.715, 'end': 1.191}, {'word': 'little', 'start': 1.25, 'end': 1.608}, {'word': 'fuck', 'start': 1.667, 'end': 1.846}]",0.0,1.846000000000004,False,you're one twisted little fuck,you're one twisted little fuck,False,53883f898a1d45bfa43b8fa8800c8e7e,151.72699999999998,train,1
53883f898a1d45bfa43b8fa8800c8e7e-48.wav,whore and pull my trigger,182.145,183.812,"[{'word': 'whore', 'start': 0.0, 'end': 0.119}, {'word': 'and', 'start': 0.119, 'end': 0.238}, {'word': 'pull', 'start': 0.298, 'end': 0.595}, {'word': 'my', 'start': 0.714, 'end': 0.952}, {'word': 'trigger', 'start': 1.012, 'end': 1.667}]",0.0,1.6670000000000016,False,whore and pull my trigger,whore and pull my trigger,False,53883f898a1d45bfa43b8fa8800c8e7e,151.72699999999998,train,1
53883f898a1d45bfa43b8fa8800c8e7e-5.wav,run you little bitch,55.538,56.847,"[{'word': 'you', 'start': 0.298, 'end': 0.476}, {'word': 'little', 'start': 0.536, 'end': 0.893}]",0.0,1.3090000000000046,False,run you little bitch,run you little bitch,False,53883f898a1d45bfa43b8fa8800c8e7e,151.72699999999998,train,1
53883f898a1d45bfa43b8fa8800c8e7e-52.wav,come a little closer my pretentious whore,190.955,192.74,"[{'word': 'a', 'start': 0.119, 'end': 0.238}, {'word': 'little', 'start': 0.238, 'end': 0.476}, {'word': 'closer', 'start': 0.476, 'end': 0.714}, {'word': 'my', 'start': 0.714, 'end': 0.833}, {'word': 'pretentious', 'start': 0.833, 'end': 1.547}]",0.0,1.7849999999999966,False,come a little closer my pretentious whore,come a little closer my pretentious whore,False,53883f898a1d45bfa43b8fa8800c8e7e,151.72699999999998,train,1
53883f898a1d45bfa43b8fa8800c8e7e-54.wav,come a little closer my pretentious whore,194.764,196.609,"[{'word': 'come', 'start': 0.0, 'end': 0.119}, {'word': 'a', 'start': 0.119, 'end': 0.238}, {'word': 'little', 'start': 0.238, 'end': 0.476}, {'word': 'closer', 'start': 0.476, 'end': 0.714}, {'word': 'my', 'start': 0.714, 'end': 0.833}, {'word': 'pretentious', 'start': 0.833, 'end': 1.607}]",0.0,1.8449999999999989,False,come a little closer my pretentious whore,come a little closer my pretentious whore,False,53883f898a1d45bfa43b8fa8800c8e7e,151.72699999999998,train,1
53883f898a1d45bfa43b8fa8800c8e7e-56.wav,come a little closer my pretentious whore,198.574,200.419,"[{'word': 'a', 'start': 0.119, 'end': 0.238}, {'word': 'little', 'start': 0.238, 'end': 0.476}, {'word': 'closer', 'start': 0.476, 'end': 0.714}, {'word': 'my', 'start': 0.714, 'end': 0.833}, {'word': 'pretentious', 'start': 0.833, 'end': 1.607}, {'word': 'whore', 'start': 1.666, 'end': 1.845}]",0.0,1.8449999999999989,False,come a little closer my pretentious whore,come a little closer my pretentious whore,False,53883f898a1d45bfa43b8fa8800c8e7e,151.72699999999998,train,1
57993822f40c4d169ef86ae93f3060bc-31.wav,what the fuck is wrong with me?,87.582,89.524,"[{'word': 'the', 'start': 0.268, 'end': 0.535}, {'word': 'fuck', 'start': 0.535, 'end': 0.87}, {'word': 'is', 'start': 0.87, 'end': 1.138}, {'word': 'wrong', 'start': 1.138, 'end': 1.406}, {'word': 'with', 'start': 1.406, 'end': 1.674}, {'word': 'me', 'start': 1.674, 'end': 1.942}]",0.0,1.9420000000000075,False,what the fuck is wrong with me,what the fuck is wrong with me,False,57993822f40c4d169ef86ae93f3060bc,142.56799999999998,train,1
59570d3d163e4f87958586011a3fe869-43.wav,you cheap lousy faggot,162.845,164.87,"[{'word': 'you', 'start': 0.0, 'end': 0.225}, {'word': 'cheap', 'start': 0.338, 'end': 0.675}, {'word': 'lousy', 'start': 0.788, 'end': 1.313}]",0.0,2.0250000000000057,False,you cheap lousy faggot,you cheap lousy faggot,False,59570d3d163e4f87958586011a3fe869,140.3619999999999,train,1
59f1e9c272784ff0884e960adf4711f1-27.wav,shit on it,132.807,135.877,"[{'word': 'on', 'start': 0.944, 'end': 1.889}]",0.0,3.0700000000000216,False,shit on it,shit on it,False,59f1e9c272784ff0884e960adf4711f1,138.53300000000002,train,1
59f1e9c272784ff0884e960adf4711f1-39.wav,don't give a shit,181.464,183.236,"[{'word': 'dont', 'start': 0.0, 'end': 0.473}, {'word': 'give', 'start': 0.473, 'end': 0.945}, {'word': 'a', 'start': 0.945, 'end': 1.181}, {'word': 'shit', 'start': 1.181, 'end': 1.772}]",0.0,1.7719999999999914,False,don't give a shit,don't give a shit,False,59f1e9c272784ff0884e960adf4711f1,138.53300000000002,train,1
59f1e9c272784ff0884e960adf4711f1-42.wav,don't give a shit,189.023,190.794,"[{'word': 'give', 'start': 0.472, 'end': 0.944}, {'word': 'a', 'start': 0.944, 'end': 1.181}]",0.0,1.771000000000015,False,don't give a shit,don't give a shit,False,59f1e9c272784ff0884e960adf4711f1,138.53300000000002,train,1
59f1e9c272784ff0884e960adf4711f1-7.wav,shit on it!,26.988,30.177,"[{'word': 'shit', 'start': 0.0, 'end': 0.945}, {'word': 'on', 'start': 0.945, 'end': 1.89}, {'word': 'it', 'start': 1.89, 'end': 3.189}]",0.0,3.189,False,shit on it,shit on it,False,59f1e9c272784ff0884e960adf4711f1,138.53300000000002,train,1
5ce91ede8aa043aaa0f7490c863f9c8b-17.wav,the cocktail poolside,102.134,104.259,"[{'word': 'the', 'start': 0.0, 'end': 0.125}, {'word': 'cocktail', 'start': 0.125, 'end': 1.125}, {'word': 'poolside', 'start': 1.25, 'end': 2.125}]",0.0,2.125,False,the cocktail poolside,the cocktail poolside,False,5ce91ede8aa043aaa0f7490c863f9c8b,120.375,train,1
5ce91ede8aa043aaa0f7490c863f9c8b-6.wav,the cocktail poolside,44.134,46.384,"[{'word': 'the', 'start': 0.0, 'end': 0.125}, {'word': 'cocktail', 'start': 0.125, 'end': 1.25}, {'word': 'poolside', 'start': 1.25, 'end': 2.25}]",0.0,2.25,False,the cocktail poolside,the cocktail poolside,False,5ce91ede8aa043aaa0f7490c863f9c8b,120.375,train,1
5e075c6ca31d4104aad46845cf4da9a6-19.wav,"call me sexist, bitch it's still true.",47.495,51.966,"[{'word': 'call', 'start': 0.0, 'end': 0.581}, {'word': 'me', 'start': 0.671, 'end': 1.163}, {'word': 'sexist', 'start': 1.297, 'end': 2.593}, {'word': 'bitch', 'start': 2.727, 'end': 3.085}, {'word': 'its', 'start': 3.174, 'end': 3.353}, {'word': 'still', 'start': 3.398, 'end': 3.934}, {'word': 'true', 'start': 4.024, 'end': 4.471}]",0.0,4.471000000000004,False,call me sexist bitch it's still true,call me sexist bitch it's still true,False,5e075c6ca31d4104aad46845cf4da9a6,79.17100000000002,train,1
5e075c6ca31d4104aad46845cf4da9a6-20.wav,"""just kidding about the bitch part.""",52.011,53.039,"[{'word': 'kidding', 'start': 0.178, 'end': 0.357}, {'word': 'about', 'start': 0.402, 'end': 0.491}, {'word': 'the', 'start': 0.536, 'end': 0.581}, {'word': 'bitch', 'start': 0.625, 'end': 0.804}, {'word': 'part', 'start': 0.849, 'end': 1.028}]",0.0,1.0279999999999987,False,just kidding about the bitch part,just kidding about the bitch part,False,5e075c6ca31d4104aad46845cf4da9a6,79.17100000000002,train,1
5e075c6ca31d4104aad46845cf4da9a6-32.wav,when you piss of your chick.,79.326,81.248,"[{'word': 'you', 'start': 0.223, 'end': 0.447}, {'word': 'piss', 'start': 0.581, 'end': 0.849}, {'word': 'of', 'start': 0.983, 'end': 1.251}, {'word': 'your', 'start': 1.341, 'end': 1.52}, {'word': 'chick', 'start': 1.609, 'end': 1.922}]",0.0,1.922000000000012,False,when you piss of your chick,when you piss of your chick,False,5e075c6ca31d4104aad46845cf4da9a6,79.17100000000002,train,1
5e075c6ca31d4104aad46845cf4da9a6-35.wav,she'll forget that you're a dick.,84.869,87.015,"[{'word': 'shell', 'start': 0.0, 'end': 0.134}, {'word': 'forget', 'start': 0.224, 'end': 0.626}, {'word': 'that', 'start': 0.76, 'end': 1.028}, {'word': 'youre', 'start': 1.118, 'end': 1.386}, {'word': 'a', 'start': 1.52, 'end': 1.699}, {'word': 'dick', 'start': 1.833, 'end': 2.146}]",0.0,2.146000000000001,False,she'll forget that you're a dick,she'll forget that you're a dick,False,5e075c6ca31d4104aad46845cf4da9a6,79.17100000000002,train,1
5e075c6ca31d4104aad46845cf4da9a6-9.wav,grandma says this shit is like crack,24.606,29.121,"[{'word': 'grandma', 'start': 0.0, 'end': 1.162}, {'word': 'says', 'start': 1.297, 'end': 1.922}, {'word': 'this', 'start': 2.101, 'end': 2.548}, {'word': 'shit', 'start': 2.682, 'end': 3.085}, {'word': 'is', 'start': 3.174, 'end': 3.353}, {'word': 'like', 'start': 3.487, 'end': 3.979}]",0.0,4.514999999999997,False,grandma says this shit is like crack,grandma says this shit is like crack,False,5e075c6ca31d4104aad46845cf4da9a6,79.17100000000002,train,1
5f4616f209554e2f99c28682c7ba086b-0.wav,you were working as a waitress in a cocktailbar,35.142,38.778,"[{'word': 'you', 'start': 0.0, 'end': 0.182}, {'word': 'were', 'start': 0.242, 'end': 0.485}, {'word': 'working', 'start': 0.485, 'end': 0.97}, {'word': 'as', 'start': 0.97, 'end': 1.212}, {'word': 'a', 'start': 1.273, 'end': 1.455}, {'word': 'waitress', 'start': 1.455, 'end': 1.939}, {'word': 'in', 'start': 2.0, 'end': 2.182}, {'word': 'a', 'start': 2.242, 'end': 2.424}]",0.0,3.635999999999996,False,you were working as a waitress in a cocktailbar,you were working as a waitress in a cocktail bar,True,5f4616f209554e2f99c28682c7ba086b,126.97299999999991,train,1
5f4616f209554e2f99c28682c7ba086b-23.wav,i was working as a waitress in a cocktailbar,104.839,108.415,"[{'word': 'was', 'start': 0.242, 'end': 0.485}, {'word': 'working', 'start': 0.485, 'end': 0.97}, {'word': 'as', 'start': 0.97, 'end': 1.212}, {'word': 'a', 'start': 1.212, 'end': 1.455}, {'word': 'waitress', 'start': 1.455, 'end': 1.939}, {'word': 'in', 'start': 1.939, 'end': 2.182}, {'word': 'a', 'start': 2.182, 'end': 2.424}, {'word': 'cocktailbar', 'start': 2.485, 'end': 3.576}]",0.0,3.576000000000008,False,i was working as a waitress in a cocktailbar,i was working as a waitress in a cocktail bar,True,5f4616f209554e2f99c28682c7ba086b,126.97299999999991,train,1
5fc5ca07fedb4f9b9c03dafd67c26aec-14.wav,some shit dont fly by,36.368,37.808,"[{'word': 'some', 'start': 0.0, 'end': 0.228}, {'word': 'shit', 'start': 0.303, 'end': 0.531}, {'word': 'dont', 'start': 0.606, 'end': 0.834}, {'word': 'fly', 'start': 0.91, 'end': 1.137}, {'word': 'by', 'start': 1.213, 'end': 1.44}]",0.0,1.4399999999999975,False,some shit dont fly by,some shit don't fly by,True,5fc5ca07fedb4f9b9c03dafd67c26aec,122.23600000000005,train,1
607c2c25dd4c438883881a9e73266fb1-0.wav,what the fuck is this world,1.508,2.975,"[{'word': 'what', 'start': 0.0, 'end': 0.163}, {'word': 'the', 'start': 0.217, 'end': 0.272}, {'word': 'fuck', 'start': 0.326, 'end': 0.543}, {'word': 'is', 'start': 0.652, 'end': 0.87}, {'word': 'this', 'start': 0.978, 'end': 1.141}]",0.0,1.467,False,what the fuck is this world,what the fuck is this world,False,607c2c25dd4c438883881a9e73266fb1,53.47900000000003,train,1
60da58fd8df041d2a47053bda257581f-29.wav,a molotov cocktail's,96.707,98.215,"[{'word': 'molotov', 'start': 0.226, 'end': 0.829}, {'word': 'cocktails', 'start': 0.904, 'end': 1.508}]",0.0,1.5080000000000098,False,a molotov cocktail's,a molotov cocktail's,False,60da58fd8df041d2a47053bda257581f,123.089,train,1
60efa1be71704143abdb2823d980c5a8-3.wav,a fuckin' day.-,45.345,47.005,"[{'word': 'fuckin', 'start': 0.118, 'end': 0.83}, {'word': 'day', 'start': 0.948, 'end': 1.66}]",0.0,1.6600000000000037,False,a fuckin' day,a fucking day,True,60efa1be71704143abdb2823d980c5a8,138.37500000000006,train,1
62658579f3064179b59aa85239ab8823-1.wav,bitches always know,19.958,21.594,"[{'word': 'bitches', 'start': 0.0, 'end': 0.477}, {'word': 'always', 'start': 0.546, 'end': 1.023}]",0.0,1.6360000000000028,False,bitches always know,bitches always know,False,62658579f3064179b59aa85239ab8823,157.9979999999999,train,1
62658579f3064179b59aa85239ab8823-25.wav,so just get buzzed and stay fucked up,57.312,59.425,"[{'word': 'just', 'start': 0.272, 'end': 0.477}, {'word': 'get', 'start': 0.545, 'end': 0.749}, {'word': 'buzzed', 'start': 0.818, 'end': 1.022}, {'word': 'and', 'start': 1.09, 'end': 1.295}, {'word': 'stay', 'start': 1.363, 'end': 1.567}, {'word': 'fucked', 'start': 1.636, 'end': 1.84}, {'word': 'up', 'start': 1.908, 'end': 2.113}]",0.0,2.1129999999999995,False,so just get buzzed and stay fucked up,so just get buzzed and stay fucked up,False,62658579f3064179b59aa85239ab8823,157.9979999999999,train,1
62658579f3064179b59aa85239ab8823-29.wav,so just get buzzed and stay fucked up,66.037,68.15,"[{'word': 'just', 'start': 0.272, 'end': 0.477}, {'word': 'get', 'start': 0.545, 'end': 0.749}, {'word': 'buzzed', 'start': 0.818, 'end': 1.022}, {'word': 'and', 'start': 1.09, 'end': 1.295}, {'word': 'stay', 'start': 1.363, 'end': 1.567}, {'word': 'fucked', 'start': 1.635, 'end': 1.84}, {'word': 'up', 'start': 1.908, 'end': 2.113}]",0.0,2.1129999999999995,False,so just get buzzed and stay fucked up,so just get buzzed and stay fucked up,False,62658579f3064179b59aa85239ab8823,157.9979999999999,train,1
62658579f3064179b59aa85239ab8823-32.wav,my dick does all my thinking,71.49,73.33,"[{'word': 'dick', 'start': 0.272, 'end': 0.409}, {'word': 'does', 'start': 0.545, 'end': 0.681}, {'word': 'all', 'start': 0.818, 'end': 0.954}, {'word': 'my', 'start': 1.09, 'end': 1.227}]",0.0,1.840000000000004,False,my dick does all my thinking,my dick does all my thinking,False,62658579f3064179b59aa85239ab8823,157.9979999999999,train,1
62658579f3064179b59aa85239ab8823-46.wav,so i'll beat my meat like i'm a fuckin' butcher,100.391,102.572,"[{'word': 'ill', 'start': 0.136, 'end': 0.204}, {'word': 'beat', 'start': 0.272, 'end': 0.409}, {'word': 'my', 'start': 0.545, 'end': 0.613}, {'word': 'meat', 'start': 0.681, 'end': 0.818}, {'word': 'like', 'start': 0.954, 'end': 1.022}, {'word': 'im', 'start': 1.09, 'end': 1.159}, {'word': 'a', 'start': 1.227, 'end': 1.295}, {'word': 'fuckin', 'start': 1.363, 'end': 1.704}]",0.0,2.1809999999999974,False,so i'll beat my meat like i'm a fuckin' butcher,so i'll beat my meat like i'm a fucking butcher,True,62658579f3064179b59aa85239ab8823,157.9979999999999,train,1
62658579f3064179b59aa85239ab8823-51.wav,so just get buzzed and stay fucked up,109.661,111.774,"[{'word': 'so', 'start': 0.0, 'end': 0.205}, {'word': 'just', 'start': 0.273, 'end': 0.477}, {'word': 'get', 'start': 0.545, 'end': 0.75}, {'word': 'buzzed', 'start': 0.818, 'end': 1.022}, {'word': 'and', 'start': 1.091, 'end': 1.295}, {'word': 'stay', 'start': 1.363, 'end': 1.568}, {'word': 'fucked', 'start': 1.636, 'end': 1.84}]",0.0,2.1129999999999995,False,so just get buzzed and stay fucked up,so just get buzzed and stay fucked up,False,62658579f3064179b59aa85239ab8823,157.9979999999999,train,1
62658579f3064179b59aa85239ab8823-55.wav,so just get buzzed and stay fucked up,118.386,120.499,"[{'word': 'just', 'start': 0.273, 'end': 0.477}, {'word': 'get', 'start': 0.545, 'end': 0.75}, {'word': 'buzzed', 'start': 0.818, 'end': 1.022}, {'word': 'and', 'start': 1.091, 'end': 1.295}, {'word': 'stay', 'start': 1.363, 'end': 1.568}, {'word': 'fucked', 'start': 1.636, 'end': 1.84}, {'word': 'up', 'start': 1.908, 'end': 2.113}]",0.0,2.1129999999999995,False,so just get buzzed and stay fucked up,so just get buzzed and stay fucked up,False,62658579f3064179b59aa85239ab8823,157.9979999999999,train,1
62658579f3064179b59aa85239ab8823-6.wav,bitches always know,28.683,30.183,"[{'word': 'bitches', 'start': 0.0, 'end': 0.477}, {'word': 'always', 'start': 0.545, 'end': 1.023}, {'word': 'know', 'start': 1.091, 'end': 1.5}]",0.0,1.5,False,bitches always know,bitches always know,False,62658579f3064179b59aa85239ab8823,157.9979999999999,train,1
62658579f3064179b59aa85239ab8823-60.wav,against my dick when i start buzzin',128.883,131.064,"[{'word': 'against', 'start': 0.0, 'end': 0.273}, {'word': 'my', 'start': 0.409, 'end': 0.545}, {'word': 'dick', 'start': 0.682, 'end': 0.818}, {'word': 'when', 'start': 0.954, 'end': 1.091}, {'word': 'i', 'start': 1.227, 'end': 1.363}, {'word': 'start', 'start': 1.5, 'end': 1.636}]",0.0,2.180999999999983,False,against my dick when i start buzzin',against my dick when i start buzzing,True,62658579f3064179b59aa85239ab8823,157.9979999999999,train,1
62658579f3064179b59aa85239ab8823-64.wav,drunken pussy's what i'm thinkin',137.744,139.789,"[{'word': 'drunken', 'start': 0.0, 'end': 0.409}, {'word': 'pussys', 'start': 0.546, 'end': 0.955}, {'word': 'what', 'start': 1.091, 'end': 1.227}, {'word': 'im', 'start': 1.364, 'end': 1.5}]",0.0,2.0449999999999875,False,drunken pussy's what i'm thinkin',drunken pussy's what i'm thinking,True,62658579f3064179b59aa85239ab8823,157.9979999999999,train,1
62658579f3064179b59aa85239ab8823-65.wav,i don't give a fuck if you're drunk or not,139.926,141.63,"[{'word': 'dont', 'start': 0.136, 'end': 0.204}, {'word': 'give', 'start': 0.272, 'end': 0.34}, {'word': 'a', 'start': 0.408, 'end': 0.477}, {'word': 'fuck', 'start': 0.545, 'end': 0.681}, {'word': 'if', 'start': 0.817, 'end': 0.886}, {'word': 'youre', 'start': 0.954, 'end': 1.022}, {'word': 'drunk', 'start': 1.09, 'end': 1.226}, {'word': 'or', 'start': 1.363, 'end': 1.431}, {'word': 'not', 'start': 1.499, 'end': 1.704}]",0.0,1.7040000000000075,False,i don't give a fuck if you're drunk or not,i don't give a fuck if you're drunk or not,False,62658579f3064179b59aa85239ab8823,157.9979999999999,train,1
62658579f3064179b59aa85239ab8823-69.wav,"fuck a wristband, let's all do a keg stand",148.65,150.491,"[{'word': 'fuck', 'start': 0.0, 'end': 0.069}, {'word': 'a', 'start': 0.137, 'end': 0.205}, {'word': 'wristband', 'start': 0.273, 'end': 0.682}, {'word': 'lets', 'start': 0.818, 'end': 0.887}, {'word': 'all', 'start': 0.955, 'end': 1.023}, {'word': 'do', 'start': 1.091, 'end': 1.159}, {'word': 'a', 'start': 1.227, 'end': 1.295}, {'word': 'keg', 'start': 1.364, 'end': 1.5}, {'word': 'stand', 'start': 1.636, 'end': 1.841}]",0.0,1.841000000000008,False,fuck a wristband let's all do a keg stand,fuck a wristband let's all do a keg stand,False,62658579f3064179b59aa85239ab8823,157.9979999999999,train,1
62658579f3064179b59aa85239ab8823-76.wav,so just get buzzed and stay fucked up,162.01,164.123,"[{'word': 'so', 'start': 0.0, 'end': 0.205}, {'word': 'just', 'start': 0.273, 'end': 0.478}, {'word': 'get', 'start': 0.546, 'end': 0.75}, {'word': 'buzzed', 'start': 0.818, 'end': 1.023}, {'word': 'and', 'start': 1.091, 'end': 1.295}, {'word': 'stay', 'start': 1.364, 'end': 1.568}, {'word': 'fucked', 'start': 1.636, 'end': 1.841}]",0.0,2.1129999999999995,False,so just get buzzed and stay fucked up,so just get buzzed and stay fucked up,False,62658579f3064179b59aa85239ab8823,157.9979999999999,train,1
62658579f3064179b59aa85239ab8823-80.wav,so just get buzzed and stay fucked up,170.735,172.848,"[{'word': 'so', 'start': 0.0, 'end': 0.205}, {'word': 'just', 'start': 0.273, 'end': 0.477}, {'word': 'get', 'start': 0.546, 'end': 0.75}, {'word': 'buzzed', 'start': 0.818, 'end': 1.023}, {'word': 'and', 'start': 1.091, 'end': 1.295}, {'word': 'stay', 'start': 1.364, 'end': 1.568}, {'word': 'fucked', 'start': 1.636, 'end': 1.841}]",0.0,2.1129999999999995,False,so just get buzzed and stay fucked up,so just get buzzed and stay fucked up,False,62658579f3064179b59aa85239ab8823,157.9979999999999,train,1
62658579f3064179b59aa85239ab8823-84.wav,so just get buzzed and stay fucked up,179.46,181.573,"[{'word': 'so', 'start': 0.0, 'end': 0.205}, {'word': 'just', 'start': 0.273, 'end': 0.477}, {'word': 'get', 'start': 0.545, 'end': 0.75}, {'word': 'buzzed', 'start': 0.818, 'end': 1.023}, {'word': 'and', 'start': 1.091, 'end': 1.295}, {'word': 'stay', 'start': 1.363, 'end': 1.568}, {'word': 'fucked', 'start': 1.636, 'end': 1.841}]",0.0,2.1129999999999995,False,so just get buzzed and stay fucked up,so just get buzzed and stay fucked up,False,62658579f3064179b59aa85239ab8823,157.9979999999999,train,1
62658579f3064179b59aa85239ab8823-88.wav,so just get buzzed and stay fucked up,188.185,190.298,"[{'word': 'so', 'start': 0.0, 'end': 0.205}, {'word': 'just', 'start': 0.273, 'end': 0.477}, {'word': 'get', 'start': 0.545, 'end': 0.75}, {'word': 'buzzed', 'start': 0.818, 'end': 1.023}, {'word': 'and', 'start': 1.091, 'end': 1.295}, {'word': 'stay', 'start': 1.363, 'end': 1.568}, {'word': 'fucked', 'start': 1.636, 'end': 1.84}]",0.0,2.1129999999999995,False,so just get buzzed and stay fucked up,so just get buzzed and stay fucked up,False,62658579f3064179b59aa85239ab8823,157.9979999999999,train,1
62658579f3064179b59aa85239ab8823-91.wav,bitches always know,194.456,196.092,"[{'word': 'bitches', 'start': 0.0, 'end': 0.477}, {'word': 'always', 'start': 0.545, 'end': 1.023}]",0.0,1.636000000000024,False,bitches always know,bitches always know,False,62658579f3064179b59aa85239ab8823,157.9979999999999,train,1
62658579f3064179b59aa85239ab8823-96.wav,bitches always know,203.181,204.817,"[{'word': 'always', 'start': 0.545, 'end': 1.022}, {'word': 'know', 'start': 1.091, 'end': 1.636}]",0.0,1.6359999999999957,False,bitches always know,bitches always know,False,62658579f3064179b59aa85239ab8823,157.9979999999999,train,1
64e61b49ce7247a28c436a4df0a30b5e-5.wav,all the shit that they could find,38.121,40.292,"[{'word': 'all', 'start': 0.0, 'end': 0.197}, {'word': 'the', 'start': 0.197, 'end': 0.296}, {'word': 'shit', 'start': 0.296, 'end': 0.691}, {'word': 'that', 'start': 0.79, 'end': 0.987}, {'word': 'they', 'start': 0.987, 'end': 1.184}, {'word': 'could', 'start': 1.184, 'end': 1.382}]",0.0,2.171,False,all the shit that they could find,all the shit that they could find,False,64e61b49ce7247a28c436a4df0a30b5e,120.69200000000002,train,1
652ca4a8bc3b4bf1b7136a08e0cdf609-18.wav,i just don't fucking want to,181.407,183.735,"[{'word': 'i', 'start': 0.0, 'end': 0.173}, {'word': 'just', 'start': 0.259, 'end': 0.518}, {'word': 'dont', 'start': 0.604, 'end': 0.862}, {'word': 'fucking', 'start': 0.949, 'end': 1.552}, {'word': 'want', 'start': 1.638, 'end': 1.897}, {'word': 'to', 'start': 1.983, 'end': 2.328}]",0.0,2.328000000000003,False,i just don't fucking want to,i just don't fucking want to,False,652ca4a8bc3b4bf1b7136a08e0cdf609,154.914,train,1
652ca4a8bc3b4bf1b7136a08e0cdf609-29.wav,"you caused this shit to happen, and now you want out?",250.976,255.804,"[{'word': 'you', 'start': 0.0, 'end': 0.345}, {'word': 'caused', 'start': 0.431, 'end': 0.69}, {'word': 'this', 'start': 0.776, 'end': 0.949}, {'word': 'shit', 'start': 1.035, 'end': 1.293}, {'word': 'to', 'start': 1.38, 'end': 1.552}, {'word': 'happen', 'start': 1.638, 'end': 2.069}, {'word': 'and', 'start': 2.155, 'end': 2.328}, {'word': 'now', 'start': 2.414, 'end': 2.759}, {'word': 'you', 'start': 2.845, 'end': 3.017}, {'word': 'want', 'start': 3.104, 'end': 3.449}, {'word': 'out', 'start': 3.535, 'end': 4.828}]",0.0,4.828000000000003,False,you caused this shit to happen and now you want out,you caused this shit to happen and now you want out,False,652ca4a8bc3b4bf1b7136a08e0cdf609,154.914,train,1
663fa82ca29a4149ae0d4e0723560fbd-38.wav,stay the fuck out of my way.,121.043,123.507,"[{'word': 'the', 'start': 0.321, 'end': 0.482}, {'word': 'fuck', 'start': 0.536, 'end': 0.911}, {'word': 'out', 'start': 0.964, 'end': 1.339}, {'word': 'of', 'start': 1.393, 'end': 1.553}, {'word': 'my', 'start': 1.607, 'end': 2.036}]",0.0,2.463999999999998,False,stay the fuck out of my way,stay the fuck out of my way,False,663fa82ca29a4149ae0d4e0723560fbd,124.39399999999996,train,1
6696755eaa51465e96833140055825ba-0.wav,"goddamn, rain",11.928,13.295,"[{'word': 'goddamn', 'start': 0.0, 'end': 0.555}, {'word': 'rain', 'start': 0.641, 'end': 1.367}]",0.0,1.366999999999999,False,goddamn rain,goddamn rain,False,6696755eaa51465e96833140055825ba,73.64400000000003,train,1
669cec8ba9b0473daa046903d0cf6189-9.wav,skies cock back and shock that which can't defend,20.004,21.928,"[{'word': 'cock', 'start': 0.312, 'end': 0.572}, {'word': 'back', 'start': 0.624, 'end': 0.832}, {'word': 'and', 'start': 0.884, 'end': 0.988}, {'word': 'shock', 'start': 1.04, 'end': 1.144}, {'word': 'that', 'start': 1.196, 'end': 1.248}, {'word': 'which', 'start': 1.3, 'end': 1.404}, {'word': 'cant', 'start': 1.456, 'end': 1.664}, {'word': 'defend', 'start': 1.716, 'end': 1.924}]",0.0,1.924,False,skies cock back and shock that which can't defend,skies cock back and shock that which can't defend,False,669cec8ba9b0473daa046903d0cf6189,149.97499999999988,train,1
67af90d353024d639e18d761758147c2-109.wav,she wanna fuck with them cats,151.117,152.765,"[{'word': 'wanna', 'start': 0.137, 'end': 0.48}, {'word': 'fuck', 'start': 0.48, 'end': 0.824}, {'word': 'with', 'start': 0.824, 'end': 1.03}, {'word': 'them', 'start': 1.03, 'end': 1.236}, {'word': 'cats', 'start': 1.236, 'end': 1.648}]",0.0,1.647999999999996,False,she wanna fuck with them cats,she wanna fuck with them cats,False,67af90d353024d639e18d761758147c2,126.73899999999996,train,1
67af90d353024d639e18d761758147c2-43.wav,i got you niggas checkin' game,55.685,56.989,"[{'word': 'got', 'start': 0.068, 'end': 0.206}, {'word': 'you', 'start': 0.206, 'end': 0.343}, {'word': 'niggas', 'start': 0.343, 'end': 0.686}, {'word': 'checkin', 'start': 0.755, 'end': 1.098}]",0.0,1.303999999999995,False,i got you niggas checkin' game,i got you niggas checking game,True,67af90d353024d639e18d761758147c2,126.73899999999996,train,1
67af90d353024d639e18d761758147c2-50.wav,nigga breakin' hearts,66.326,67.562,"[{'word': 'nigga', 'start': 0.0, 'end': 0.344}, {'word': 'breakin', 'start': 0.412, 'end': 0.756}]",0.0,1.2360000000000042,False,nigga breakin' hearts,nigga breaking hearts,True,67af90d353024d639e18d761758147c2,126.73899999999996,train,1
69eca443c3c64970aa6fc3188fcef50e-22.wav,why the fuck would it be so easy,98.326,100.652,"[{'word': 'the', 'start': 0.306, 'end': 0.428}, {'word': 'fuck', 'start': 0.489, 'end': 0.673}, {'word': 'would', 'start': 0.734, 'end': 0.918}, {'word': 'it', 'start': 0.918, 'end': 1.102}, {'word': 'be', 'start': 1.346, 'end': 1.408}, {'word': 'so', 'start': 1.469, 'end': 1.714}]",0.0,2.326000000000008,False,why the fuck would it be so easy,why the fuck would it be so easy,False,69eca443c3c64970aa6fc3188fcef50e,123.42400000000004,train,1
69eca443c3c64970aa6fc3188fcef50e-6.wav,why the fuck is it so easy,54.305,56.57,"[{'word': 'why', 'start': 0.0, 'end': 0.184}, {'word': 'the', 'start': 0.245, 'end': 0.306}, {'word': 'fuck', 'start': 0.429, 'end': 0.674}, {'word': 'is', 'start': 0.796, 'end': 0.857}, {'word': 'it', 'start': 0.98, 'end': 1.286}, {'word': 'so', 'start': 1.469, 'end': 1.653}]",0.0,2.265000000000001,False,why the fuck is it so easy,why the fuck is it so easy,False,69eca443c3c64970aa6fc3188fcef50e,123.42400000000004,train,1
6ac191c499cc4b6e9a31b1df87a2ae03-2.wav,kept his dick wet,22.699,25.497,"[{'word': 'kept', 'start': 0.0, 'end': 0.357}, {'word': 'his', 'start': 0.477, 'end': 0.774}, {'word': 'dick', 'start': 0.953, 'end': 1.429}, {'word': 'wet', 'start': 1.905, 'end': 2.798}]",0.0,2.7979999999999983,False,kept his dick wet,kept his dick wet,False,6ac191c499cc4b6e9a31b1df87a2ae03,143.81200000000007,train,1
6b4369a6c8704cc4936368fc85dbfa5b-23.wav,he was so fuckin' unreal,62.779,64.216,"[{'word': 'he', 'start': 0.0, 'end': 0.12}, {'word': 'was', 'start': 0.16, 'end': 0.28}, {'word': 'so', 'start': 0.32, 'end': 0.439}, {'word': 'fuckin', 'start': 0.479, 'end': 0.758}, {'word': 'unreal', 'start': 0.798, 'end': 1.437}]",0.0,1.4369999999999905,False,he was so fuckin' unreal,he was so fucking unreal,True,6b4369a6c8704cc4936368fc85dbfa5b,130.34199999999996,train,1
6b5a981e4499478295dda1337ff53d81-19.wav,outdoor fucking starts today,60.32,62.56,"[{'word': 'fucking', 'start': 0.731, 'end': 1.189}, {'word': 'starts', 'start': 1.463, 'end': 1.692}]",0.0,2.240000000000002,False,outdoor fucking starts today,outdoor fucking starts today,False,6b5a981e4499478295dda1337ff53d81,148.67699999999996,train,1
6b5a981e4499478295dda1337ff53d81-28.wav,fucking outside,83.734,86.021,"[{'word': 'fucking', 'start': 0.0, 'end': 0.275}, {'word': 'outside', 'start': 0.366, 'end': 2.287}]",0.0,2.287000000000006,False,fucking outside,fucking outside,False,6b5a981e4499478295dda1337ff53d81,148.67699999999996,train,1
6b5a981e4499478295dda1337ff53d81-47.wav,outdoor fucking starts today,136.417,138.658,"[{'word': 'outdoor', 'start': 0.0, 'end': 0.549}, {'word': 'fucking', 'start': 0.732, 'end': 1.143}, {'word': 'starts', 'start': 1.464, 'end': 1.692}, {'word': 'today', 'start': 1.829, 'end': 2.241}]",0.0,2.240999999999985,False,outdoor fucking starts today,outdoor fucking starts today,False,6b5a981e4499478295dda1337ff53d81,148.67699999999996,train,1
6b5a981e4499478295dda1337ff53d81-56.wav,fucking outside,159.832,161.57,"[{'word': 'outside', 'start': 0.366, 'end': 1.738}]",0.0,1.7379999999999995,False,fucking outside,fucking outside,False,6b5a981e4499478295dda1337ff53d81,148.67699999999996,train,1
6b5a981e4499478295dda1337ff53d81-60.wav,we fucked everyone,176.844,178.033,"[{'word': 'fucked', 'start': 0.183, 'end': 0.366}, {'word': 'everyone', 'start': 0.549, 'end': 1.189}]",0.0,1.188999999999993,False,we fucked everyone,we fucked everyone,False,6b5a981e4499478295dda1337ff53d81,148.67699999999996,train,1
6b5a981e4499478295dda1337ff53d81-61.wav,we fucked a lady who sells ice cream,179.359,181.371,"[{'word': 'we', 'start': 0.0, 'end': 0.092}, {'word': 'fucked', 'start': 0.183, 'end': 0.275}, {'word': 'a', 'start': 0.366, 'end': 0.458}, {'word': 'lady', 'start': 0.549, 'end': 0.823}, {'word': 'who', 'start': 0.915, 'end': 1.052}, {'word': 'sells', 'start': 1.143, 'end': 1.326}, {'word': 'ice', 'start': 1.509, 'end': 1.692}]",0.0,2.0120000000000005,False,we fucked a lady who sells ice cream,we fucked a lady who sells ice cream,False,6b5a981e4499478295dda1337ff53d81,148.67699999999996,train,1
6b5a981e4499478295dda1337ff53d81-62.wav,we fucked a man with a tan shar pei,181.966,185.076,"[{'word': 'fucked', 'start': 0.183, 'end': 0.274}, {'word': 'a', 'start': 0.366, 'end': 0.457}, {'word': 'man', 'start': 0.549, 'end': 0.732}, {'word': 'with', 'start': 0.915, 'end': 1.052}, {'word': 'a', 'start': 1.097, 'end': 1.189}, {'word': 'tan', 'start': 1.28, 'end': 1.463}, {'word': 'shar', 'start': 1.646, 'end': 1.875}, {'word': 'pei', 'start': 2.012, 'end': 3.11}]",0.0,3.109999999999985,False,we fucked a man with a tan shar pei,we fucked a man with a tan sh ar pei,True,6b5a981e4499478295dda1337ff53d81,148.67699999999996,train,1
6b5a981e4499478295dda1337ff53d81-63.wav,everyone who needed fucking well they,186.905,189.466,"[{'word': 'who', 'start': 0.549, 'end': 0.64}, {'word': 'needed', 'start': 0.732, 'end': 1.28}, {'word': 'fucking', 'start': 1.463, 'end': 1.875}, {'word': 'well', 'start': 2.012, 'end': 2.241}, {'word': 'they', 'start': 2.378, 'end': 2.561}]",0.0,2.561000000000007,False,everyone who needed fucking well they,everyone who needed fucking well they,False,6b5a981e4499478295dda1337ff53d81,148.67699999999996,train,1
6b5a981e4499478295dda1337ff53d81-64.wav,they got fucked today,190.015,192.21,"[{'word': 'got', 'start': 0.183, 'end': 0.366}, {'word': 'fucked', 'start': 0.548, 'end': 0.731}, {'word': 'today', 'start': 0.914, 'end': 2.195}]",0.0,2.1950000000000216,False,they got fucked today,they got fucked today,False,6b5a981e4499478295dda1337ff53d81,148.67699999999996,train,1
6b5a981e4499478295dda1337ff53d81-75.wav,outdoor fucking starts today,212.515,214.756,"[{'word': 'fucking', 'start': 0.731, 'end': 1.143}, {'word': 'starts', 'start': 1.463, 'end': 1.646}, {'word': 'today', 'start': 1.829, 'end': 2.241}]",0.0,2.241000000000014,False,outdoor fucking starts today,outdoor fucking starts today,False,6b5a981e4499478295dda1337ff53d81,148.67699999999996,train,1
6b5a981e4499478295dda1337ff53d81-84.wav,fucking outside,235.929,237.576,"[{'word': 'fucking', 'start': 0.0, 'end': 0.275}, {'word': 'outside', 'start': 0.366, 'end': 1.647}]",0.0,1.6469999999999914,False,fucking outside,fucking outside,False,6b5a981e4499478295dda1337ff53d81,148.67699999999996,train,1
6b5a981e4499478295dda1337ff53d81-85.wav,fucking outside,238.856,240.32,"[{'word': 'fucking', 'start': 0.0, 'end': 0.32}, {'word': 'outside', 'start': 0.366, 'end': 1.464}]",0.0,1.4639999999999986,False,fucking outside,fucking outside,False,6b5a981e4499478295dda1337ff53d81,148.67699999999996,train,1
6c9897a9d437452d89b00948b58ff8e8-15.wav,is it a cockatoo?,73.894,76.116,"[{'word': 'it', 'start': 0.278, 'end': 0.555}, {'word': 'a', 'start': 0.555, 'end': 0.833}]",0.0,2.221999999999994,False,is it a cockatoo,is it a cockatoo,False,6c9897a9d437452d89b00948b58ff8e8,106.66199999999996,train,1
6c9897a9d437452d89b00948b58ff8e8-35.wav,is it a cockatoo?,166.533,168.755,"[{'word': 'it', 'start': 0.277, 'end': 0.555}, {'word': 'a', 'start': 0.555, 'end': 0.833}, {'word': 'cockatoo', 'start': 0.833, 'end': 2.222}]",0.0,2.2220000000000084,False,is it a cockatoo,is it a cockatoo,False,6c9897a9d437452d89b00948b58ff8e8,106.66199999999996,train,1
6c9897a9d437452d89b00948b58ff8e8-44.wav,is it a cockatoo?,206.394,208.477,"[{'word': 'it', 'start': 0.278, 'end': 0.416}, {'word': 'a', 'start': 0.416, 'end': 0.694}]",0.0,2.0829999999999984,False,is it a cockatoo,is it a cockatoo,False,6c9897a9d437452d89b00948b58ff8e8,106.66199999999996,train,1
6cf776573d8c48dfbf70a271baea3d2c-0.wav,what's new pussycat?,0.633,1.736,"[{'word': 'new', 'start': 0.306, 'end': 0.49}, {'word': 'pussycat', 'start': 0.674, 'end': 1.103}]",0.0,1.103,False,what's new pussycat,what's new pussycat,False,6cf776573d8c48dfbf70a271baea3d2c,78.73400000000004,train,1
6cf776573d8c48dfbf70a271baea3d2c-10.wav,pussycat pussycat,25.51,27.348,"[{'word': 'pussycat', 'start': 0.0, 'end': 0.858}]",0.0,1.8379999999999967,False,pussycat pussycat,pussycat pussycat,False,6cf776573d8c48dfbf70a271baea3d2c,78.73400000000004,train,1
6cf776573d8c48dfbf70a271baea3d2c-13.wav,you and your pussycat nose,33.231,35.682,"[{'word': 'and', 'start': 0.674, 'end': 0.796}, {'word': 'your', 'start': 0.796, 'end': 0.919}, {'word': 'pussycat', 'start': 0.98, 'end': 1.409}, {'word': 'nose', 'start': 1.593, 'end': 2.451}]",0.0,2.4510000000000005,False,you and your pussycat nose,you and your pussycat nose,False,6cf776573d8c48dfbf70a271baea3d2c,78.73400000000004,train,1
6cf776573d8c48dfbf70a271baea3d2c-14.wav,what's new pussycat?,37.398,38.5,"[{'word': 'new', 'start': 0.306, 'end': 0.49}]",0.0,1.1019999999999968,False,what's new pussycat,what's new pussycat,False,6cf776573d8c48dfbf70a271baea3d2c,78.73400000000004,train,1
6cf776573d8c48dfbf70a271baea3d2c-16.wav,what's new pussycat?,41.258,42.299,"[{'word': 'new', 'start': 0.306, 'end': 0.49}]",0.0,1.0409999999999968,False,what's new pussycat,what's new pussycat,False,6cf776573d8c48dfbf70a271baea3d2c,78.73400000000004,train,1
6cf776573d8c48dfbf70a271baea3d2c-2.wav,what's new pussycat?,4.493,5.596,"[{'word': 'whats', 'start': 0.0, 'end': 0.184}, {'word': 'new', 'start': 0.306, 'end': 0.49}]",0.0,1.1029999999999998,False,what's new pussycat,what's new pussycat,False,6cf776573d8c48dfbf70a271baea3d2c,78.73400000000004,train,1
6cf776573d8c48dfbf70a271baea3d2c-23.wav,big little pussycat eyes,58.476,61.172,"[{'word': 'little', 'start': 0.306, 'end': 0.858}, {'word': 'pussycat', 'start': 0.98, 'end': 1.471}]",0.0,2.695999999999998,False,big little pussycat eyes,big little pussycat eyes,False,6cf776573d8c48dfbf70a271baea3d2c,78.73400000000004,train,1
6cf776573d8c48dfbf70a271baea3d2c-27.wav,you and your pussycat eyes,70.241,72.875,"[{'word': 'and', 'start': 0.674, 'end': 0.796}, {'word': 'your', 'start': 0.796, 'end': 0.919}, {'word': 'pussycat', 'start': 0.98, 'end': 1.409}]",0.0,2.6340000000000003,False,you and your pussycat eyes,you and your pussycat eyes,False,6cf776573d8c48dfbf70a271baea3d2c,78.73400000000004,train,1
6cf776573d8c48dfbf70a271baea3d2c-28.wav,what's new pussycat?,74.407,75.633,"[{'word': 'whats', 'start': 0.0, 'end': 0.184}, {'word': 'new', 'start': 0.307, 'end': 0.491}, {'word': 'pussycat', 'start': 0.613, 'end': 1.226}]",0.0,1.225999999999999,False,what's new pussycat,what's new pussycat,False,6cf776573d8c48dfbf70a271baea3d2c,78.73400000000004,train,1
6cf776573d8c48dfbf70a271baea3d2c-30.wav,what's new pussycat?,78.268,79.432,"[{'word': 'new', 'start': 0.306, 'end': 0.49}, {'word': 'pussycat', 'start': 0.612, 'end': 1.164}]",0.0,1.1640000000000017,False,what's new pussycat,what's new pussycat,False,6cf776573d8c48dfbf70a271baea3d2c,78.73400000000004,train,1
6cf776573d8c48dfbf70a271baea3d2c-37.wav,sweet little pussycat lips,95.547,97.447,"[{'word': 'sweet', 'start': 0.0, 'end': 0.184}, {'word': 'little', 'start': 0.306, 'end': 0.858}, {'word': 'pussycat', 'start': 0.98, 'end': 1.409}, {'word': 'lips', 'start': 1.654, 'end': 1.9}]",0.0,1.9000000000000057,False,sweet little pussycat lips,sweet little pussycat lips,False,6cf776573d8c48dfbf70a271baea3d2c,78.73400000000004,train,1
6cf776573d8c48dfbf70a271baea3d2c-4.wav,pussycat pussycat,11.846,13.746,"[{'word': 'pussycat', 'start': 0.0, 'end': 0.858}, {'word': 'pussycat', 'start': 0.98, 'end': 1.9}]",0.0,1.9000000000000004,False,pussycat pussycat,pussycat pussycat,False,6cf776573d8c48dfbf70a271baea3d2c,78.73400000000004,train,1
6cf776573d8c48dfbf70a271baea3d2c-41.wav,you and your pussycat lips,107.312,109.15,"[{'word': 'and', 'start': 0.674, 'end': 0.796}, {'word': 'your', 'start': 0.796, 'end': 0.919}, {'word': 'pussycat', 'start': 0.98, 'end': 1.47}, {'word': 'lips', 'start': 1.593, 'end': 1.838}]",0.0,1.838000000000008,False,you and your pussycat lips,you and your pussycat lips,False,6cf776573d8c48dfbf70a271baea3d2c,78.73400000000004,train,1
6cf776573d8c48dfbf70a271baea3d2c-42.wav,you and your pussycat eyes,111.172,113.746,"[{'word': 'you', 'start': 0.0, 'end': 0.551}, {'word': 'and', 'start': 0.735, 'end': 0.858}, {'word': 'your', 'start': 0.858, 'end': 0.98}, {'word': 'pussycat', 'start': 1.042, 'end': 1.593}, {'word': 'eyes', 'start': 1.654, 'end': 2.574}]",0.0,2.573999999999998,False,you and your pussycat eyes,you and your pussycat eyes,False,6cf776573d8c48dfbf70a271baea3d2c,78.73400000000004,train,1
6cf776573d8c48dfbf70a271baea3d2c-43.wav,you and your pussycat,115.094,117.973,"[{'word': 'and', 'start': 0.674, 'end': 0.796}, {'word': 'your', 'start': 0.857, 'end': 0.98}]",0.0,2.879000000000005,False,you and your pussycat,you and your pussycat,False,6cf776573d8c48dfbf70a271baea3d2c,78.73400000000004,train,1
6cf776573d8c48dfbf70a271baea3d2c-9.wav,cute little pussycat nose,21.65,23.917,"[{'word': 'little', 'start': 0.306, 'end': 0.797}, {'word': 'pussycat', 'start': 0.919, 'end': 1.348}]",0.0,2.267000000000003,False,cute little pussycat nose,cute little pussycat nose,False,6cf776573d8c48dfbf70a271baea3d2c,78.73400000000004,train,1
6e0dc3a83e7c4e73a5e42cb090edff25-33.wav,i'll fuck it up so it'll never beat again,148.528,151.989,"[{'word': 'fuck', 'start': 0.192, 'end': 0.384}, {'word': 'it', 'start': 0.384, 'end': 0.673}, {'word': 'up', 'start': 0.769, 'end': 0.961}, {'word': 'so', 'start': 1.057, 'end': 1.346}, {'word': 'itll', 'start': 1.346, 'end': 1.634}, {'word': 'never', 'start': 1.73, 'end': 2.211}, {'word': 'beat', 'start': 2.307, 'end': 2.788}]",0.0,3.4610000000000127,False,i'll fuck it up so it'll never beat again,i'll fuck it up so it'll never beat again,False,6e0dc3a83e7c4e73a5e42cb090edff25,101.826,train,1
6e3c08906c034f85b8a9cb179cf09a18-37.wav,this shit is killing me!,102.903,104.403,"[{'word': 'this', 'start': 0.0, 'end': 0.188}, {'word': 'shit', 'start': 0.25, 'end': 0.438}, {'word': 'is', 'start': 0.5, 'end': 0.688}, {'word': 'killing', 'start': 0.75, 'end': 1.188}]",0.0,1.5,False,this shit is killing me,this shit is killing me,False,6e3c08906c034f85b8a9cb179cf09a18,94.625,train,1
6e3c08906c034f85b8a9cb179cf09a18-52.wav,this shit is killing me!,170.903,172.403,"[{'word': 'this', 'start': 0.0, 'end': 0.188}, {'word': 'shit', 'start': 0.25, 'end': 0.438}, {'word': 'is', 'start': 0.5, 'end': 0.688}, {'word': 'killing', 'start': 0.75, 'end': 1.188}]",0.0,1.5,False,this shit is killing me,this shit is killing me,False,6e3c08906c034f85b8a9cb179cf09a18,94.625,train,1
6f3d8aad9990437c91d3f9d77cd51f11-22.wav,and i don't bitch and whine,60.916,63.042,"[{'word': 'i', 'start': 0.27, 'end': 0.405}, {'word': 'dont', 'start': 0.54, 'end': 0.81}, {'word': 'bitch', 'start': 1.012, 'end': 1.384}, {'word': 'and', 'start': 1.552, 'end': 1.687}]",0.0,2.1260000000000048,False,and i don't bitch and whine,and i don't bitch and whine,False,6f3d8aad9990437c91d3f9d77cd51f11,160.11999999999992,train,1
6f3d8aad9990437c91d3f9d77cd51f11-58.wav,"when his shit don't fall in my hands, man",154.615,157.923,"[{'word': 'when', 'start': 0.0, 'end': 0.203}, {'word': 'his', 'start': 0.27, 'end': 0.405}, {'word': 'shit', 'start': 0.473, 'end': 0.81}, {'word': 'dont', 'start': 1.08, 'end': 1.418}, {'word': 'fall', 'start': 1.62, 'end': 1.89}, {'word': 'in', 'start': 1.958, 'end': 2.093}, {'word': 'my', 'start': 2.16, 'end': 2.363}, {'word': 'hands', 'start': 2.43, 'end': 2.903}, {'word': 'man', 'start': 2.97, 'end': 3.308}]",0.0,3.3079999999999927,False,when his shit don't fall in my hands man,when his shit don't fall in my hands man,False,6f3d8aad9990437c91d3f9d77cd51f11,160.11999999999992,train,1
714d49ef1cf342fdb1b0bbf24c4d22ca-24.wav,you gotta say shit-,124.576,126.002,"[{'word': 'you', 'start': 0.0, 'end': 0.13}, {'word': 'gotta', 'start': 0.13, 'end': 0.519}, {'word': 'say', 'start': 0.519, 'end': 0.907}, {'word': 'shit', 'start': 0.907, 'end': 1.426}]",0.0,1.426000000000002,False,you gotta say shit,you gotta say shit,False,714d49ef1cf342fdb1b0bbf24c4d22ca,125.16699999999987,train,1
714d49ef1cf342fdb1b0bbf24c4d22ca-45.wav,you gotta say shit-,196.746,197.913,"[{'word': 'you', 'start': 0.0, 'end': 0.13}, {'word': 'gotta', 'start': 0.13, 'end': 0.519}, {'word': 'say', 'start': 0.519, 'end': 0.907}, {'word': 'shit', 'start': 0.907, 'end': 1.167}]",0.0,1.1670000000000016,False,you gotta say shit,you gotta say shit,False,714d49ef1cf342fdb1b0bbf24c4d22ca,125.16699999999987,train,1
739f5df857ff4ca3ae2044bfec9d1a9c-19.wav,make a nigga wanna run straight through the fence,46.881,48.718,"[{'word': 'uuh', 'start': 157.275, 'end': -8.775}, {'word': 'a', 'start': 0.112, 'end': 0.225}, {'word': 'nigga', 'start': 0.263, 'end': 0.413}, {'word': 'wanna', 'start': 0.45, 'end': 0.675}, {'word': 'run', 'start': 0.75, 'end': 0.862}, {'word': 'straight', 'start': 0.937, 'end': 1.05}, {'word': 'through', 'start': 1.237, 'end': 1.35}, {'word': 'the', 'start': 1.425, 'end': 1.538}]",0.0,1.8370000000000035,False,make a nigga wanna run straight through the fence,make a nigga wanna run straight through the fence,False,739f5df857ff4ca3ae2044bfec9d1a9c,168.74400000000006,train,1
763b0788a4e84282b88d14e6451adf7f-2.wav,one more goddamn day when i know what i want,49.926,52.954,"[{'word': 'more', 'start': 0.329, 'end': 0.658}, {'word': 'goddamn', 'start': 0.79, 'end': 1.514}, {'word': 'day', 'start': 1.646, 'end': 1.843}, {'word': 'when', 'start': 1.909, 'end': 2.107}, {'word': 'i', 'start': 2.107, 'end': 2.172}, {'word': 'know', 'start': 2.238, 'end': 2.436}, {'word': 'what', 'start': 2.502, 'end': 2.567}, {'word': 'i', 'start': 2.633, 'end': 2.699}]",0.0,3.0279999999999987,False,one more goddamn day when i know what i want,one more goddamn day when i know what i want,False,763b0788a4e84282b88d14e6451adf7f,110.01600000000008,train,1
77836fac08d24ad5a7cf17c3698ded24-19.wav,we go fuck in the bathroom,74.832,77.244,"[{'word': 'go', 'start': 0.235, 'end': 0.529}, {'word': 'fuck', 'start': 0.588, 'end': 0.941}, {'word': 'in', 'start': 1.0, 'end': 1.176}, {'word': 'the', 'start': 1.235, 'end': 1.412}, {'word': 'bathroom', 'start': 1.47, 'end': 2.412}]",0.0,2.412000000000006,False,we go fuck in the bathroom,we go fuck in the bathroom,False,77836fac08d24ad5a7cf17c3698ded24,146.17799999999994,train,1
77c67212e0784b7bab2d76837d2db35d-23.wav,"yeah, you're no fucking elvis",172.097,174.454,"[{'word': 'youre', 'start': 0.428, 'end': 0.857}, {'word': 'no', 'start': 0.857, 'end': 1.071}, {'word': 'fucking', 'start': 1.071, 'end': 1.5}, {'word': 'elvis', 'start': 1.5, 'end': 2.357}]",0.0,2.357,False,yeah you're no fucking elvis,yeah you're no fucking elvis,False,77c67212e0784b7bab2d76837d2db35d,105.64100000000008,train,1
77c67212e0784b7bab2d76837d2db35d-44.wav,"yeah, you're no fucking elvis",261.24,263.597,"[{'word': 'youre', 'start': 0.428, 'end': 0.857}, {'word': 'no', 'start': 0.857, 'end': 1.071}, {'word': 'fucking', 'start': 1.071, 'end': 1.5}, {'word': 'elvis', 'start': 1.5, 'end': 2.357}]",0.0,2.356999999999971,False,yeah you're no fucking elvis,yeah you're no fucking elvis,False,77c67212e0784b7bab2d76837d2db35d,105.64100000000008,train,1
77c67212e0784b7bab2d76837d2db35d-9.wav,"yeah, you're no fucking elvis",117.24,119.597,"[{'word': 'youre', 'start': 0.428, 'end': 0.857}, {'word': 'no', 'start': 0.857, 'end': 1.071}, {'word': 'fucking', 'start': 1.071, 'end': 1.5}, {'word': 'elvis', 'start': 1.5, 'end': 2.357}]",0.0,2.357,False,yeah you're no fucking elvis,yeah you're no fucking elvis,False,77c67212e0784b7bab2d76837d2db35d,105.64100000000008,train,1
77cc9476563f483097450f40eef3d533-31.wav,pissing out the wrong energy,107.954,109.875,"[{'word': 'pissing', 'start': 0.0, 'end': 0.32}, {'word': 'out', 'start': 0.366, 'end': 0.549}, {'word': 'the', 'start': 0.595, 'end': 0.686}, {'word': 'wrong', 'start': 0.732, 'end': 1.189}, {'word': 'energy', 'start': 1.326, 'end': 1.921}]",0.0,1.9210000000000065,False,pissing out the wrong energy,pissing out the wrong energy,False,77cc9476563f483097450f40eef3d533,82.13500000000008,train,1
785d7f3cdb9d4cf4a66aa946f2c2865e-1.wav,everything is fucked,6.5,7.591,"[{'word': 'everything', 'start': 0.0, 'end': 0.477}, {'word': 'is', 'start': 0.477, 'end': 0.58}, {'word': 'fucked', 'start': 0.682, 'end': 1.091}]",0.0,1.0910000000000002,False,everything is fucked,everything is fucked,False,785d7f3cdb9d4cf4a66aa946f2c2865e,104.01500000000009,train,1
785d7f3cdb9d4cf4a66aa946f2c2865e-11.wav,it's all about the he says she says bullshit,22.25,24.909,"[{'word': 'its', 'start': 0.0, 'end': 0.136}, {'word': 'all', 'start': 0.136, 'end': 0.273}, {'word': 'about', 'start': 0.341, 'end': 0.614}, {'word': 'the', 'start': 0.648, 'end': 0.75}, {'word': 'he', 'start': 0.75, 'end': 0.92}, {'word': 'says', 'start': 0.989, 'end': 1.193}, {'word': 'she', 'start': 1.33, 'end': 1.466}, {'word': 'says', 'start': 1.568, 'end': 1.807}]",0.0,2.658999999999999,False,it's all about the he says she says bullshit,it's all about the he says she says bullshit,False,785d7f3cdb9d4cf4a66aa946f2c2865e,104.01500000000009,train,1
785d7f3cdb9d4cf4a66aa946f2c2865e-13.wav,lettin' shit slip,27.909,29.0,"[{'word': 'lettin', 'start': 0.0, 'end': 0.273}, {'word': 'shit', 'start': 0.375, 'end': 0.546}, {'word': 'slip', 'start': 0.75, 'end': 1.091}]",0.0,1.091000000000001,False,lettin' shit slip,letting shit slip,True,785d7f3cdb9d4cf4a66aa946f2c2865e,104.01500000000009,train,1
785d7f3cdb9d4cf4a66aa946f2c2865e-15.wav,it's all about the he says she says bullshit,31.08,33.67,"[{'word': 'all', 'start': 0.136, 'end': 0.272}, {'word': 'about', 'start': 0.272, 'end': 0.545}, {'word': 'the', 'start': 0.545, 'end': 0.647}, {'word': 'he', 'start': 0.681, 'end': 0.818}, {'word': 'says', 'start': 0.92, 'end': 1.193}, {'word': 'she', 'start': 1.261, 'end': 1.431}, {'word': 'says', 'start': 1.5, 'end': 1.738}]",0.0,2.5900000000000034,False,it's all about the he says she says bullshit,it's all about the he says she says bullshit,False,785d7f3cdb9d4cf4a66aa946f2c2865e,104.01500000000009,train,1
785d7f3cdb9d4cf4a66aa946f2c2865e-16.wav,"i think you better quit, talkin' that shit",35.477,37.523,"[{'word': 'i', 'start': 0.0, 'end': 0.103}, {'word': 'think', 'start': 0.103, 'end': 0.239}, {'word': 'you', 'start': 0.273, 'end': 0.375}, {'word': 'better', 'start': 0.409, 'end': 0.648}, {'word': 'quit', 'start': 0.887, 'end': 1.125}, {'word': 'talkin', 'start': 1.193, 'end': 1.5}, {'word': 'that', 'start': 1.5, 'end': 1.637}, {'word': 'shit', 'start': 1.807, 'end': 2.046}]",0.0,2.0460000000000065,False,i think you better quit talkin' that shit,i think you better quit talking that shit,True,785d7f3cdb9d4cf4a66aa946f2c2865e,104.01500000000009,train,1
785d7f3cdb9d4cf4a66aa946f2c2865e-21.wav,"you better watch your back,-cuz i'm fucking up your program",45.602,48.227,"[{'word': 'you', 'start': 0.0, 'end': 0.137}, {'word': 'better', 'start': 0.137, 'end': 0.375}, {'word': 'watch', 'start': 0.409, 'end': 0.614}, {'word': 'your', 'start': 0.682, 'end': 0.75}, {'word': 'backcuz', 'start': 0.853, 'end': 1.33}, {'word': 'im', 'start': 1.364, 'end': 1.432}, {'word': 'fucking', 'start': 1.5, 'end': 1.739}, {'word': 'up', 'start': 1.773, 'end': 1.875}, {'word': 'your', 'start': 1.875, 'end': 2.012}]",0.0,2.625,False,you better watch your back cuz i'm fucking up your program,you better watch your back cuz i'm fucking up your program,False,785d7f3cdb9d4cf4a66aa946f2c2865e,104.01500000000009,train,1
785d7f3cdb9d4cf4a66aa946f2c2865e-24.wav,next in line to get fucked up,51.125,52.489,"[{'word': 'next', 'start': 0.0, 'end': 0.136}, {'word': 'in', 'start': 0.239, 'end': 0.375}, {'word': 'line', 'start': 0.409, 'end': 0.58}, {'word': 'to', 'start': 0.58, 'end': 0.648}, {'word': 'get', 'start': 0.648, 'end': 0.784}, {'word': 'fucked', 'start': 0.955, 'end': 1.159}, {'word': 'up', 'start': 1.193, 'end': 1.364}]",0.0,1.3639999999999972,False,next in line to get fucked up,next in line to get fucked up,False,785d7f3cdb9d4cf4a66aa946f2c2865e,104.01500000000009,train,1
785d7f3cdb9d4cf4a66aa946f2c2865e-25.wav,you're best bet is to stay away motherfucker,52.727,55.25,"[{'word': 'youre', 'start': 0.0, 'end': 0.137}, {'word': 'best', 'start': 0.171, 'end': 0.239}, {'word': 'bet', 'start': 0.409, 'end': 0.614}, {'word': 'is', 'start': 0.648, 'end': 0.716}, {'word': 'to', 'start': 0.75, 'end': 0.853}, {'word': 'stay', 'start': 1.023, 'end': 1.228}, {'word': 'away', 'start': 1.228, 'end': 1.603}, {'word': 'motherfucker', 'start': 1.671, 'end': 2.523}]",0.0,2.5230000000000032,False,you're best bet is to stay away motherfucker,you're best bet is to stay away motherfucker,False,785d7f3cdb9d4cf4a66aa946f2c2865e,104.01500000000009,train,1
785d7f3cdb9d4cf4a66aa946f2c2865e-27.wav,it's all about the he says she says bull shit,57.364,59.75,"[{'word': 'all', 'start': 0.136, 'end': 0.272}, {'word': 'about', 'start': 0.306, 'end': 0.545}, {'word': 'the', 'start': 0.579, 'end': 0.647}, {'word': 'he', 'start': 0.681, 'end': 0.818}, {'word': 'says', 'start': 0.954, 'end': 1.125}, {'word': 'she', 'start': 1.227, 'end': 1.363}, {'word': 'says', 'start': 1.5, 'end': 1.704}, {'word': 'bull', 'start': 1.772, 'end': 2.045}, {'word': 'shit', 'start': 2.216, 'end': 2.386}]",0.0,2.386000000000003,False,it's all about the he says she says bull shit,it's all about the he says she says bull shit,False,785d7f3cdb9d4cf4a66aa946f2c2865e,104.01500000000009,train,1
785d7f3cdb9d4cf4a66aa946f2c2865e-31.wav,it's all about the he says she says bull shit,66.125,68.58,"[{'word': 'its', 'start': 0.0, 'end': 0.136}, {'word': 'all', 'start': 0.136, 'end': 0.273}, {'word': 'about', 'start': 0.273, 'end': 0.648}, {'word': 'the', 'start': 0.648, 'end': 0.784}, {'word': 'he', 'start': 0.784, 'end': 0.92}, {'word': 'says', 'start': 0.989, 'end': 1.193}, {'word': 'she', 'start': 1.295, 'end': 1.432}, {'word': 'says', 'start': 1.568, 'end': 1.773}, {'word': 'bull', 'start': 1.875, 'end': 2.114}, {'word': 'shit', 'start': 2.284, 'end': 2.455}]",0.0,2.4549999999999983,False,it's all about the he says she says bull shit,it's all about the he says she says bull shit,False,785d7f3cdb9d4cf4a66aa946f2c2865e,104.01500000000009,train,1
785d7f3cdb9d4cf4a66aa946f2c2865e-33.wav,"talkin that shit, punk! so come and get it",71.784,74.307,"[{'word': 'talkin', 'start': 0.0, 'end': 0.307}, {'word': 'that', 'start': 0.409, 'end': 0.511}, {'word': 'shit', 'start': 0.648, 'end': 0.921}, {'word': 'punk', 'start': 0.989, 'end': 1.398}, {'word': 'so', 'start': 1.807, 'end': 1.943}, {'word': 'come', 'start': 1.977, 'end': 2.114}, {'word': 'and', 'start': 2.114, 'end': 2.216}, {'word': 'get', 'start': 2.216, 'end': 2.352}, {'word': 'it', 'start': 2.386, 'end': 2.523}]",0.0,2.522999999999996,False,talkin that shit punk so come and get it,talking that shit punk so come and get it,True,785d7f3cdb9d4cf4a66aa946f2c2865e,104.01500000000009,train,1
785d7f3cdb9d4cf4a66aa946f2c2865e-34.wav,i feel like shit,75.909,77.614,"[{'word': 'i', 'start': 0.0, 'end': 0.239}, {'word': 'feel', 'start': 0.443, 'end': 0.648}, {'word': 'like', 'start': 0.716, 'end': 0.852}, {'word': 'shit', 'start': 1.296, 'end': 1.705}]",0.0,1.7049999999999983,False,i feel like shit,i feel like shit,False,785d7f3cdb9d4cf4a66aa946f2c2865e,104.01500000000009,train,1
785d7f3cdb9d4cf4a66aa946f2c2865e-38.wav,we've all felt like shit,84.091,85.83,"[{'word': 'all', 'start': 0.273, 'end': 0.614}, {'word': 'felt', 'start': 0.716, 'end': 0.886}, {'word': 'like', 'start': 0.989, 'end': 1.193}, {'word': 'shit', 'start': 1.432, 'end': 1.739}]",0.0,1.7390000000000043,False,we've all felt like shit,we've all felt like shit,False,785d7f3cdb9d4cf4a66aa946f2c2865e,104.01500000000009,train,1
785d7f3cdb9d4cf4a66aa946f2c2865e-39.wav,and been treated like shit,86.205,87.568,"[{'word': 'been', 'start': 0.136, 'end': 0.272}, {'word': 'treated', 'start': 0.443, 'end': 0.647}, {'word': 'like', 'start': 0.715, 'end': 0.852}]",0.0,1.3629999999999995,False,and been treated like shit,and been treated like shit,False,785d7f3cdb9d4cf4a66aa946f2c2865e,104.01500000000009,train,1
785d7f3cdb9d4cf4a66aa946f2c2865e-40.wav,"all those motherfuckers, that want to step up",88.318,90.943,"[{'word': 'all', 'start': 0.0, 'end': 0.205}, {'word': 'those', 'start': 0.273, 'end': 0.443}, {'word': 'motherfuckers', 'start': 0.546, 'end': 1.568}, {'word': 'that', 'start': 1.909, 'end': 2.046}, {'word': 'want', 'start': 2.046, 'end': 2.148}, {'word': 'to', 'start': 2.182, 'end': 2.25}, {'word': 'step', 'start': 2.352, 'end': 2.455}]",0.0,2.625,False,all those motherfuckers that want to step up,all those motherfuckers that want to step up,False,785d7f3cdb9d4cf4a66aa946f2c2865e,104.01500000000009,train,1
785d7f3cdb9d4cf4a66aa946f2c2865e-52.wav,break your fuckin' face tonight,117.295,119.307,"[{'word': 'break', 'start': 0.0, 'end': 0.273}, {'word': 'your', 'start': 0.375, 'end': 0.546}, {'word': 'fuckin', 'start': 0.682, 'end': 1.091}, {'word': 'face', 'start': 1.296, 'end': 1.466}, {'word': 'tonight', 'start': 1.535, 'end': 2.012}]",0.0,2.0120000000000005,False,break your fuckin' face tonight,break your fucking face tonight,True,785d7f3cdb9d4cf4a66aa946f2c2865e,104.01500000000009,train,1
785d7f3cdb9d4cf4a66aa946f2c2865e-56.wav,how 'bout your fuck in' face,133.625,135.159,"[{'word': 'how', 'start': 0.0, 'end': 0.17}, {'word': 'bout', 'start': 0.205, 'end': 0.409}, {'word': 'your', 'start': 0.477, 'end': 0.648}, {'word': 'fuck', 'start': 0.886, 'end': 1.023}, {'word': 'in', 'start': 1.057, 'end': 1.193}]",0.0,1.5339999999999918,False,how 'bout your fuck in' face,how 'bout your fuck in' face,False,785d7f3cdb9d4cf4a66aa946f2c2865e,104.01500000000009,train,1
785d7f3cdb9d4cf4a66aa946f2c2865e-59.wav,"a motherfucking chainsaw, what!",142.455,144.534,"[{'word': 'motherfucking', 'start': 0.136, 'end': 0.647}, {'word': 'chainsaw', 'start': 0.818, 'end': 1.67}]",0.0,2.07899999999998,False,a motherfucking chainsaw what,a motherfucking chainsaw what,False,785d7f3cdb9d4cf4a66aa946f2c2865e,104.01500000000009,train,1
785d7f3cdb9d4cf4a66aa946f2c2865e-61.wav,it's all about the he says she says bullshit,148.25,150.841,"[{'word': 'its', 'start': 0.0, 'end': 0.102}, {'word': 'all', 'start': 0.136, 'end': 0.273}, {'word': 'about', 'start': 0.307, 'end': 0.545}, {'word': 'the', 'start': 0.58, 'end': 0.682}, {'word': 'he', 'start': 0.716, 'end': 0.886}, {'word': 'says', 'start': 1.023, 'end': 1.193}, {'word': 'she', 'start': 1.364, 'end': 1.5}, {'word': 'says', 'start': 1.602, 'end': 1.773}, {'word': 'bullshit', 'start': 1.841, 'end': 2.591}]",0.0,2.591000000000008,False,it's all about the he says she says bullshit,it's all about the he says she says bullshit,False,785d7f3cdb9d4cf4a66aa946f2c2865e,104.01500000000009,train,1
785d7f3cdb9d4cf4a66aa946f2c2865e-63.wav,lettin shit slip,153.943,154.966,"[{'word': 'lettin', 'start': 0.0, 'end': 0.205}, {'word': 'shit', 'start': 0.307, 'end': 0.409}, {'word': 'slip', 'start': 0.716, 'end': 1.023}]",0.0,1.022999999999996,False,lettin shit slip,letting shit slip,True,785d7f3cdb9d4cf4a66aa946f2c2865e,104.01500000000009,train,1
785d7f3cdb9d4cf4a66aa946f2c2865e-65.wav,it's all about the he says she says bullshit,157.08,159.568,"[{'word': 'all', 'start': 0.136, 'end': 0.272}, {'word': 'about', 'start': 0.306, 'end': 0.545}, {'word': 'the', 'start': 0.545, 'end': 0.681}, {'word': 'he', 'start': 0.715, 'end': 0.92}, {'word': 'says', 'start': 0.954, 'end': 1.193}, {'word': 'she', 'start': 1.295, 'end': 1.465}, {'word': 'says', 'start': 1.5, 'end': 1.704}]",0.0,2.4879999999999995,False,it's all about the he says she says bullshit,it's all about the he says she says bullshit,False,785d7f3cdb9d4cf4a66aa946f2c2865e,104.01500000000009,train,1
785d7f3cdb9d4cf4a66aa946f2c2865e-67.wav,"talkin that shit, punk!",162.739,164.102,"[{'word': 'that', 'start': 0.272, 'end': 0.443}, {'word': 'shit', 'start': 0.613, 'end': 0.886}]",0.0,1.3629999999999995,False,talkin that shit punk,talking that shit punk,True,785d7f3cdb9d4cf4a66aa946f2c2865e,104.01500000000009,train,1
785d7f3cdb9d4cf4a66aa946f2c2865e-9.wav,your best bet is to stay away motherfucker,17.58,20.17,"[{'word': 'best', 'start': 0.136, 'end': 0.272}, {'word': 'bet', 'start': 0.375, 'end': 0.511}, {'word': 'is', 'start': 0.647, 'end': 0.75}, {'word': 'to', 'start': 0.784, 'end': 0.886}, {'word': 'stay', 'start': 1.09, 'end': 1.329}, {'word': 'away', 'start': 1.363, 'end': 1.704}]",0.0,2.5900000000000034,False,your best bet is to stay away motherfucker,your best bet is to stay away motherfucker,False,785d7f3cdb9d4cf4a66aa946f2c2865e,104.01500000000009,train,1
796ed54844e44c11b458eef3f33ac4a2-14.wav,"then i sliced his fuckin' cockles,",37.64,39.345,"[{'word': 'then', 'start': 0.0, 'end': 0.114}, {'word': 'i', 'start': 0.114, 'end': 0.341}, {'word': 'sliced', 'start': 0.341, 'end': 0.568}, {'word': 'his', 'start': 0.568, 'end': 0.796}, {'word': 'fuckin', 'start': 0.796, 'end': 1.25}, {'word': 'cockles', 'start': 1.25, 'end': 1.705}]",0.0,1.7049999999999983,False,then i sliced his fuckin' cockles,then i sliced his fucking cockles,True,796ed54844e44c11b458eef3f33ac4a2,152.16499999999994,train,1
796ed54844e44c11b458eef3f33ac4a2-16.wav,"'twas i who fucked the dragon,",41.504,43.095,"[{'word': 'i', 'start': 0.227, 'end': 0.454}, {'word': 'who', 'start': 0.454, 'end': 0.682}, {'word': 'fucked', 'start': 0.682, 'end': 0.909}, {'word': 'the', 'start': 0.909, 'end': 1.023}, {'word': 'dragon', 'start': 1.023, 'end': 1.591}]",0.0,1.591000000000001,False,'twas i who fucked the dragon,'twas i who fucked the dragon,False,796ed54844e44c11b458eef3f33ac4a2,152.16499999999994,train,1
796ed54844e44c11b458eef3f33ac4a2-17.wav,fuckalize sing fuckaloo!,43.095,44.686,"[{'word': 'sing', 'start': 0.682, 'end': 0.909}, {'word': 'fuckaloo', 'start': 0.909, 'end': 1.591}]",0.0,1.591000000000001,False,fuckalize sing fuckaloo,fuckalize sing fuck a loo,True,796ed54844e44c11b458eef3f33ac4a2,152.16499999999994,train,1
796ed54844e44c11b458eef3f33ac4a2-18.wav,"and if you try to fuck with me,",45.14,46.958,"[{'word': 'and', 'start': 0.0, 'end': 0.227}, {'word': 'if', 'start': 0.227, 'end': 0.455}, {'word': 'you', 'start': 0.455, 'end': 0.682}, {'word': 'try', 'start': 0.682, 'end': 0.909}, {'word': 'to', 'start': 0.909, 'end': 1.137}, {'word': 'fuck', 'start': 1.137, 'end': 1.364}, {'word': 'with', 'start': 1.364, 'end': 1.591}]",0.0,1.8179999999999976,False,and if you try to fuck with me,and if you try to fuck with me,False,796ed54844e44c11b458eef3f33ac4a2,152.16499999999994,train,1
796ed54844e44c11b458eef3f33ac4a2-19.wav,then i shall fuck you too!,46.958,50.254,"[{'word': 'then', 'start': 0.0, 'end': 0.228}, {'word': 'i', 'start': 0.228, 'end': 0.682}, {'word': 'shall', 'start': 0.682, 'end': 1.137}, {'word': 'fuck', 'start': 1.25, 'end': 1.705}, {'word': 'you', 'start': 1.705, 'end': 2.159}, {'word': 'too', 'start': 2.273, 'end': 3.296}]",0.0,3.296,False,then i shall fuck you too,then i shall fuck you too,False,796ed54844e44c11b458eef3f33ac4a2,152.16499999999994,train,1
796ed54844e44c11b458eef3f33ac4a2-51.wav,"but man, he can suck a cock.",140.14,142.413,"[{'word': 'but', 'start': 0.0, 'end': 0.227}, {'word': 'man', 'start': 0.227, 'end': 0.455}, {'word': 'he', 'start': 0.568, 'end': 0.909}, {'word': 'can', 'start': 0.909, 'end': 1.137}, {'word': 'suck', 'start': 1.137, 'end': 1.591}, {'word': 'a', 'start': 1.591, 'end': 1.705}, {'word': 'cock', 'start': 1.705, 'end': 2.273}]",0.0,2.273000000000025,False,but man he can suck a cock,but man he can suck a cock,False,796ed54844e44c11b458eef3f33ac4a2,152.16499999999994,train,1
796ed54844e44c11b458eef3f33ac4a2-72.wav,so he went from fuckin' kickapoo,213.777,215.822,"[{'word': 'he', 'start': 0.227, 'end': 0.454}, {'word': 'went', 'start': 0.454, 'end': 0.681}, {'word': 'from', 'start': 0.681, 'end': 0.909}, {'word': 'fuckin', 'start': 0.909, 'end': 1.363}, {'word': 'kickapoo', 'start': 1.363, 'end': 2.045}]",0.0,2.045000000000016,False,so he went from fuckin' kickapoo,so he went from fucking kick a poo,True,796ed54844e44c11b458eef3f33ac4a2,152.16499999999994,train,1
796ed54844e44c11b458eef3f33ac4a2-9.wav,fuckin' rockin' all the time.,24.458,26.277,"[{'word': 'fuckin', 'start': 0.0, 'end': 0.455}, {'word': 'rockin', 'start': 0.455, 'end': 0.796}, {'word': 'all', 'start': 0.909, 'end': 1.023}, {'word': 'the', 'start': 1.023, 'end': 1.137}, {'word': 'time', 'start': 1.137, 'end': 1.819}]",0.0,1.8190000000000024,False,fuckin' rockin' all the time,fucking rocking all the time,True,796ed54844e44c11b458eef3f33ac4a2,152.16499999999994,train,1
79ca259538d243b29b9c11c5edb902b4-7.wav,i don't wanna hear you bitch no more.,20.283,22.541,"[{'word': 'dont', 'start': 0.161, 'end': 0.322}, {'word': 'wanna', 'start': 0.322, 'end': 0.645}, {'word': 'hear', 'start': 0.645, 'end': 1.129}, {'word': 'you', 'start': 1.129, 'end': 1.29}, {'word': 'bitch', 'start': 1.29, 'end': 1.774}, {'word': 'no', 'start': 1.774, 'end': 1.935}, {'word': 'more', 'start': 1.935, 'end': 2.258}]",0.0,2.257999999999999,False,i don't wanna hear you bitch no more,i don't wanna hear you bitch no more,False,79ca259538d243b29b9c11c5edb902b4,86.29100000000001,train,1
79ff278285d141c189381ee8ad8c5ad2-27.wav,ashita mo kanaderu kara,272.48,276.709,"[{'word': 'mo', 'start': 0.577, 'end': 0.961}, {'word': 'kanaderu', 'start': 0.961, 'end': 2.307}]",0.0,4.228999999999985,False,ashita mo kanaderu kara,a shit a mo kanaderu kara,True,79ff278285d141c189381ee8ad8c5ad2,225.5180000000001,train,1
79ff278285d141c189381ee8ad8c5ad2-4.wav,mune ni dakishimete ashita mo ikiru darou,57.153,62.92,"[{'word': 'ni', 'start': 0.384, 'end': 0.577}, {'word': 'dakishimete', 'start': 0.577, 'end': 2.691}, {'word': 'ashita', 'start': 3.076, 'end': 3.653}, {'word': 'mo', 'start': 3.653, 'end': 4.037}, {'word': 'ikiru', 'start': 4.037, 'end': 4.998}]",0.0,5.767000000000003,False,mune ni dakishimete ashita mo ikiru darou,mune ni dak is hi mete a shit a mo ikiru darou,True,79ff278285d141c189381ee8ad8c5ad2,225.5180000000001,train,1
7a79a5aa99eb4bbf88becadd567d4464-36.wav,you'll wallow in your shit,171.164,174.211,"[{'word': 'youll', 'start': 0.0, 'end': 0.469}, {'word': 'wallow', 'start': 0.469, 'end': 1.406}, {'word': 'in', 'start': 1.406, 'end': 2.109}, {'word': 'your', 'start': 2.109, 'end': 2.344}, {'word': 'shit', 'start': 2.344, 'end': 3.047}]",0.0,3.047000000000025,False,you'll wallow in your shit,you'll wallow in your shit,False,7a79a5aa99eb4bbf88becadd567d4464,109.69700000000029,train,1
7b13d6f1e3ea470f90dd4feb21b04cb7-21.wav,and i don't bitch and whine,60.924,63.084,"[{'word': 'and', 'start': 0.0, 'end': 0.135}, {'word': 'i', 'start': 0.27, 'end': 0.54}, {'word': 'dont', 'start': 0.54, 'end': 0.81}, {'word': 'bitch', 'start': 1.08, 'end': 1.35}, {'word': 'and', 'start': 1.62, 'end': 1.89}]",0.0,2.160000000000004,False,and i don't bitch and whine,and i don't bitch and whine,False,7b13d6f1e3ea470f90dd4feb21b04cb7,162.55599999999998,train,1
7b13d6f1e3ea470f90dd4feb21b04cb7-56.wav,"when his shit don't fall in my hands, man",154.624,157.729,"[{'word': 'his', 'start': 0.27, 'end': 0.405}, {'word': 'shit', 'start': 0.54, 'end': 0.81}, {'word': 'dont', 'start': 1.08, 'end': 1.215}, {'word': 'fall', 'start': 1.62, 'end': 1.89}, {'word': 'in', 'start': 1.89, 'end': 2.16}, {'word': 'my', 'start': 2.16, 'end': 2.43}, {'word': 'hands', 'start': 2.43, 'end': 2.7}, {'word': 'man', 'start': 2.97, 'end': 3.105}]",0.0,3.105000000000018,False,when his shit don't fall in my hands man,when his shit don't fall in my hands man,False,7b13d6f1e3ea470f90dd4feb21b04cb7,162.55599999999998,train,1
7de0490290fc4915a6f8f02a9ce57507-2.wav,but you were fuckin' that girl next door,26.432,28.867,"[{'word': 'you', 'start': 0.079, 'end': 0.236}, {'word': 'were', 'start': 0.236, 'end': 0.393}, {'word': 'fuckin', 'start': 0.393, 'end': 0.707}, {'word': 'that', 'start': 0.707, 'end': 1.021}, {'word': 'girl', 'start': 1.021, 'end': 1.335}, {'word': 'next', 'start': 1.335, 'end': 1.571}]",0.0,2.4350000000000023,False,but you were fuckin' that girl next door,but you were fucking that girl next door,True,7de0490290fc4915a6f8f02a9ce57507,130.94899999999996,train,1
7ff8ec0fdf064d04bcdfaca81a09c33a-24.wav,'cause ain't life a bitch sometimes?,38.201,40.321,"[{'word': 'aint', 'start': 0.163, 'end': 0.285}, {'word': 'life', 'start': 0.489, 'end': 0.611}, {'word': 'a', 'start': 0.652, 'end': 0.774}, {'word': 'bitch', 'start': 0.815, 'end': 0.937}, {'word': 'sometimes', 'start': 1.141, 'end': 2.12}]",0.0,2.119999999999997,False,'cause ain't life a bitch sometimes,'cause ain't life a bitch sometimes,False,7ff8ec0fdf064d04bcdfaca81a09c33a,124.19899999999993,train,1
7ff8ec0fdf064d04bcdfaca81a09c33a-50.wav,ain't life a bitch sometimes?,93.147,95.755,"[{'word': 'life', 'start': 0.326, 'end': 0.448}, {'word': 'a', 'start': 0.489, 'end': 0.611}, {'word': 'bitch', 'start': 0.652, 'end': 0.774}]",0.0,2.60799999999999,False,ain't life a bitch sometimes,ain't life a bitch sometimes,False,7ff8ec0fdf064d04bcdfaca81a09c33a,124.19899999999993,train,1
80484c0e439f479095396e3059af1510-3.wav,all they do is piss and moan,18.602,20.226,"[{'word': 'they', 'start': 0.07, 'end': 0.141}, {'word': 'do', 'start': 0.141, 'end': 0.423}, {'word': 'is', 'start': 0.494, 'end': 0.565}, {'word': 'piss', 'start': 0.635, 'end': 0.847}, {'word': 'and', 'start': 1.059, 'end': 1.2}, {'word': 'moan', 'start': 1.271, 'end': 1.624}]",0.0,1.6239999999999988,False,all they do is piss and moan,all they do is piss and moan,False,80484c0e439f479095396e3059af1510,124.01500000000011,train,1
80af748650274d1db2dc81cd2887d992-11.wav,now why does this shit keep happening to me?,49.296,52.452,"[{'word': 'now', 'start': 0.0, 'end': 0.182}, {'word': 'why', 'start': 0.304, 'end': 0.486}, {'word': 'does', 'start': 0.546, 'end': 0.668}, {'word': 'this', 'start': 0.728, 'end': 0.85}, {'word': 'shit', 'start': 0.85, 'end': 0.971}, {'word': 'keep', 'start': 1.092, 'end': 1.275}, {'word': 'happening', 'start': 1.335, 'end': 1.821}, {'word': 'to', 'start': 1.881, 'end': 1.942}, {'word': 'me', 'start': 2.124, 'end': 3.156}]",0.0,3.155999999999999,False,now why does this shit keep happening to me,now why does this shit keep happening to me,False,80af748650274d1db2dc81cd2887d992,117.90500000000002,train,1
80af748650274d1db2dc81cd2887d992-29.wav,now why does this shit keep happening to me?,100.692,103.847,"[{'word': 'why', 'start': 0.303, 'end': 0.485}, {'word': 'does', 'start': 0.546, 'end': 0.667}, {'word': 'this', 'start': 0.728, 'end': 0.789}, {'word': 'shit', 'start': 0.849, 'end': 0.971}, {'word': 'keep', 'start': 1.092, 'end': 1.335}, {'word': 'happening', 'start': 1.396, 'end': 2.002}, {'word': 'to', 'start': 2.063, 'end': 2.124}]",0.0,3.155000000000001,False,now why does this shit keep happening to me,now why does this shit keep happening to me,False,80af748650274d1db2dc81cd2887d992,117.90500000000002,train,1
82d76a245f2543a88aa89735d26e3f80-2.wav,gonna burn this goddamn,16.029,17.244,"[{'word': 'gonna', 'start': 0.0, 'end': 0.256}, {'word': 'burn', 'start': 0.256, 'end': 0.512}, {'word': 'this', 'start': 0.512, 'end': 0.768}]",0.0,1.215,False,gonna burn this goddamn,gonna burn this goddamn,False,82d76a245f2543a88aa89735d26e3f80,127.30199999999998,train,1
82d76a245f2543a88aa89735d26e3f80-20.wav,gonna burn this goddamn,67.052,68.267,"[{'word': 'gonna', 'start': 0.0, 'end': 0.256}, {'word': 'burn', 'start': 0.256, 'end': 0.512}, {'word': 'this', 'start': 0.512, 'end': 0.768}]",0.0,1.2149999999999892,False,gonna burn this goddamn,gonna burn this goddamn,False,82d76a245f2543a88aa89735d26e3f80,127.30199999999998,train,1
82d76a245f2543a88aa89735d26e3f80-45.wav,gonna burn this goddamn,134.508,135.659,"[{'word': 'burn', 'start': 0.255, 'end': 0.511}, {'word': 'this', 'start': 0.511, 'end': 0.767}, {'word': 'goddamn', 'start': 0.767, 'end': 1.151}]",0.0,1.150999999999982,False,gonna burn this goddamn,gonna burn this goddamn,False,82d76a245f2543a88aa89735d26e3f80,127.30199999999998,train,1
82d76a245f2543a88aa89735d26e3f80-56.wav,gonna burn this goddamn,185.659,186.809,"[{'word': 'burn', 'start': 0.255, 'end': 0.511}, {'word': 'this', 'start': 0.511, 'end': 0.767}]",0.0,1.1500000000000057,False,gonna burn this goddamn,gonna burn this goddamn,False,82d76a245f2543a88aa89735d26e3f80,127.30199999999998,train,1
82d76a245f2543a88aa89735d26e3f80-63.wav,gonna burn this goddamn,201.963,203.178,"[{'word': 'burn', 'start': 0.256, 'end': 0.511}, {'word': 'this', 'start': 0.511, 'end': 0.767}, {'word': 'goddamn', 'start': 0.767, 'end': 1.215}]",0.0,1.2150000000000034,False,gonna burn this goddamn,gonna burn this goddamn,False,82d76a245f2543a88aa89735d26e3f80,127.30199999999998,train,1
853e4bc739c64c42af355ad238d72e16-7.wav,no fit to fucking tread the ground there i'm walking on,27.789,30.947,"[{'word': 'fit', 'start': 0.197, 'end': 0.395}, {'word': 'to', 'start': 0.395, 'end': 0.592}, {'word': 'fucking', 'start': 0.592, 'end': 0.987}, {'word': 'tread', 'start': 0.987, 'end': 1.184}, {'word': 'the', 'start': 1.184, 'end': 1.381}, {'word': 'ground', 'start': 1.381, 'end': 1.776}, {'word': 'there', 'start': 1.776, 'end': 1.974}, {'word': 'im', 'start': 1.974, 'end': 2.171}, {'word': 'walking', 'start': 2.171, 'end': 2.566}, {'word': 'on', 'start': 2.566, 'end': 3.158}]",0.0,3.1579999999999977,False,no fit to fucking tread the ground there i'm walking on,no fit to fucking tread the ground there i'm walking on,False,853e4bc739c64c42af355ad238d72e16,128.19000000000003,train,1
853ee468a73447aaa9f32bea3c49a8de-19.wav,"call me sexist, bitch it's still true.",47.495,51.966,"[{'word': 'call', 'start': 0.0, 'end': 0.581}, {'word': 'me', 'start': 0.671, 'end': 1.163}, {'word': 'sexist', 'start': 1.297, 'end': 2.593}, {'word': 'bitch', 'start': 2.727, 'end': 3.085}, {'word': 'its', 'start': 3.174, 'end': 3.353}, {'word': 'still', 'start': 3.398, 'end': 3.934}, {'word': 'true', 'start': 4.024, 'end': 4.471}]",0.0,4.471000000000004,False,call me sexist bitch it's still true,call me sexist bitch it's still true,False,853ee468a73447aaa9f32bea3c49a8de,79.17100000000002,train,1
853ee468a73447aaa9f32bea3c49a8de-20.wav,"""just kidding about the bitch part.""",52.011,53.039,"[{'word': 'kidding', 'start': 0.178, 'end': 0.357}, {'word': 'about', 'start': 0.402, 'end': 0.491}, {'word': 'the', 'start': 0.536, 'end': 0.581}, {'word': 'bitch', 'start': 0.625, 'end': 0.804}, {'word': 'part', 'start': 0.849, 'end': 1.028}]",0.0,1.0279999999999987,False,just kidding about the bitch part,just kidding about the bitch part,False,853ee468a73447aaa9f32bea3c49a8de,79.17100000000002,train,1
853ee468a73447aaa9f32bea3c49a8de-32.wav,when you piss of your chick.,79.326,81.248,"[{'word': 'you', 'start': 0.223, 'end': 0.447}, {'word': 'piss', 'start': 0.581, 'end': 0.849}, {'word': 'of', 'start': 0.983, 'end': 1.251}, {'word': 'your', 'start': 1.341, 'end': 1.52}, {'word': 'chick', 'start': 1.609, 'end': 1.922}]",0.0,1.922000000000012,False,when you piss of your chick,when you piss of your chick,False,853ee468a73447aaa9f32bea3c49a8de,79.17100000000002,train,1
853ee468a73447aaa9f32bea3c49a8de-35.wav,she'll forget that you're a dick.,84.869,87.015,"[{'word': 'shell', 'start': 0.0, 'end': 0.134}, {'word': 'forget', 'start': 0.224, 'end': 0.626}, {'word': 'that', 'start': 0.76, 'end': 1.028}, {'word': 'youre', 'start': 1.118, 'end': 1.386}, {'word': 'a', 'start': 1.52, 'end': 1.699}, {'word': 'dick', 'start': 1.833, 'end': 2.146}]",0.0,2.146000000000001,False,she'll forget that you're a dick,she'll forget that you're a dick,False,853ee468a73447aaa9f32bea3c49a8de,79.17100000000002,train,1
853ee468a73447aaa9f32bea3c49a8de-9.wav,grandma says this shit is like crack,24.606,29.121,"[{'word': 'grandma', 'start': 0.0, 'end': 1.162}, {'word': 'says', 'start': 1.297, 'end': 1.922}, {'word': 'this', 'start': 2.101, 'end': 2.548}, {'word': 'shit', 'start': 2.682, 'end': 3.085}, {'word': 'is', 'start': 3.174, 'end': 3.353}, {'word': 'like', 'start': 3.487, 'end': 3.979}]",0.0,4.514999999999997,False,grandma says this shit is like crack,grandma says this shit is like crack,False,853ee468a73447aaa9f32bea3c49a8de,79.17100000000002,train,1
857676094d814db2b368a49759a3fe5b-19.wav,"call me sexist, bitch it's still true.",41.446,45.952,"[{'word': 'me', 'start': 0.676, 'end': 1.172}, {'word': 'sexist', 'start': 1.307, 'end': 2.614}, {'word': 'bitch', 'start': 2.749, 'end': 3.109}, {'word': 'its', 'start': 3.2, 'end': 3.38}, {'word': 'still', 'start': 3.425, 'end': 3.966}]",0.0,4.506,False,call me sexist bitch it's still true,call me sexist bitch it's still true,False,857676094d814db2b368a49759a3fe5b,77.19600000000001,train,1
857676094d814db2b368a49759a3fe5b-20.wav,"""just kidding about the bitch part.""",45.998,47.034,"[{'word': 'kidding', 'start': 0.18, 'end': 0.36}, {'word': 'about', 'start': 0.405, 'end': 0.495}, {'word': 'the', 'start': 0.54, 'end': 0.585}, {'word': 'bitch', 'start': 0.63, 'end': 0.811}]",0.0,1.0360000000000014,False,just kidding about the bitch part,just kidding about the bitch part,False,857676094d814db2b368a49759a3fe5b,77.19600000000001,train,1
857676094d814db2b368a49759a3fe5b-32.wav,when you piss of your chick.,73.533,75.471,"[{'word': 'you', 'start': 0.225, 'end': 0.45}, {'word': 'piss', 'start': 0.586, 'end': 0.856}, {'word': 'of', 'start': 0.991, 'end': 1.262}, {'word': 'your', 'start': 1.352, 'end': 1.532}, {'word': 'chick', 'start': 1.622, 'end': 1.938}]",0.0,1.9380000000000024,False,when you piss of your chick,when you piss of your chick,False,857676094d814db2b368a49759a3fe5b,77.19600000000001,train,1
857676094d814db2b368a49759a3fe5b-35.wav,she'll forget that you're a dick.,79.121,81.284,"[{'word': 'forget', 'start': 0.225, 'end': 0.631}, {'word': 'that', 'start': 0.766, 'end': 1.037}, {'word': 'youre', 'start': 1.127, 'end': 1.397}, {'word': 'a', 'start': 1.532, 'end': 1.712}]",0.0,2.163000000000011,False,she'll forget that you're a dick,she'll forget that you're a dick,False,857676094d814db2b368a49759a3fe5b,77.19600000000001,train,1
857676094d814db2b368a49759a3fe5b-9.wav,grandma says this shit is like crack,18.372,22.924,"[{'word': 'grandma', 'start': 0.0, 'end': 1.172}, {'word': 'says', 'start': 1.307, 'end': 1.938}, {'word': 'this', 'start': 2.118, 'end': 2.569}, {'word': 'shit', 'start': 2.704, 'end': 3.11}, {'word': 'is', 'start': 3.2, 'end': 3.38}, {'word': 'like', 'start': 3.515, 'end': 4.011}, {'word': 'crack', 'start': 4.146, 'end': 4.552}]",0.0,4.552,False,grandma says this shit is like crack,grandma says this shit is like crack,False,857676094d814db2b368a49759a3fe5b,77.19600000000001,train,1
857c22a84e2d445aac065cca8bfc0e15-45.wav,political shit,268.269,271.461,"[{'word': 'political', 'start': 0.0, 'end': 1.596}]",0.0,3.192000000000008,False,political shit,political shit,False,857c22a84e2d445aac065cca8bfc0e15,160.14600000000007,train,1
87bec08590aa446a84e1db74f8ab5be3-23.wav,we don't owe anyone a fucking explanation,75.159,77.488,"[{'word': 'dont', 'start': 0.155, 'end': 0.311}, {'word': 'owe', 'start': 0.311, 'end': 0.466}, {'word': 'anyone', 'start': 0.466, 'end': 1.087}, {'word': 'a', 'start': 0.932, 'end': 1.087}, {'word': 'fucking', 'start': 1.087, 'end': 1.398}]",0.0,2.328999999999993,False,we don't owe anyone a fucking explanation,we don't owe anyone a fucking explanation,False,87bec08590aa446a84e1db74f8ab5be3,84.095,train,1
87e62c69c69245759d3636471e0dc403-10.wav,and i'm sick of your bitchin',62.359,64.077,"[{'word': 'and', 'start': 0.0, 'end': 0.123}, {'word': 'im', 'start': 0.123, 'end': 0.246}, {'word': 'sick', 'start': 0.246, 'end': 0.491}, {'word': 'of', 'start': 0.491, 'end': 0.614}, {'word': 'your', 'start': 0.614, 'end': 1.105}]",0.0,1.7179999999999964,False,and i'm sick of your bitchin',and i'm sick of your bitching,True,87e62c69c69245759d3636471e0dc403,125.77500000000006,train,1
87e62c69c69245759d3636471e0dc403-38.wav,their attitudes may taste like shit,124.817,126.78,"[{'word': 'attitudes', 'start': 0.245, 'end': 0.981}, {'word': 'may', 'start': 0.981, 'end': 1.227}, {'word': 'taste', 'start': 1.227, 'end': 1.472}, {'word': 'like', 'start': 1.472, 'end': 1.717}, {'word': 'shit', 'start': 1.717, 'end': 1.963}]",0.0,1.963000000000008,False,their attitudes may taste like shit,their attitudes may taste like shit,False,87e62c69c69245759d3636471e0dc403,125.77500000000006,train,1
884d4ff6f15c43c5af71414b08792c2e-16.wav,what's surprise you fucked it again now,61.255,64.343,"[{'word': 'surprise', 'start': 0.343, 'end': 0.98}, {'word': 'you', 'start': 0.98, 'end': 1.323}, {'word': 'fucked', 'start': 1.323, 'end': 1.715}, {'word': 'it', 'start': 1.715, 'end': 2.107}, {'word': 'again', 'start': 2.107, 'end': 2.549}, {'word': 'now', 'start': 2.549, 'end': 3.088}]",0.0,3.088000000000001,False,what's surprise you fucked it again now,what's surprise you fucked it again now,False,884d4ff6f15c43c5af71414b08792c2e,79.45899999999995,train,1
884d4ff6f15c43c5af71414b08792c2e-5.wav,what's surprise you fucked it again now,25.103,28.191,"[{'word': 'surprise', 'start': 0.441, 'end': 1.127}, {'word': 'you', 'start': 1.127, 'end': 1.568}, {'word': 'fucked', 'start': 1.568, 'end': 1.764}, {'word': 'it', 'start': 1.764, 'end': 2.157}, {'word': 'again', 'start': 2.157, 'end': 2.5}, {'word': 'now', 'start': 2.5, 'end': 3.088}]",0.0,3.0879999999999974,False,what's surprise you fucked it again now,what's surprise you fucked it again now,False,884d4ff6f15c43c5af71414b08792c2e,79.45899999999995,train,1
88ac8d580bc5414b8c89c46a1c26f2b5-29.wav,i'm just fucked up,169.565,170.994,"[{'word': 'im', 'start': 0.0, 'end': 0.195}, {'word': 'just', 'start': 0.195, 'end': 0.585}, {'word': 'fucked', 'start': 0.649, 'end': 1.039}, {'word': 'up', 'start': 1.039, 'end': 1.429}]",0.0,1.429000000000002,False,i'm just fucked up,i'm just fucked up,False,88ac8d580bc5414b8c89c46a1c26f2b5,142.40799999999984,train,1
8b1e690fdc804712bdea8c06e329fd65-4.wav,so when the shit came down,20.511,22.576,"[{'word': 'so', 'start': 0.0, 'end': 0.258}, {'word': 'when', 'start': 0.258, 'end': 0.516}, {'word': 'the', 'start': 0.516, 'end': 0.774}, {'word': 'shit', 'start': 0.774, 'end': 1.032}, {'word': 'came', 'start': 1.291, 'end': 1.549}, {'word': 'down', 'start': 1.807, 'end': 2.065}]",0.0,2.0650000000000013,False,so when the shit came down,so when the shit came down,False,8b1e690fdc804712bdea8c06e329fd65,151.50900000000004,train,1
8c317e5fea9d42c0878fa1358e592cf1-103.wav,end a niggas life,237.49,238.499,"[{'word': 'a', 'start': 0.192, 'end': 0.336}, {'word': 'niggas', 'start': 0.384, 'end': 0.721}]",0.0,1.008999999999986,False,end a niggas life,end a niggas life,False,8c317e5fea9d42c0878fa1358e592cf1,126.76899999999998,train,1
91ec6644d122472db879d4db1c6085b2-17.wav,i went to a whore,74.157,76.312,"[{'word': 'went', 'start': 0.517, 'end': 0.948}, {'word': 'to', 'start': 1.12, 'end': 1.379}, {'word': 'a', 'start': 1.379, 'end': 1.551}, {'word': 'whore', 'start': 1.724, 'end': 2.155}]",0.0,2.155000000000001,False,i went to a whore,i went to a whore,False,91ec6644d122472db879d4db1c6085b2,81.80799999999995,train,1
927db79aea544e10b097f5cb2f7bd871-35.wav,for such a simple little whore,89.081,91.337,"[{'word': 'for', 'start': 0.0, 'end': 0.206}, {'word': 'such', 'start': 0.206, 'end': 0.411}, {'word': 'a', 'start': 0.411, 'end': 0.616}, {'word': 'simple', 'start': 0.616, 'end': 1.026}, {'word': 'little', 'start': 1.231, 'end': 1.641}]",0.0,2.256,False,for such a simple little whore,for such a simple little whore,False,927db79aea544e10b097f5cb2f7bd871,145.49500000000003,train,1
92d5a46c5b814ea8956fc7b1923fbdd0-59.wav,and that's what fucked with your sanity,142.965,144.677,"[{'word': 'and', 'start': 0.0, 'end': 0.101}, {'word': 'thats', 'start': 0.202, 'end': 0.302}, {'word': 'what', 'start': 0.403, 'end': 0.504}, {'word': 'fucked', 'start': 0.604, 'end': 0.705}, {'word': 'with', 'start': 0.806, 'end': 0.906}, {'word': 'your', 'start': 1.007, 'end': 1.108}, {'word': 'sanity', 'start': 1.208, 'end': 1.712}]",0.0,1.711999999999989,False,and that's what fucked with your sanity,and that's what fucked with your sanity,False,92d5a46c5b814ea8956fc7b1923fbdd0,155.90299999999996,train,1
92d5a46c5b814ea8956fc7b1923fbdd0-6.wav,"it's a motherfuckin' riot, we've been dying to start",35.236,38.156,"[{'word': 'its', 'start': 0.0, 'end': 0.101}, {'word': 'a', 'start': 0.202, 'end': 0.302}, {'word': 'motherfuckin', 'start': 0.403, 'end': 1.108}, {'word': 'riot', 'start': 1.208, 'end': 1.51}, {'word': 'weve', 'start': 1.611, 'end': 1.712}, {'word': 'been', 'start': 1.813, 'end': 1.913}, {'word': 'dying', 'start': 2.014, 'end': 2.316}, {'word': 'to', 'start': 2.417, 'end': 2.517}]",0.0,2.9200000000000017,False,it's a motherfuckin' riot we've been dying to start,it's a motherfucking riot we've been dying to start,True,92d5a46c5b814ea8956fc7b1923fbdd0,155.90299999999996,train,1
93a40c84762b4834896d300906f3a5e0-31.wav,loving like a whore,145.051,147.287,"[{'word': 'like', 'start': 0.745, 'end': 1.118}, {'word': 'a', 'start': 1.118, 'end': 1.304}, {'word': 'whore', 'start': 1.304, 'end': 2.236}]",0.0,2.2360000000000184,False,loving like a whore,loving like a whore,False,93a40c84762b4834896d300906f3a5e0,88.139,train,1
952e4a0c6ca84cff9afd72e767692b53-43.wav,you're talking shit again,218.265,220.015,"[{'word': 'youre', 'start': 0.0, 'end': 0.25}, {'word': 'talking', 'start': 0.375, 'end': 0.75}, {'word': 'shit', 'start': 0.875, 'end': 1.125}]",0.0,1.75,False,you're talking shit again,you're talking shit again,False,952e4a0c6ca84cff9afd72e767692b53,145.625,train,1
96a2e3b16da740fc9b169181f19d95b2-19.wav,love you more than those bitches before,59.502,62.802,"[{'word': 'you', 'start': 0.5, 'end': 0.9}, {'word': 'more', 'start': 1.0, 'end': 1.45}, {'word': 'than', 'start': 1.7, 'end': 2.0}, {'word': 'those', 'start': 2.05, 'end': 2.25}, {'word': 'bitches', 'start': 2.3, 'end': 2.7}, {'word': 'before', 'start': 2.75, 'end': 3.3}]",0.0,3.299999999999997,False,love you more than those bitches before,love you more than those bitches before,False,96a2e3b16da740fc9b169181f19d95b2,158.1499999999999,train,1
96a2e3b16da740fc9b169181f19d95b2-40.wav,love you more than those bitches before,124.602,127.902,"[{'word': 'you', 'start': 0.5, 'end': 0.9}, {'word': 'more', 'start': 1.0, 'end': 1.45}, {'word': 'than', 'start': 1.7, 'end': 2.0}, {'word': 'those', 'start': 2.05, 'end': 2.25}, {'word': 'bitches', 'start': 2.3, 'end': 2.7}, {'word': 'before', 'start': 2.75, 'end': 3.3}]",0.0,3.299999999999997,False,love you more than those bitches before,love you more than those bitches before,False,96a2e3b16da740fc9b169181f19d95b2,158.1499999999999,train,1
96a2e3b16da740fc9b169181f19d95b2-51.wav,well shit at least you tried,152.702,154.652,"[{'word': 'shit', 'start': 0.3, 'end': 0.6}, {'word': 'at', 'start': 0.65, 'end': 0.8}, {'word': 'least', 'start': 0.85, 'end': 1.15}, {'word': 'you', 'start': 1.2, 'end': 1.35}, {'word': 'tried', 'start': 1.4, 'end': 1.95}]",0.0,1.9499999999999889,False,well shit at least you tried,well shit at least you tried,False,96a2e3b16da740fc9b169181f19d95b2,158.1499999999999,train,1
96a2e3b16da740fc9b169181f19d95b2-65.wav,love you more than those bitches before,193.752,197.052,"[{'word': 'you', 'start': 0.5, 'end': 0.9}, {'word': 'more', 'start': 1.0, 'end': 1.45}, {'word': 'than', 'start': 1.7, 'end': 2.0}, {'word': 'those', 'start': 2.05, 'end': 2.25}, {'word': 'bitches', 'start': 2.3, 'end': 2.7}, {'word': 'before', 'start': 2.75, 'end': 3.3}]",0.0,3.299999999999983,False,love you more than those bitches before,love you more than those bitches before,False,96a2e3b16da740fc9b169181f19d95b2,158.1499999999999,train,1
97355df27185433c88214869783fd775-11.wav,head full a' shit that's makin' me hot!,32.619,34.687,"[{'word': 'head', 'start': 0.0, 'end': 0.202}, {'word': 'full', 'start': 0.252, 'end': 0.303}, {'word': 'a', 'start': 0.353, 'end': 0.454}, {'word': 'shit', 'start': 0.505, 'end': 0.656}, {'word': 'thats', 'start': 0.706, 'end': 0.908}, {'word': 'makin', 'start': 0.958, 'end': 1.16}, {'word': 'me', 'start': 1.21, 'end': 1.311}, {'word': 'hot', 'start': 1.362, 'end': 2.068}]",0.0,2.067999999999998,False,head full a' shit that's makin' me hot,head full a' shit that's making me hot,True,97355df27185433c88214869783fd775,89.34100000000004,train,1
97355df27185433c88214869783fd775-19.wav,scene kids got that shit,46.233,47.947,"[{'word': 'kids', 'start': 0.353, 'end': 0.756}, {'word': 'got', 'start': 0.807, 'end': 1.008}, {'word': 'that', 'start': 1.059, 'end': 1.21}]",0.0,1.7140000000000055,False,scene kids got that shit,scene kids got that shit,False,97355df27185433c88214869783fd775,89.34100000000004,train,1
97355df27185433c88214869783fd775-31.wav,scene kids got the shit,69.124,70.989,"[{'word': 'kids', 'start': 0.453, 'end': 0.958}, {'word': 'got', 'start': 1.008, 'end': 1.21}, {'word': 'the', 'start': 1.26, 'end': 1.311}]",0.0,1.865000000000009,False,scene kids got the shit,scene kids got the shit,False,97355df27185433c88214869783fd775,89.34100000000004,train,1
97355df27185433c88214869783fd775-34.wav,scene kids got the shit,76.737,78.603,"[{'word': 'scene', 'start': 0.0, 'end': 0.454}, {'word': 'kids', 'start': 0.504, 'end': 1.008}, {'word': 'got', 'start': 1.059, 'end': 1.21}, {'word': 'the', 'start': 1.261, 'end': 1.311}, {'word': 'shit', 'start': 1.361, 'end': 1.866}]",0.0,1.866,False,scene kids got the shit,scene kids got the shit,False,97355df27185433c88214869783fd775,89.34100000000004,train,1
97355df27185433c88214869783fd775-47.wav,scene kids talk that shit;,107.594,109.409,"[{'word': 'scene', 'start': 0.0, 'end': 0.303}, {'word': 'kids', 'start': 0.353, 'end': 0.756}, {'word': 'talk', 'start': 0.807, 'end': 1.109}, {'word': 'that', 'start': 1.16, 'end': 1.261}]",0.0,1.815000000000012,False,scene kids talk that shit,scene kids talk that shit,False,97355df27185433c88214869783fd775,89.34100000000004,train,1
97355df27185433c88214869783fd775-50.wav,stupid ass slut shut the fuck up,111.628,112.939,"[{'word': 'ass', 'start': 0.302, 'end': 0.403}, {'word': 'slut', 'start': 0.454, 'end': 0.605}, {'word': 'shut', 'start': 0.655, 'end': 0.857}, {'word': 'the', 'start': 0.907, 'end': 0.958}, {'word': 'fuck', 'start': 1.008, 'end': 1.159}, {'word': 'up', 'start': 1.21, 'end': 1.311}]",0.0,1.3109999999999928,False,stupid ass slut shut the fuck up,stupid ass slut shut the fuck up,False,97355df27185433c88214869783fd775,89.34100000000004,train,1
97355df27185433c88214869783fd775-59.wav,scene kids got the shit,130.535,132.401,"[{'word': 'scene', 'start': 0.0, 'end': 0.404}, {'word': 'kids', 'start': 0.454, 'end': 0.908}, {'word': 'got', 'start': 0.958, 'end': 1.16}, {'word': 'the', 'start': 1.21, 'end': 1.261}, {'word': 'shit', 'start': 1.311, 'end': 1.866}]",0.0,1.8660000000000136,False,scene kids got the shit,scene kids got the shit,False,97355df27185433c88214869783fd775,89.34100000000004,train,1
976fc8ef7986494893cc129fca456bdf-4.wav,it'slooking fucking narrow,8.938,10.33,"[{'word': 'fucking', 'start': 0.464, 'end': 0.773}, {'word': 'narrow', 'start': 0.773, 'end': 1.392}]",0.0,1.3919999999999997,False,it'slooking fucking narrow,it's looking fucking narrow,True,976fc8ef7986494893cc129fca456bdf,61.31700000000001,train,1
98651be6374743a3a453a8936067831d-28.wav,and other cunt liketendancies,133.697,135.658,"[{'word': 'and', 'start': 0.0, 'end': 0.187}, {'word': 'other', 'start': 0.187, 'end': 0.561}, {'word': 'cunt', 'start': 0.561, 'end': 0.748}]",0.0,1.9609999999999843,False,and other cunt liketendancies,and other cunt liketendancies,False,98651be6374743a3a453a8936067831d,100.75299999999996,train,1
9a9b4bbcacba4405b8f005e669fa2206-15.wav,untill it's fucking gone,65.701,66.869,"[{'word': 'untill', 'start': 0.0, 'end': 0.195}, {'word': 'its', 'start': 0.195, 'end': 0.389}, {'word': 'fucking', 'start': 0.389, 'end': 0.779}, {'word': 'gone', 'start': 0.779, 'end': 1.168}]",0.0,1.1680000000000064,False,untill it's fucking gone,untill it's fucking gone,False,9a9b4bbcacba4405b8f005e669fa2206,105.551,train,1
9bc308b5ccba4a049c9d711781c82b24-30.wav,and i fucked it all away.,161.587,163.989,"[{'word': 'and', 'start': 0.0, 'end': 0.117}, {'word': 'i', 'start': 0.176, 'end': 0.293}, {'word': 'fucked', 'start': 0.41, 'end': 0.703}, {'word': 'it', 'start': 0.938, 'end': 1.113}, {'word': 'all', 'start': 1.231, 'end': 1.582}]",0.0,2.4020000000000152,False,and i fucked it all away,and i fucked it all away,False,9bc308b5ccba4a049c9d711781c82b24,110.74499999999996,train,1
9bc308b5ccba4a049c9d711781c82b24-38.wav,and i fucked it all away.,183.97,186.431,"[{'word': 'i', 'start': 0.176, 'end': 0.293}, {'word': 'fucked', 'start': 0.469, 'end': 0.762}, {'word': 'it', 'start': 0.82, 'end': 1.055}, {'word': 'all', 'start': 1.113, 'end': 1.641}, {'word': 'away', 'start': 1.699, 'end': 2.461}]",0.0,2.4610000000000127,False,and i fucked it all away,and i fucked it all away,False,9bc308b5ccba4a049c9d711781c82b24,110.74499999999996,train,1
9bc308b5ccba4a049c9d711781c82b24-46.wav,and i can fuck it all away.,240.337,242.681,"[{'word': 'and', 'start': 0.0, 'end': 0.059}, {'word': 'i', 'start': 0.117, 'end': 0.176}, {'word': 'can', 'start': 0.234, 'end': 0.41}, {'word': 'fuck', 'start': 0.645, 'end': 0.879}, {'word': 'it', 'start': 0.996, 'end': 1.113}, {'word': 'all', 'start': 1.172, 'end': 1.582}, {'word': 'away', 'start': 1.641, 'end': 2.344}]",0.0,2.3440000000000225,False,and i can fuck it all away,and i can fuck it all away,False,9bc308b5ccba4a049c9d711781c82b24,110.74499999999996,train,1
9f1df9c221bf41a1ae1268cc288501d6-2.wav,we're gonna fuck like it's our first time,33.546,36.233,"[{'word': 'gonna', 'start': 0.299, 'end': 0.717}, {'word': 'fuck', 'start': 0.776, 'end': 0.955}, {'word': 'like', 'start': 1.015, 'end': 1.134}, {'word': 'its', 'start': 1.254, 'end': 1.433}, {'word': 'our', 'start': 1.493, 'end': 1.672}, {'word': 'first', 'start': 1.732, 'end': 2.09}]",0.0,2.6869999999999976,False,we're gonna fuck like it's our first time,we're gonna fuck like it's our first time,False,9f1df9c221bf41a1ae1268cc288501d6,162.35999999999993,train,1
9f1df9c221bf41a1ae1268cc288501d6-26.wav,we're gonna fuck like it's our,79.286,80.839,"[{'word': 'were', 'start': 0.0, 'end': 0.18}, {'word': 'gonna', 'start': 0.239, 'end': 0.717}, {'word': 'fuck', 'start': 0.717, 'end': 0.896}, {'word': 'like', 'start': 1.016, 'end': 1.195}, {'word': 'its', 'start': 1.254, 'end': 1.434}, {'word': 'our', 'start': 1.434, 'end': 1.553}]",0.0,1.5529999999999973,False,we're gonna fuck like it's our,we're gonna fuck like it's our,False,9f1df9c221bf41a1ae1268cc288501d6,162.35999999999993,train,1
9f1df9c221bf41a1ae1268cc288501d6-35.wav,we're gonna fuck like it's,94.513,95.946,"[{'word': 'were', 'start': 0.0, 'end': 0.179}, {'word': 'gonna', 'start': 0.239, 'end': 0.717}, {'word': 'fuck', 'start': 0.777, 'end': 0.956}, {'word': 'like', 'start': 1.015, 'end': 1.195}]",0.0,1.4329999999999927,False,we're gonna fuck like it's,we're gonna fuck like it's,False,9f1df9c221bf41a1ae1268cc288501d6,162.35999999999993,train,1
9f1df9c221bf41a1ae1268cc288501d6-61.wav,we're gonna fuck like it's our first time,140.254,142.881,"[{'word': 'gonna', 'start': 0.239, 'end': 0.657}, {'word': 'fuck', 'start': 0.776, 'end': 0.955}, {'word': 'like', 'start': 1.015, 'end': 1.194}, {'word': 'its', 'start': 1.254, 'end': 1.433}, {'word': 'our', 'start': 1.493, 'end': 1.612}, {'word': 'first', 'start': 1.731, 'end': 2.09}]",0.0,2.627000000000009,False,we're gonna fuck like it's our first time,we're gonna fuck like it's our first time,False,9f1df9c221bf41a1ae1268cc288501d6,162.35999999999993,train,1
9f1df9c221bf41a1ae1268cc288501d6-69.wav,we're gonna fuck like it's our first time,155.421,158.108,"[{'word': 'gonna', 'start': 0.299, 'end': 0.657}, {'word': 'fuck', 'start': 0.776, 'end': 0.955}, {'word': 'like', 'start': 1.075, 'end': 1.254}, {'word': 'its', 'start': 1.314, 'end': 1.493}, {'word': 'our', 'start': 1.552, 'end': 1.732}, {'word': 'first', 'start': 1.791, 'end': 2.15}]",0.0,2.687000000000012,False,we're gonna fuck like it's our first time,we're gonna fuck like it's our first time,False,9f1df9c221bf41a1ae1268cc288501d6,162.35999999999993,train,1
9f1df9c221bf41a1ae1268cc288501d6-90.wav,fuck like it's our first time,194.414,196.265,"[{'word': 'like', 'start': 0.179, 'end': 0.358}, {'word': 'its', 'start': 0.418, 'end': 0.537}, {'word': 'our', 'start': 0.657, 'end': 0.836}, {'word': 'first', 'start': 0.895, 'end': 1.254}, {'word': 'time', 'start': 1.313, 'end': 1.851}]",0.0,1.850999999999999,False,fuck like it's our first time,fuck like it's our first time,False,9f1df9c221bf41a1ae1268cc288501d6,162.35999999999993,train,1
9f1df9c221bf41a1ae1268cc288501d6-98.wav,we're gonna fuck like it's our first time,208.805,211.432,"[{'word': 'gonna', 'start': 0.239, 'end': 0.716}, {'word': 'fuck', 'start': 0.776, 'end': 0.955}, {'word': 'like', 'start': 1.015, 'end': 1.194}, {'word': 'its', 'start': 1.254, 'end': 1.373}, {'word': 'our', 'start': 1.493, 'end': 1.612}, {'word': 'first', 'start': 1.731, 'end': 2.09}]",0.0,2.626999999999981,False,we're gonna fuck like it's our first time,we're gonna fuck like it's our first time,False,9f1df9c221bf41a1ae1268cc288501d6,162.35999999999993,train,1
9f30753249624c59935d9daf4b5cd678-1.wav,in a cocktail bar,22.579,24.613,"[{'word': 'in', 'start': 0.0, 'end': 0.128}, {'word': 'a', 'start': 0.191, 'end': 0.318}, {'word': 'cocktail', 'start': 0.445, 'end': 1.081}]",0.0,2.033999999999999,False,in a cocktail bar,in a cocktail bar,False,9f30753249624c59935d9daf4b5cd678,123.11399999999992,train,1
9f30753249624c59935d9daf4b5cd678-27.wav,in a cocktail bar,95.927,97.77,"[{'word': 'a', 'start': 0.254, 'end': 0.445}, {'word': 'cocktail', 'start': 0.508, 'end': 1.208}]",0.0,1.842999999999989,False,in a cocktail bar,in a cocktail bar,False,9f30753249624c59935d9daf4b5cd678,123.11399999999992,train,1
a1bac7590ac5469a9cfb9f973edea0dc-19.wav,fucking high and,107.669,109.39,"[{'word': 'fucking', 'start': 0.0, 'end': 0.53}, {'word': 'high', 'start': 0.794, 'end': 1.5}, {'word': 'and', 'start': 1.544, 'end': 1.721}]",0.0,1.7210000000000036,False,fucking high and,fucking high and,False,a1bac7590ac5469a9cfb9f973edea0dc,85.764,train,1
a1c2773d54d14d8ea7467a7fdd67dcc1-18.wav,so we bitched about his fans,89.339,91.841,"[{'word': 'so', 'start': 0.0, 'end': 0.278}, {'word': 'we', 'start': 0.371, 'end': 0.649}, {'word': 'bitched', 'start': 0.741, 'end': 1.019}, {'word': 'about', 'start': 1.112, 'end': 1.76}, {'word': 'his', 'start': 1.853, 'end': 1.946}, {'word': 'fans', 'start': 2.038, 'end': 2.502}]",0.0,2.501999999999996,False,so we bitched about his fans,so we bitched about his fans,False,a1c2773d54d14d8ea7467a7fdd67dcc1,90.05699999999999,train,1
a26f136d050d4c8f8257c89526b7a2e5-50.wav,they got a goddamned swedish parade,148.026,150.932,"[{'word': 'they', 'start': 0.0, 'end': 0.141}, {'word': 'got', 'start': 0.188, 'end': 0.328}, {'word': 'a', 'start': 0.375, 'end': 0.469}, {'word': 'goddamned', 'start': 0.563, 'end': 1.313}, {'word': 'swedish', 'start': 1.5, 'end': 1.781}]",0.0,2.905999999999977,False,they got a goddamned swedish parade,they got a goddamned swedish parade,False,a26f136d050d4c8f8257c89526b7a2e5,106.86500000000008,train,1
a2d9b7a6db9a4ba7bad3f7e1aa6c5e5a-67.wav,but the shit that i've done,215.527,217.375,"[{'word': 'the', 'start': 0.355, 'end': 0.568}, {'word': 'shit', 'start': 0.639, 'end': 0.853}, {'word': 'that', 'start': 0.995, 'end': 1.208}, {'word': 'ive', 'start': 1.35, 'end': 1.563}, {'word': 'done', 'start': 1.705, 'end': 1.848}]",0.0,1.8480000000000127,False,but the shit that i've done,but the shit that i've done,False,a2d9b7a6db9a4ba7bad3f7e1aa6c5e5a,159.4330000000002,train,1
a2d9b7a6db9a4ba7bad3f7e1aa6c5e5a-68.wav,with this fuck of a gun,217.517,219.365,"[{'word': 'this', 'start': 0.284, 'end': 0.497}, {'word': 'fuck', 'start': 0.711, 'end': 0.924}, {'word': 'of', 'start': 0.995, 'end': 1.208}, {'word': 'a', 'start': 1.35, 'end': 1.635}, {'word': 'gun', 'start': 1.706, 'end': 1.848}]",0.0,1.8480000000000127,False,with this fuck of a gun,with this fuck of a gun,False,a2d9b7a6db9a4ba7bad3f7e1aa6c5e5a,159.4330000000002,train,1
a3ebba8ec4084dc9aaa3a1e528765e9a-12.wav,fuuuck the demon code prevents me,67.858,72.598,"[{'word': 'fuuuck', 'start': 0.0, 'end': 1.412}, {'word': 'the', 'start': 1.916, 'end': 2.017}, {'word': 'demon', 'start': 2.067, 'end': 2.874}, {'word': 'code', 'start': 2.975, 'end': 3.328}, {'word': 'prevents', 'start': 3.429, 'end': 4.135}, {'word': 'me', 'start': 4.185, 'end': 4.74}]",0.0,4.739999999999995,False,fuuuck the demon code prevents me,fuck the demon code prevents me,True,a3ebba8ec4084dc9aaa3a1e528765e9a,182.98099999999985,train,1
a3ebba8ec4084dc9aaa3a1e528765e9a-2.wav,yes you are fucked,27.724,28.934,"[{'word': 'you', 'start': 0.302, 'end': 0.454}, {'word': 'are', 'start': 0.605, 'end': 0.756}, {'word': 'fucked', 'start': 0.806, 'end': 1.21}]",0.0,1.2100000000000009,False,yes you are fucked,yes you are fucked,False,a3ebba8ec4084dc9aaa3a1e528765e9a,182.98099999999985,train,1
a3ebba8ec4084dc9aaa3a1e528765e9a-24.wav,to be your little bitch,118.581,121.354,"[{'word': 'be', 'start': 0.151, 'end': 0.706}, {'word': 'your', 'start': 0.807, 'end': 1.412}, {'word': 'little', 'start': 1.513, 'end': 2.571}]",0.0,2.772999999999996,False,to be your little bitch,to be your little bitch,False,a3ebba8ec4084dc9aaa3a1e528765e9a,182.98099999999985,train,1
a3ebba8ec4084dc9aaa3a1e528765e9a-3.wav,shit out of luck!,29.589,30.9,"[{'word': 'shit', 'start': 0.0, 'end': 0.202}, {'word': 'out', 'start': 0.303, 'end': 0.454}, {'word': 'of', 'start': 0.605, 'end': 0.757}]",0.0,1.311,False,shit out of luck,shit out of luck,False,a3ebba8ec4084dc9aaa3a1e528765e9a,182.98099999999985,train,1
a3ebba8ec4084dc9aaa3a1e528765e9a-31.wav,it's fuckin tasty!,142.833,145.152,"[{'word': 'its', 'start': 0.0, 'end': 0.403}, {'word': 'fuckin', 'start': 0.504, 'end': 1.311}]",0.0,2.3189999999999884,False,it's fuckin tasty,it's fucking tasty,True,a3ebba8ec4084dc9aaa3a1e528765e9a,182.98099999999985,train,1
a3ebba8ec4084dc9aaa3a1e528765e9a-4.wav,now i'm complete and my cock you will suck!,31.404,34.53,"[{'word': 'now', 'start': 0.0, 'end': 0.253}, {'word': 'im', 'start': 0.253, 'end': 0.555}, {'word': 'complete', 'start': 0.656, 'end': 1.211}, {'word': 'and', 'start': 1.261, 'end': 1.463}, {'word': 'my', 'start': 1.513, 'end': 1.816}, {'word': 'cock', 'start': 1.916, 'end': 2.068}, {'word': 'you', 'start': 2.118, 'end': 2.421}, {'word': 'will', 'start': 2.471, 'end': 2.723}]",0.0,3.126000000000001,False,now i'm complete and my cock you will suck,now i'm complete and my cock you will suck,False,a3ebba8ec4084dc9aaa3a1e528765e9a,182.98099999999985,train,1
a3ebba8ec4084dc9aaa3a1e528765e9a-49.wav,we've been through so much shit,204.446,206.463,"[{'word': 'weve', 'start': 0.0, 'end': 0.253}, {'word': 'been', 'start': 0.353, 'end': 0.656}, {'word': 'through', 'start': 0.807, 'end': 1.009}, {'word': 'so', 'start': 1.059, 'end': 1.261}, {'word': 'much', 'start': 1.362, 'end': 1.614}]",0.0,2.016999999999996,False,we've been through so much shit,we've been through so much shit,False,a3ebba8ec4084dc9aaa3a1e528765e9a,182.98099999999985,train,1
a3ebba8ec4084dc9aaa3a1e528765e9a-50.wav,deactivated lasers with my dick,207.068,209.64,"[{'word': 'deactivated', 'start': 0.0, 'end': 1.009}, {'word': 'lasers', 'start': 1.009, 'end': 1.614}, {'word': 'with', 'start': 1.664, 'end': 1.866}, {'word': 'my', 'start': 1.916, 'end': 2.118}, {'word': 'dick', 'start': 2.219, 'end': 2.572}]",0.0,2.5719999999999743,False,deactivated lasers with my dick,deactivated lasers with my dick,False,a3ebba8ec4084dc9aaa3a1e528765e9a,182.98099999999985,train,1
a3ebba8ec4084dc9aaa3a1e528765e9a-51.wav,now it's time to blow this fucker down,210.094,213.925,"[{'word': 'its', 'start': 0.352, 'end': 0.605}, {'word': 'time', 'start': 0.705, 'end': 0.957}, {'word': 'to', 'start': 1.008, 'end': 1.21}, {'word': 'blow', 'start': 1.26, 'end': 1.512}, {'word': 'this', 'start': 1.613, 'end': 1.966}, {'word': 'fucker', 'start': 2.067, 'end': 2.521}]",0.0,3.831000000000017,False,now it's time to blow this fucker down,now it's time to blow this fucker down,False,a3ebba8ec4084dc9aaa3a1e528765e9a,182.98099999999985,train,1
a3ebba8ec4084dc9aaa3a1e528765e9a-56.wav,now we've got to blow this fucker down,227.841,231.068,"[{'word': 'now', 'start': 0.0, 'end': 0.303}, {'word': 'weve', 'start': 0.404, 'end': 0.605}, {'word': 'got', 'start': 0.858, 'end': 1.11}, {'word': 'to', 'start': 1.21, 'end': 1.513}, {'word': 'blow', 'start': 1.614, 'end': 1.866}, {'word': 'this', 'start': 2.017, 'end': 2.269}, {'word': 'fucker', 'start': 2.32, 'end': 2.824}]",0.0,3.227000000000004,False,now we've got to blow this fucker down,now we've got to blow this fucker down,False,a3ebba8ec4084dc9aaa3a1e528765e9a,182.98099999999985,train,1
a3ebba8ec4084dc9aaa3a1e528765e9a-8.wav,waaait waaait waaait you motherfucker,42.547,49.253,"[{'word': 'waaait', 'start': 0.0, 'end': 1.311}, {'word': 'waaait', 'start': 1.614, 'end': 3.026}, {'word': 'waaait', 'start': 3.631, 'end': 4.538}, {'word': 'you', 'start': 4.689, 'end': 4.841}]",0.0,6.706000000000003,False,waaait waaait waaait you motherfucker,wait wait wait you motherfucker,True,a3ebba8ec4084dc9aaa3a1e528765e9a,182.98099999999985,train,1
a3ebba8ec4084dc9aaa3a1e528765e9a-85.wav,you guys are fuckin lame come on kage your comin with me,274.43,277.707,"[{'word': 'guys', 'start': 0.201, 'end': 0.302}, {'word': 'are', 'start': 0.353, 'end': 0.453}, {'word': 'fuckin', 'start': 0.554, 'end': 0.806}, {'word': 'lame', 'start': 0.907, 'end': 1.361}, {'word': 'come', 'start': 1.865, 'end': 1.916}, {'word': 'on', 'start': 1.916, 'end': 2.067}, {'word': 'kage', 'start': 2.168, 'end': 2.369}, {'word': 'your', 'start': 2.42, 'end': 2.571}, {'word': 'comin', 'start': 2.672, 'end': 2.874}, {'word': 'with', 'start': 2.924, 'end': 3.025}, {'word': 'me', 'start': 3.075, 'end': 3.277}]",0.0,3.276999999999987,False,you guys are fuckin lame come on kage your comin with me,you guys are fucking lame come on kage your coming with me,True,a3ebba8ec4084dc9aaa3a1e528765e9a,182.98099999999985,train,1
a3ebba8ec4084dc9aaa3a1e528765e9a-86.wav,taste my lightning fucker!,277.757,281.388,"[{'word': 'taste', 'start': 0.0, 'end': 0.706}, {'word': 'my', 'start': 1.916, 'end': 2.168}, {'word': 'lightning', 'start': 2.269, 'end': 2.824}, {'word': 'fucker', 'start': 2.925, 'end': 3.631}]",0.0,3.630999999999972,False,taste my lightning fucker,taste my lightning fucker,False,a3ebba8ec4084dc9aaa3a1e528765e9a,182.98099999999985,train,1
a3ebba8ec4084dc9aaa3a1e528765e9a-88.wav,ow fuck!,284.211,285.673,"[{'word': 'ow', 'start': 0.0, 'end': 0.504}]",0.0,1.461999999999989,False,ow fuck,ow fuck,False,a3ebba8ec4084dc9aaa3a1e528765e9a,182.98099999999985,train,1
a3ebba8ec4084dc9aaa3a1e528765e9a-94.wav,fuck you kage and fuck you jables,308.06,311.589,"[{'word': 'you', 'start': 0.202, 'end': 0.454}, {'word': 'kage', 'start': 0.555, 'end': 1.21}, {'word': 'and', 'start': 1.865, 'end': 2.017}, {'word': 'fuck', 'start': 2.067, 'end': 2.269}, {'word': 'you', 'start': 2.37, 'end': 2.672}]",0.0,3.5289999999999964,False,fuck you kage and fuck you jables,fuck you kage and fuck you jables,False,a3ebba8ec4084dc9aaa3a1e528765e9a,182.98099999999985,train,1
a5b6e3477bf84da19e54391459425eaa-19.wav,get drunk and fuck and fight,83.792,86.292,"[{'word': 'get', 'start': 0.0, 'end': 0.385}, {'word': 'drunk', 'start': 0.385, 'end': 0.769}, {'word': 'and', 'start': 0.769, 'end': 1.154}, {'word': 'fuck', 'start': 1.154, 'end': 1.538}, {'word': 'and', 'start': 1.538, 'end': 1.923}, {'word': 'fight', 'start': 1.923, 'end': 2.5}]",0.0,2.5,False,get drunk and fuck and fight,get drunk and fuck and fight,False,a5b6e3477bf84da19e54391459425eaa,156.778,train,1
a69f49e6154643ababaa9a65e84bfd8e-32.wav,but you made shit personal,75.369,77.019,"[{'word': 'you', 'start': 0.1, 'end': 0.15}, {'word': 'made', 'start': 0.2, 'end': 0.4}, {'word': 'shit', 'start': 0.5, 'end': 0.65}]",0.0,1.6500000000000057,False,but you made shit personal,but you made shit personal,False,a69f49e6154643ababaa9a65e84bfd8e,112.77500000000002,train,1
a69f49e6154643ababaa9a65e84bfd8e-34.wav,"man, fuck my bad habits",80.07,81.52,"[{'word': 'fuck', 'start': 0.3, 'end': 0.45}, {'word': 'my', 'start': 0.6, 'end': 0.75}, {'word': 'bad', 'start': 0.9, 'end': 1.0}, {'word': 'habits', 'start': 1.1, 'end': 1.45}]",0.0,1.4500000000000028,False,man fuck my bad habits,man fuck my bad habits,False,a69f49e6154643ababaa9a65e84bfd8e,112.77500000000002,train,1
a69f49e6154643ababaa9a65e84bfd8e-66.wav,fake bitches gon' get it,140.882,142.332,"[{'word': 'bitches', 'start': 0.3, 'end': 0.75}, {'word': 'gon', 'start': 0.9, 'end': 1.15}, {'word': 'get', 'start': 1.2, 'end': 1.35}]",0.0,1.4499999999999886,False,fake bitches gon' get it,fake bitches gon' get it,False,a69f49e6154643ababaa9a65e84bfd8e,112.77500000000002,train,1
a6cf0b123b3d4e5aa3f939cee5eef8bf-33.wav,you-know-you-gotta-nigga-feelin'-like-jodeci,117.053,118.786,"[{'word': 'youknowyougottaniggafeelinlikejodeci', 'start': 0.0, 'end': 1.733}]",0.0,1.733000000000004,False,you know you gotta nigga feelin' like jodeci,you know you gotta nigga feeling like jo dec i,True,a6cf0b123b3d4e5aa3f939cee5eef8bf,136.387,train,1
aa496558d2994750afd9efe39891e622-34.wav,when you fuck her-,111.198,112.627,"[{'word': 'when', 'start': 0.0, 'end': 0.286}, {'word': 'you', 'start': 0.286, 'end': 0.572}, {'word': 'fuck', 'start': 0.857, 'end': 1.143}, {'word': 'her', 'start': 1.143, 'end': 1.429}]",0.0,1.429000000000002,False,when you fuck her,when you fuck her,False,aa496558d2994750afd9efe39891e622,181.57500000000005,train,1
ad1fab0730144a4f99d34dccc567d837-65.wav,these fuckin' walls must be talkin,184.872,186.672,"[{'word': 'these', 'start': 0.0, 'end': 0.15}, {'word': 'fuckin', 'start': 0.15, 'end': 0.6}, {'word': 'walls', 'start': 0.65, 'end': 0.95}, {'word': 'must', 'start': 0.95, 'end': 1.2}, {'word': 'be', 'start': 1.2, 'end': 1.35}, {'word': 'talkin', 'start': 1.35, 'end': 1.8}]",0.0,1.799999999999983,False,these fuckin' walls must be talkin,these fucking walls must be talking,True,ad1fab0730144a4f99d34dccc567d837,180.5750000000001,train,1
adbd4a25173f4c05b65a6142727190a3-5.wav,she started to hate every nigger,25.534,27.314,"[{'word': 'she', 'start': 0.0, 'end': 0.114}, {'word': 'started', 'start': 0.227, 'end': 0.492}, {'word': 'to', 'start': 0.568, 'end': 0.682}, {'word': 'hate', 'start': 0.72, 'end': 1.023}, {'word': 'every', 'start': 1.061, 'end': 1.401}]",0.0,1.7800000000000011,False,she started to hate every nigger,she started to hate every nigger,False,adbd4a25173f4c05b65a6142727190a3,80.74199999999999,train,1
adbd4a25173f4c05b65a6142727190a3-7.wav,every mexican that gave her a lot of shit,29.321,31.48,"[{'word': 'every', 'start': 0.0, 'end': 0.227}, {'word': 'mexican', 'start': 0.303, 'end': 0.72}, {'word': 'that', 'start': 0.795, 'end': 0.833}, {'word': 'gave', 'start': 0.947, 'end': 1.06}, {'word': 'her', 'start': 1.098, 'end': 1.136}, {'word': 'a', 'start': 1.174, 'end': 1.212}, {'word': 'lot', 'start': 1.288, 'end': 1.439}, {'word': 'of', 'start': 1.477, 'end': 1.666}, {'word': 'shit', 'start': 1.894, 'end': 2.159}]",0.0,2.158999999999999,False,every mexican that gave her a lot of shit,every mexican that gave her a lot of shit,False,adbd4a25173f4c05b65a6142727190a3,80.74199999999999,train,1
b02cee4b606a416fb9c33c85b4b68469-19.wav,"call me sexist, bitch it's still true.",50.168,54.684,"[{'word': 'call', 'start': 0.0, 'end': 0.587}, {'word': 'me', 'start': 0.678, 'end': 1.174}, {'word': 'sexist', 'start': 1.31, 'end': 2.619}, {'word': 'bitch', 'start': 2.755, 'end': 3.116}, {'word': 'its', 'start': 3.207, 'end': 3.387}, {'word': 'still', 'start': 3.432, 'end': 3.974}]",0.0,4.515999999999998,False,call me sexist bitch it's still true,call me sexist bitch it's still true,False,b02cee4b606a416fb9c33c85b4b68469,78.619,train,1
b02cee4b606a416fb9c33c85b4b68469-20.wav,"""just kidding about the bitch part.""",54.729,55.768,"[{'word': 'just', 'start': 0.0, 'end': 0.136}, {'word': 'kidding', 'start': 0.181, 'end': 0.361}, {'word': 'about', 'start': 0.407, 'end': 0.497}, {'word': 'the', 'start': 0.542, 'end': 0.587}, {'word': 'bitch', 'start': 0.632, 'end': 0.813}, {'word': 'part', 'start': 0.858, 'end': 1.039}]",0.0,1.0390000000000017,False,just kidding about the bitch part,just kidding about the bitch part,False,b02cee4b606a416fb9c33c85b4b68469,78.619,train,1
b02cee4b606a416fb9c33c85b4b68469-32.wav,when you piss of your chick.,82.32,84.262,"[{'word': 'when', 'start': 0.0, 'end': 0.136}, {'word': 'you', 'start': 0.226, 'end': 0.452}, {'word': 'piss', 'start': 0.587, 'end': 0.858}, {'word': 'of', 'start': 0.994, 'end': 1.265}, {'word': 'your', 'start': 1.355, 'end': 1.535}, {'word': 'chick', 'start': 1.626, 'end': 1.942}]",0.0,1.9420000000000075,False,when you piss of your chick,when you piss of your chick,False,b02cee4b606a416fb9c33c85b4b68469,78.619,train,1
b02cee4b606a416fb9c33c85b4b68469-35.wav,she'll forget that you're a dick.,87.92,90.087,"[{'word': 'forget', 'start': 0.225, 'end': 0.632}, {'word': 'that', 'start': 0.767, 'end': 1.038}, {'word': 'youre', 'start': 1.129, 'end': 1.399}, {'word': 'a', 'start': 1.535, 'end': 1.716}]",0.0,2.1670000000000016,False,she'll forget that you're a dick,she'll forget that you're a dick,False,b02cee4b606a416fb9c33c85b4b68469,78.619,train,1
b02cee4b606a416fb9c33c85b4b68469-9.wav,grandma says this shit is like crack,27.048,31.609,"[{'word': 'grandma', 'start': 0.0, 'end': 1.174}, {'word': 'says', 'start': 1.31, 'end': 1.942}, {'word': 'this', 'start': 2.122, 'end': 2.574}, {'word': 'shit', 'start': 2.709, 'end': 3.116}, {'word': 'is', 'start': 3.206, 'end': 3.387}, {'word': 'like', 'start': 3.522, 'end': 4.019}, {'word': 'crack', 'start': 4.154, 'end': 4.561}]",0.0,4.561000000000004,False,grandma says this shit is like crack,grandma says this shit is like crack,False,b02cee4b606a416fb9c33c85b4b68469,78.619,train,1
